Unity Editor version:    6000.7.0a4 (7305b6f6fd4f)
Branch:                  trunk
Build type:              Release
Batch mode:              NO
macOS version:           Version 26.6.2 (Build 25G83)
Darwin version:          25.6.0
Architecture:            arm64
Running under Rosetta:   NO
Available memory:        24576 MB
Date:                    2026-09-12T19:59:54Z
VBCSCompilerPreWarmer: pre-warm launched (dotnet PID 60377)
VBCSCompiler prewarm took 36.35 ms
[Licensing::Module] Trying to connect to existing licensing client channel...
[Licensing::IpcConnector] Successfully connected to: "LicenseClient-isaac" at "2026-09-12T19:59:54.164487Z"

COMMAND LINE ARGUMENTS:
/Applications/Unity/Hub/Editor/6000.7.0a4/Unity.app/Contents/MacOS/Unity
-projectpath
/Users/isaac/UnityProjects/GameShowNight
-acceptSoftwareTermsForThisRunOnly
-useHub
-hubIPC
-cloudEnvironment
production
-licensingIpc
LicenseClient-isaac
-hubSessionId
2f6f1090-996a-46aa-9749-25a48c34f26c
-accessToken
sBlUmSXWAasyh3F0U-t_H203a2TVXa9W97W_4wFEP2o005f
Successfully changed project path to: /Users/isaac/UnityProjects/GameShowNight
/Users/isaac/UnityProjects/GameShowNight
[UnityMemory] Configuration Parameters - Can be set up in boot.config
    "memorysetup-temp-allocator-size-gi-baking-worker=262144"
    "memorysetup-temp-allocator-size-gi-baking-worker=262144"
    "memorysetup-temp-allocator-size-gi-baking-worker=262144"
    "memorysetup-temp-allocator-size-gi-baking-worker=262144"
    "memorysetup-temp-allocator-size-gi-baking-worker=262144"
    "memorysetup-temp-allocator-size-nav-mesh-worker=65536"
    "memorysetup-temp-allocator-size-audio-worker=65536"
    "memorysetup-temp-allocator-size-cloud-worker=32768"
    "memorysetup-entities-archetype-allocator-budget=16777216"
    "memorysetup-entities-query-allocator-budget=16777216"
    "memorysetup-temp-allocator-size-preload-manager=33554432"
    "memorysetup-temp-allocator-size-gfx=262144"
    "memorysetup-allocator-temp-initial-block-size-main=262144"
    "memorysetup-allocator-temp-initial-block-size-worker=262144"
    "memorysetup-temp-allocator-size-background-worker=32768"
    "memorysetup-temp-allocator-size-job-worker=262144"
    "memorysetup-bucket-allocator-granularity=16"
    "memorysetup-bucket-allocator-bucket-count=8"
    "memorysetup-bucket-allocator-block-size=33554432"
    "memorysetup-bucket-allocator-block-count=8"
    "memorysetup-main-allocator-block-size=16777216"
    "memorysetup-thread-allocator-block-size=16777216"
    "memorysetup-main-allocator-mimalloc-enabled=1"
    "memorysetup-gfx-main-allocator-block-size=16777216"
    "memorysetup-gfx-thread-allocator-block-size=16777216"
    "memorysetup-cache-allocator-block-size=4194304"
    "memorysetup-typetree-allocator-block-size=2097152"
    "memorysetup-profiler-bucket-allocator-granularity=16"
    "memorysetup-profiler-bucket-allocator-bucket-count=8"
    "memorysetup-profiler-bucket-allocator-block-size=33554432"
    "memorysetup-profiler-bucket-allocator-block-count=8"
    "memorysetup-profiler-allocator-block-size=16777216"
    "memorysetup-profiler-editor-allocator-block-size=1048576"
    "memorysetup-temp-allocator-size-main=16777216"
    "memorysetup-job-temp-allocator-block-size=2097152"
    "memorysetup-job-temp-allocator-block-size-background=1048576"
    "memorysetup-job-temp-allocator-reduction-small-platforms=262144"
Launching external process: /Applications/Unity/Hub/Editor/6000.7.0a4/Unity.app/Contents/Helpers/UnityLicensingClient.app/Contents/MacOS/Unity.Licensing.Client
Player connection [8510382464]  Target information:

Player connection [8510382464]  * "[IP] 192.168.1.152 [Port] 55504 [Flags] 2 [Guid] 502664923 [EditorId] 502664923 [Version] 1048832 [Id] OSXEditor(0,Isaacs-MBP) [Debug] 1 [PackageName] OSXEditor [ProjectName] Editor" 

Player connection [8510382464] Host joined multi-casting on [225.0.0.222:54997]...
Player connection [8510382464] Host joined alternative multi-casting on [225.0.0.222:34997]...
Input System module state changed to: Initialized.
[Physics::Module] Initialized fallback backend.
[Physics::Module] Id: 0xdecafbad
[Licensing::Client] Error: HandshakeResponse reported an error:
	ResponseCode: 505
	ResponseStatus: Unsupported protocol version '1.19.0-rc.1'.
[Licensing::Module] Error: Failed to handshake to channel: "LicenseClient-isaac"
[Licensing::IpcConnector] LicenseClient-isaac channel disconnected successfully.
[Licensing::IpcConnector] Channel LicenseClient-isaac-6000.7.0 doesn't exist
[Licensing::Module] Successfully launched the LicensingClient (PId: 60381)
[Package Manager] Connected to IPC stream "Upm-60376" after 0.1 seconds.
[Licensing::Module] Licensing is not yet initialized.
[Licensing::IpcConnector] Successfully connected to: "LicenseClient-isaac-6000.7.0" at "2026-09-12T19:59:54.53017Z"
Initialising UDS system complete:
  - System type: Client
  - Resource namespace: a4ba067286aa2b64235acc8470e6a680
  - Shared memory size: 1073741824
  - Command buffer id: 1052672
  - Command buffer size: 8192
  - Hashmap size: 4194304
  - Service connected: false
[Licensing::Client] Handshaking with LicensingClient:
  Version:                 1.19.0-rc.1+a1d64c6
  Session Id:              0fc86cb1e74b4412bf8a025853313ac1
  Correlation Id:          0035618646819482b2afb4ac0118f14c
  External correlation Id: 925926482149183277
  Machine Id:              n0ZB1j3Yn3w+LjWDGhORqNjzsyg=
[Licensing::Module] Successfully connected to LicensingClient on channel: "LicenseClient-isaac-6000.7.0" (connect: 0.11s, validation: 0.00s, handshake: 0.05s)
[Licensing::IpcConnector] Successfully connected to: "LicenseClient-isaac-6000.7.0-notifications" at "2026-09-12T19:59:54.581807Z"
[Licensing::Module] Connected to LicensingClient (PId: 60381, launch time: 0.00, total connection time: 0.16s)
[Licensing::Client] Successfully updated the access token
[Licensing::Module] Successfully updated the access token sBlUmSXWAa...
[Licensing::Client] Successfully resolved entitlement details
[Licensing::Module] License group:
  Id: 5774109399153-UnityPersXXXX
  Product: Unity Personal
  Type: Assigned
  Expiration: Unlimited
[Licensing::Client] Successfully updated license, isAsync: True, time: 0.00
[Licensing::Client] Successfully resolved entitlement details
[Licensing::Module] Licensing Background thread has ended after 0.42s
[Licensing::Module] Licensing is initialized (took 0.07s).
[Licensing::Client] Successfully resolved entitlement details
Library Redirect Path: Library/
Launching Unity Data Store - /Applications/Unity/Hub/Editor/6000.7.0a4/Unity.app/Contents/Helpers/Unity.DataStore 
Unity Data Store artifact dir = Library/DataStore, working dir = /Users/isaac/UnityProjects/GameShowNight[Physics::Module] Selected backend.
[Physics::Module] Name: PhysX
[Physics::Module] Id: 0xf2b8ea05
[Physics::Module] SDK Version: 4.1.2
[Physics::Module] Integration Version: 1.0.0
[Physics::Module] Threading Mode: Multi-Threaded
Unity Data Store running and initialised
Initialize engine version: 6000.7.0a4 (7305b6f6fd4f)
[EntityIdStore] init: VM path (explicit commit), pageSize=16384, blockCount=262144, entitiesPerBlock=1024, slots reserved=4294967296 bytes
[Subsystems] Discovering subsystems at path /Applications/Unity/Hub/Editor/6000.7.0a4/Unity.app/Contents/Resources/UnitySubsystems
[Subsystems] Discovering subsystems at path /Users/isaac/UnityProjects/GameShowNight/Assets
GfxDevice: creating device client; kGfxThreadingModeThreaded
 preferred device: Apple M5 (high power)
Metal devices available: 1
0: Apple M5 (high power)
Using device Apple M5 (high power)
Initializing Metal device caps: Apple M5
Mac GPU Family: 2
Apple GPU Family: 9
MSL Version: 3.0
Has Float MSAA: 1
Has Float Filtering: 1
ReadWrite Texture Tier: 2
Initialize mono
Mono path[0] = '/Applications/Unity/Hub/Editor/6000.7.0a4/Unity.app/Contents/Resources/Scripting/Managed'
Mono path[1] = '/Applications/Unity/Hub/Editor/6000.7.0a4/Unity.app/Contents/Resources/Scripting/BCLExtensions/runtime/netstandard2.1'
Mono path[2] = '/Applications/Unity/Hub/Editor/6000.7.0a4/Unity.app/Contents/Resources/Scripting/MonoBleedingEdge/lib/mono/unityjit-macos'
Mono config path = '/Applications/Unity/Hub/Editor/6000.7.0a4/Unity.app/Contents/Resources/Scripting/MonoBleedingEdge/etc'
Using monoOptions --debugger-agent=transport=dt_socket,embedding=1,server=y,suspend=n,address=127.0.0.1:56376
CodeReloadManager initialized
ImportWorker Server TCP listen port: 0
AcceleratorClientConnectionCallback - disconnected - :0
Begin MonoManager ReloadAssembly
Registering precompiled unity dll's ...
Register platform support module: /Applications/Unity/Hub/Editor/6000.7.0a4/PlaybackEngines/MacStandaloneSupport/UnityEditor.OSXStandalone.Extensions.dll
Registered in 0.000735 seconds.
[MODES] ModeService[none].Initialize
[MODES] ModeService[none].LoadModes
[MODES] Loading mode Default (0) for mode-current-id-GameShowNight
Package Manager log level set to [2]
Native extension for OSXStandalone target not found
ScheduleIndexationOnStartup MainProcess:False IndexOnStartup:True
Scripting: successfully reloaded assembly
- Finished resetting the current domain, in  1.319 seconds
Domain Reload Profiling: 1573ms
	BeginReloadAssembly (72ms)
		CreateAndSetChildDomain (19ms)
	RebuildNativeTypeToScriptingClass (8ms)
	initialDomainReloadingComplete (24ms)
	LoadAllAssembliesAndSetupDomain (147ms)
		LoadAssemblies (53ms)
		TypeCache.Refresh (98ms)
			TypeCache.ScanAssembly (91ms)
		AnalyzeDomain (0ms)
	FinalizeReload (1320ms)
		SetupLoadedEditorAssemblies (0ms)
			BeforeProcessingInitializeOnLoad (66ms)
			ProcessInitializeOnLoadAttributes (42ms)
			ProcessInitializeOnLoadMethodAttributes (165ms)
[Licensing::Client] Successfully resolved entitlement details
Application.AssetDatabase Initial Refresh Start
[Package Manager] Restoring resolved packages state from cache
[Licensing::Client] Successfully resolved entitlement details
[Package Manager] Registered 72 packages:
  Packages from [https://packages.unity.com]:
    com.unity.2d.animation@16.0.0 (location: /Users/isaac/UnityProjects/GameShowNight/Library/PackageCache/com.unity.2d.animation@147f6a6d9e7f)
    com.unity.2d.aseprite@6.0.0 (location: /Users/isaac/UnityProjects/GameShowNight/Library/PackageCache/com.unity.2d.aseprite@ab909e3e9b5f)
    com.unity.2d.psdimporter@15.0.0 (location: /Users/isaac/UnityProjects/GameShowNight/Library/PackageCache/com.unity.2d.psdimporter@3ef8178676f6)
    com.unity.2d.spriteshape@16.0.0 (location: /Users/isaac/UnityProjects/GameShowNight/Library/PackageCache/com.unity.2d.spriteshape@42798c9d35d3)
    com.unity.2d.tilemap.extras@9.0.0 (location: /Users/isaac/UnityProjects/GameShowNight/Library/PackageCache/com.unity.2d.tilemap.extras@598e8b65eaae)
    com.unity.2d.tooling@4.0.0 (location: /Users/isaac/UnityProjects/GameShowNight/Library/PackageCache/com.unity.2d.tooling@92c2769ac09c)
    com.unity.collab-proxy@2.12.4 (location: /Users/isaac/UnityProjects/GameShowNight/Library/PackageCache/com.unity.collab-proxy@0b1559bcd34e)
    com.unity.ide.rider@3.0.38 (location: /Users/isaac/UnityProjects/GameShowNight/Library/PackageCache/com.unity.ide.rider@1f60b3138684)
    com.unity.ide.visualstudio@2.0.26 (location: /Users/isaac/UnityProjects/GameShowNight/Library/PackageCache/com.unity.ide.visualstudio@a99d56dec63f)
    com.unity.inputsystem@1.19.0 (location: /Users/isaac/UnityProjects/GameShowNight/Library/PackageCache/com.unity.inputsystem@21a28c3a6c83)
    com.unity.learn.iet-framework@6.0.6 (location: /Users/isaac/UnityProjects/GameShowNight/Library/PackageCache/com.unity.learn.iet-framework@20adddfea631)
    com.unity.visualscripting@1.9.12 (location: /Users/isaac/UnityProjects/GameShowNight/Library/PackageCache/com.unity.visualscripting@4edfcc09512f)
    com.unity.settings-manager@2.1.1 (location: /Users/isaac/UnityProjects/GameShowNight/Library/PackageCache/com.unity.settings-manager@0b8638c5ce86)
    com.unity.2d.common@15.0.0 (location: /Users/isaac/UnityProjects/GameShowNight/Library/PackageCache/com.unity.2d.common@b779c433ed47)
    com.unity.searcher@4.9.4 (location: /Users/isaac/UnityProjects/GameShowNight/Library/PackageCache/com.unity.searcher@d45a78918735)
    com.unity.nuget.mono-cecil@1.11.6 (location: /Users/isaac/UnityProjects/GameShowNight/Library/PackageCache/com.unity.nuget.mono-cecil@ecb9724e46ff)
  Built-in packages:
    com.unity.2d.sprite@1.0.0 (location: /Users/isaac/UnityProjects/GameShowNight/Library/PackageCache/com.unity.2d.sprite@f8e9941087c3)
    com.unity.2d.tilemap@1.0.0 (location: /Users/isaac/UnityProjects/GameShowNight/Library/PackageCache/com.unity.2d.tilemap@b0815038a66e)
    com.unity.render-pipelines.universal@17.7.0 (location: /Users/isaac/UnityProjects/GameShowNight/Library/PackageCache/com.unity.render-pipelines.universal@8e101b78ae7d)
    com.unity.test-framework@1.8.0 (location: /Users/isaac/UnityProjects/GameShowNight/Library/PackageCache/com.unity.test-framework@971e6f7d04a7)
    com.unity.timeline@6.7.0 (location: /Users/isaac/UnityProjects/GameShowNight/Library/PackageCache/com.unity.timeline@b93d1c8a8901)
    com.unity.ugui@2.7.0 (location: /Users/isaac/UnityProjects/GameShowNight/Library/PackageCache/com.unity.ugui@7bdf7d4d8aaf)
    com.unity.modules.accessibility@1.0.0 (location: /Users/isaac/UnityProjects/GameShowNight/Library/PackageCache/com.unity.modules.accessibility)
    com.unity.modules.adaptiveperformance@1.0.0 (location: /Users/isaac/UnityProjects/GameShowNight/Library/PackageCache/com.unity.modules.adaptiveperformance)
    com.unity.modules.ai@1.0.0 (location: /Users/isaac/UnityProjects/GameShowNight/Library/PackageCache/com.unity.modules.ai)
    com.unity.modules.androidjni@1.0.0 (location: /Users/isaac/UnityProjects/GameShowNight/Library/PackageCache/com.unity.modules.androidjni)
    com.unity.modules.animation@1.0.0 (location: /Users/isaac/UnityProjects/GameShowNight/Library/PackageCache/com.unity.modules.animation)
    com.unity.modules.assetbundle@1.0.0 (location: /Users/isaac/UnityProjects/GameShowNight/Library/PackageCache/com.unity.modules.assetbundle)
    com.unity.modules.audio@1.0.0 (location: /Users/isaac/UnityProjects/GameShowNight/Library/PackageCache/com.unity.modules.audio)
    com.unity.modules.cloth@1.0.0 (location: /Users/isaac/UnityProjects/GameShowNight/Library/PackageCache/com.unity.modules.cloth)
    com.unity.modules.director@1.0.0 (location: /Users/isaac/UnityProjects/GameShowNight/Library/PackageCache/com.unity.modules.director)
    com.unity.modules.imageconversion@1.0.0 (location: /Users/isaac/UnityProjects/GameShowNight/Library/PackageCache/com.unity.modules.imageconversion)
    com.unity.modules.imgui@1.0.0 (location: /Users/isaac/UnityProjects/GameShowNight/Library/PackageCache/com.unity.modules.imgui)
    com.unity.modules.jsonserialize@1.0.0 (location: /Users/isaac/UnityProjects/GameShowNight/Library/PackageCache/com.unity.modules.jsonserialize)
    com.unity.modules.particlesystem@1.0.0 (location: /Users/isaac/UnityProjects/GameShowNight/Library/PackageCache/com.unity.modules.particlesystem)
    com.unity.modules.physics@1.0.0 (location: /Users/isaac/UnityProjects/GameShowNight/Library/PackageCache/com.unity.modules.physics)
    com.unity.modules.physics2d@1.0.0 (location: /Users/isaac/UnityProjects/GameShowNight/Library/PackageCache/com.unity.modules.physics2d)
    com.unity.modules.physicscore2d@1.0.0 (location: /Users/isaac/UnityProjects/GameShowNight/Library/PackageCache/com.unity.modules.physicscore2d)
    com.unity.modules.screencapture@1.0.0 (location: /Users/isaac/UnityProjects/GameShowNight/Library/PackageCache/com.unity.modules.screencapture)
    com.unity.modules.smartstrings@1.0.0 (location: /Users/isaac/UnityProjects/GameShowNight/Library/PackageCache/com.unity.modules.smartstrings)
    com.unity.modules.terrain@1.0.0 (location: /Users/isaac/UnityProjects/GameShowNight/Library/PackageCache/com.unity.modules.terrain)
    com.unity.modules.terrainphysics@1.0.0 (location: /Users/isaac/UnityProjects/GameShowNight/Library/PackageCache/com.unity.modules.terrainphysics)
    com.unity.modules.tetgen@1.0.0 (location: /Users/isaac/UnityProjects/GameShowNight/Library/PackageCache/com.unity.modules.tetgen)
    com.unity.modules.tilemap@1.0.0 (location: /Users/isaac/UnityProjects/GameShowNight/Library/PackageCache/com.unity.modules.tilemap)
    com.unity.modules.timelinefoundation@1.0.0 (location: /Users/isaac/UnityProjects/GameShowNight/Library/PackageCache/com.unity.modules.timelinefoundation)
    com.unity.modules.ui@1.0.0 (location: /Users/isaac/UnityProjects/GameShowNight/Library/PackageCache/com.unity.modules.ui)
    com.unity.modules.uielements@1.0.0 (location: /Users/isaac/UnityProjects/GameShowNight/Library/PackageCache/com.unity.modules.uielements)
    com.unity.modules.umbra@1.0.0 (location: /Users/isaac/UnityProjects/GameShowNight/Library/PackageCache/com.unity.modules.umbra)
    com.unity.modules.unityanalytics@1.0.0 (location: /Users/isaac/UnityProjects/GameShowNight/Library/PackageCache/com.unity.modules.unityanalytics)
    com.unity.modules.unitywebrequest@1.0.0 (location: /Users/isaac/UnityProjects/GameShowNight/Library/PackageCache/com.unity.modules.unitywebrequest)
    com.unity.modules.unitywebrequestassetbundle@1.0.0 (location: /Users/isaac/UnityProjects/GameShowNight/Library/PackageCache/com.unity.modules.unitywebrequestassetbundle)
    com.unity.modules.unitywebrequestaudio@1.0.0 (location: /Users/isaac/UnityProjects/GameShowNight/Library/PackageCache/com.unity.modules.unitywebrequestaudio)
    com.unity.modules.unitywebrequesttexture@1.0.0 (location: /Users/isaac/UnityProjects/GameShowNight/Library/PackageCache/com.unity.modules.unitywebrequesttexture)
    com.unity.modules.unitywebrequestwww@1.0.0 (location: /Users/isaac/UnityProjects/GameShowNight/Library/PackageCache/com.unity.modules.unitywebrequestwww)
    com.unity.modules.vectorgraphics@1.0.0 (location: /Users/isaac/UnityProjects/GameShowNight/Library/PackageCache/com.unity.modules.vectorgraphics)
    com.unity.modules.vehicles@1.0.0 (location: /Users/isaac/UnityProjects/GameShowNight/Library/PackageCache/com.unity.modules.vehicles)
    com.unity.modules.video@1.0.0 (location: /Users/isaac/UnityProjects/GameShowNight/Library/PackageCache/com.unity.modules.video)
    com.unity.modules.wind@1.0.0 (location: /Users/isaac/UnityProjects/GameShowNight/Library/PackageCache/com.unity.modules.wind)
    com.unity.modules.xr@1.0.0 (location: /Users/isaac/UnityProjects/GameShowNight/Library/PackageCache/com.unity.modules.xr)
    com.unity.modules.subsystems@1.0.0 (location: /Users/isaac/UnityProjects/GameShowNight/Library/PackageCache/com.unity.modules.subsystems)
    com.unity.modules.hierarchycore@1.0.0 (location: /Users/isaac/UnityProjects/GameShowNight/Library/PackageCache/com.unity.modules.hierarchycore)
    com.unity.ext.nunit@2.1.1 (location: /Users/isaac/UnityProjects/GameShowNight/Library/PackageCache/com.unity.ext.nunit@f6178be85c6e)
    com.unity.render-pipelines.core@17.7.0 (location: /Users/isaac/UnityProjects/GameShowNight/Library/PackageCache/com.unity.render-pipelines.core@4f216c697b2e)
    com.unity.shadergraph@17.7.0 (location: /Users/isaac/UnityProjects/GameShowNight/Library/PackageCache/com.unity.shadergraph@8adc492912c0)
    com.unity.render-pipelines.universal-config@17.7.0 (location: /Users/isaac/UnityProjects/GameShowNight/Library/PackageCache/com.unity.render-pipelines.universal-config@767fc04a69c2)
    com.unity.editorcoroutines@6.6.0 (location: /Users/isaac/UnityProjects/GameShowNight/Library/PackageCache/com.unity.editorcoroutines@8cd72baa102a)
    com.unity.mathematics@1.4.0 (location: /Users/isaac/UnityProjects/GameShowNight/Library/PackageCache/com.unity.mathematics@8306a64d0cd6)
    com.unity.collections@6.7.0 (location: /Users/isaac/UnityProjects/GameShowNight/Library/PackageCache/com.unity.collections@642e35c36221)
    com.unity.graph-authoring@1.0.0 (location: /Users/isaac/UnityProjects/GameShowNight/Library/PackageCache/com.unity.graph-authoring@cfd2588851ee)
    com.unity.burst@2.0.0 (location: /Users/isaac/UnityProjects/GameShowNight/Library/PackageCache/com.unity.burst@626e66ab421b)
    com.unity.profiling.core@1.0.3 (location: /Users/isaac/UnityProjects/GameShowNight/Library/PackageCache/com.unity.profiling.core@9f367c25a5d3)
    com.unity.test-framework.performance@6.6.0 (location: /Users/isaac/UnityProjects/GameShowNight/Library/PackageCache/com.unity.test-framework.performance@2779acc3f9c0)
[Subsystems] No new subsystems found in resolved package list.
[Package Manager] Done registering packages in 0.00 seconds
Starting: /Applications/Unity/Hub/Editor/6000.7.0a4/Unity.app/Contents/Resources/BuildPipeline/bee_backend --ipc --defer-dag-verification --dagfile="Library/Bee/200b0aE.dag" --continue-on-failure --profile="Library/Bee/backend1.traceevents" ScriptAssemblies
WorkingDir: /Users/isaac/UnityProjects/GameShowNight
warn: Unity.ILPP.Runner.PostProcessingAssemblyLoadContext[0]
      Assembly system.runtime.interopservices.windowsruntime has duplicate hint path. Ignoring "/Applications/Unity/Hub/Editor/6000.7.0a4/Unity.app/Contents/Resources/Scripting/UnityReferenceAssemblies/unity-4.8-api/Facades/System.Runtime.InteropServices.WindowsRuntime.dll" in favor of "/Applications/Unity/Hub/Editor/6000.7.0a4/Unity.app/Contents/Resources/Scripting/NetStandard/Extensions/2.0.0/System.Runtime.InteropServices.WindowsRuntime.dll"
warn: Unity.ILPP.Runner.PostProcessingAssemblyLoadContext[0]
      Assembly system.componentmodel.composition has duplicate hint path. Ignoring "/Applications/Unity/Hub/Editor/6000.7.0a4/Unity.app/Contents/Resources/Scripting/UnityReferenceAssemblies/unity-4.8-api/System.ComponentModel.Composition.dll" in favor of "/Applications/Unity/Hub/Editor/6000.7.0a4/Unity.app/Contents/Resources/Scripting/NetStandard/compat/2.1.0/shims/netfx/System.ComponentModel.Composition.dll"
ExitCode: 0 Duration: 1s157ms
[ 827/1105  0s] ILPP-Configuration Library/ilpp-configuration.nevergeneratedoutput
[1101/1105  1s] Csc Library/Bee/artifacts/200b0aE.dag/Assembly-CSharp.dll (+2 others)
*** Tundra build success (1.14 seconds), 2 items updated, 1105 evaluated
AssetDatabase: script compilation time: 1.510401s
Begin MonoManager ReloadAssembly
Total cache size 181821536
Total cache size after purge 181821536, took 00:00:00.1372665
ADB: OOP importers: 'AudioImporter' is OOP-eligible (per-importer)
ADB: OOP importers: 'FBXImporter' is OOP-eligible (per-importer)
ADB: OOP importers: 'Mesh3DSImporter' is OOP-eligible (per-importer)
ADB: OOP importers: 'TextureImporter' is OOP-eligible (per-importer)
ADB: OOP importers: 'VideoClipImporter' is OOP-eligible (per-importer)
ADB: OOP importers: queue -1003 composition: TextureImporter, TextureImporter, TextureImporter, TextureImporter, TextureImporter, TextureImporter, TextureImporter, TextureImporter, TextureImporter, TextureImporter, TextureImporter, TextureImporter, TextureImporter, TextureImporter, TextureImporter (only the named importers above run OOP; the rest stay in-process)
ADB: OOP importers: queue 100 composition: Mesh3DSImporter, FBXImporter, FBXImporter, FBXImporter, FBXImporter, FBXImporter, FBXImporter, FBXImporter, FBXImporter, FBXImporter, FBXImporter (only the named importers above run OOP; the rest stay in-process)
ADB: OOP importers: queue 1100 composition: AudioImporter, AudioImporter, AudioImporter, AudioImporter, AudioImporter, AudioImporter, AudioImporter, AudioImporter, AudioImporter, AudioImporter (only the named importers above run OOP; the rest stay in-process)
ADB: OOP importers: queue 1700 composition: VideoClipImporter, VideoClipImporter, VideoClipImporter, VideoClipImporter, VideoClipImporter, VideoClipImporter, VideoClipImporter, VideoClipImporter, VideoClipImporter, VideoClipImporter (only the named importers above run OOP; the rest stay in-process)
'Packages/com.unity.render-pipelines.core/Editor/Deprecated.cs' contains partial class of Unity.Object, exactly 1 of the partial classes needs to be in a file with the same filename. This is to know the one that can be referenced from ie. GameObjects
'Packages/com.unity.render-pipelines.core/Editor/Deprecated.cs' contains partial class of Unity.Object, exactly 1 of the partial classes needs to be in a file with the same filename. This is to know the one that can be referenced from ie. GameObjects
[MODES] ModeService[none].Initialize
[MODES] ModeService[none].LoadModes
Native extension for OSXStandalone target not found
ScheduleIndexationOnStartup MainProcess:True IndexOnStartup:True
Scripting: successfully reloaded assembly
- Finished resetting the current domain, in  1.042 seconds
Domain Reload Profiling: 1449ms
	BeginReloadAssembly (98ms)
		DisableScriptedObjects (9ms)
		CreateAndSetChildDomain (25ms)
	RebuildCommonClasses (4ms)
	RebuildNativeTypeToScriptingClass (7ms)
	initialDomainReloadingComplete (21ms)
	LoadAllAssembliesAndSetupDomain (277ms)
		LoadAssemblies (125ms)
		TypeCache.Refresh (83ms)
			TypeCache.ScanAssembly (76ms)
		AnalyzeDomain (34ms)
			BuildScriptInfoCaches (31ms)
			ResolveRequiredComponents (3ms)
	FinalizeReload (1042ms)
		SetupLoadedEditorAssemblies (0ms)
			BeforeProcessingInitializeOnLoad (51ms)
			ProcessInitializeOnLoadAttributes (141ms)
			ProcessInitializeOnLoadMethodAttributes (450ms)
		AwakeInstancesAfterBackupRestoration (7ms)
Starting new worker id: 0 with log in /Users/isaac/UnityProjects/GameShowNight/Logs/AssetImportWorkerHW0.log

Asset Pipeline Refresh (id=a804759c6b5f14cf5bfefd6716d82f64): Total: 3.528 seconds - Initiated by InitialRefreshV2(ForceSynchronousImport)
	(Values over 0.05ms)
	Summary:
		Imports: total=0 (actual=0, local cache=0, cache server=0)
		Asset DB Process Time: managed=0 ms, native=1566 ms
		Asset DB Callback time: managed=18 ms, native=3 ms
		Scripting: domain reloads=1, domain reload time=427 ms, compile time=1511 ms, other=0 ms
		Project Asset Count: scripts=1598, non-scripts=3295
		Asset File Changes: new=0, changed=0, moved=0, deleted=0
		Scan Filter Count: 1
	InvokePackagesCallback: 4.609ms
	ApplyChangesToAssetFolders: 0.233ms
	Scan: 336.855ms
	Collect global state as custom dependencies: 6.634ms
	CategorizeScriptCompilationAssets: 31.254ms
	ProcessAssetsWithTransientArtifactChanges: 32.612ms
	CategorizeAssets: 36.607ms
	CompileScripts: 1511.272ms
	ImportOutOfDateAssets: 1046.941ms (1045.090ms without children)
		UnloadImportedAssets: 0.396ms
		EnsureUptoDateAssetsAreRegisteredWithGuidPM: 0.411ms
		ImportSchedulerStart: 1.022ms
	PostProcessAllAssets: 18.448ms
		MonoPostProcessAllAssets: 18.426ms
			UniversalRenderPipelineGlobalSettingsPostprocessor.OnPostprocessAllAssets 7.990ms
			SyncVS.PostprocessSyncProject 3.730ms
			SpeedTree9Postprocessor.OnPostprocessAllAssets 0.723ms
			WindowAssetPostprocessingWatcher.OnPostprocessAllAssets 0.660ms
			EditModeScopePostprocessor.OnPostprocessAllAssets 0.564ms
			RenderPipelineGlobalSettingsPostprocessor.OnPostprocessAllAssets 0.256ms
			ShaderReflectionAssetPostProcessor.OnPostprocessAllAssets 0.198ms
			TerrainToolbarOverlayPostProcessor.OnPostprocessAllAssets 0.117ms
			ReferencedClipsPostProcessor.OnPostprocessAllAssets 0.116ms
			InputActionAssetPostprocessor.OnPostprocessAllAssets 0.102ms
			ProjectSettingsPostprocessor.OnPostprocessAllAssets 0.076ms
			AssetDatabaseCallbacks.OnPostprocessAllAssets 0.051ms
	UnloadStreamsBegin: 1.419ms
	PersistCurrentRevisions: 0.092ms
	GenerateScriptTypeHashes: 1.043ms
	GenerateScriptTypeSerializationHashes: 2.041ms
	Untracked: 497.080ms

Application.AssetDatabase Initial Refresh End
Shader Hidden/ChartRasterizerHardware is not supported: GPU does not support conservative rasterization
Launching external process: /Applications/Unity/Hub/Editor/6000.7.0a4/Unity.app/Contents/Helpers/UnityShaderCompiler
Launched and connected shader compiler UnityShaderCompiler after 0.01 seconds
Shader Hidden/ChartRasterizerHardware is not supported: GPU does not support conservative rasterization
Scanning for USB devices : 0.107ms
Initializing Unity extensions:
2026-09-12 22:00:02.559 Unity[60376:1602523] NSEventModifierFlagFunction specified to -setKeyEquivalentModifierMask: for item <NSMenuItem: 0x8dc0a0be0 SDF, ke='Command-F12'>, but is only supported for system-provided menu items; will not be used
Unloading 41 Unused Serialized files (Serialized files now loaded: 0)
Loaded scene 'Assets/Scenes/Game.unity'
	Deserialize:            31.125 ms
	Integration:            67.054 ms
	Integration of assets:  0.970 ms
	Thread Wait Time:       0.031 ms
	Total Operation Time:   99.180 ms
Unloading 7266 unused Assets / (8.1 MB). Loaded Objects now: 8808.
Memory consumption went from 0.55 GB to 0.54 GB.
Total: 5.918708 ms (FindLiveObjects: 0.356458 ms CreateObjectMapping: 0.108083 ms MarkObjects: 4.103792 ms  DeleteObjects: 1.281875 ms)

[LAYOUT] About to load UserSettings/Layouts/default-6000.dwlt, keepMainWindow=False
Worker ready: AssetImportWorkerHW0 0
[LAYOUT] About to save layout /Users/isaac/UnityProjects/GameShowNight/UserSettings/Layouts/default-6000.dwlt
[LAYOUT] About to save layout /Users/isaac/Library/Preferences/Unity/Editor-5.x/Layouts/current/default-6000.dwlt
[MODES] ModeService[default].InitializeCurrentMode
[MODES] ModeService[default].RaiseModeChanged(default, default)
2026-09-12 22:00:03.536 Unity[60376:1602523] NSEventModifierFlagFunction specified to -setKeyEquivalentModifierMask: for item <NSMenuItem: 0x8dc0a2260 SDF, ke='Command-F12'>, but is only supported for system-provided menu items; will not be used
[Project] Loading completed in 9.426 seconds
	Project init time: 				0.000 seconds
		Template init time: 		0.000 seconds
		Package Manager init time: 		0.000 seconds
		Asset Database init time: 		0.000 seconds
		Global illumination init time: 	0.000 seconds
		Assemblies load time: 			0.000 seconds
		Unity extensions init time: 	0.000 seconds
		Asset Database refresh time: 	0.000 seconds
	Scene opening time: 			0.000 seconds
##utp:{"type":"ProjectInfo","version":2,"phase":"Immediate","time":1789243203550,"processId":60376,"projectLoad":9.425551500000001,"projectInit":0.0,"templateInit":0.0,"packageManagerInit":0.0,"assetDatabaseInit":0.0,"globalIlluminationInit":0.0,"assembliesLoad":0.0,"unityExtensionsInit":0.0,"assetDatabaseRefresh":0.0,"sceneOpening":0.0}
##utp:{"type":"EditorInfo","version":2,"phase":"Immediate","time":1789243203550,"processId":60376,"editorVersion":"6000.7.0a4 (7305b6f6fd4f)","branch":"trunk","buildType":"Release","platform":"OSX"}
Subscribe to USB device events
Scanning for USB devices : 0.067ms
Start Indexing on Editor startup
[Indexing] Starting Initial Indexing for Assets
Reloading assemblies due to reload request.
Reloading assemblies after forced synchronous recompile.
Begin MonoManager ReloadAssembly
Thread 0x42b0c7000 may have been prematurely finalized
<CFData 0x8d1bc0d70 [0x1fcab5308]>{length = 6, capacity = 6, bytes = 0x5c9ba65e79e9}
'Packages/com.unity.render-pipelines.core/Editor/Deprecated.cs' contains partial class of Unity.Object, exactly 1 of the partial classes needs to be in a file with the same filename. This is to know the one that can be referenced from ie. GameObjects
'Packages/com.unity.render-pipelines.core/Editor/Deprecated.cs' contains partial class of Unity.Object, exactly 1 of the partial classes needs to be in a file with the same filename. This is to know the one that can be referenced from ie. GameObjects
[MODES] ModeService[none].Initialize
[MODES] ModeService[none].LoadModes
2026-09-12 22:00:05.146 Unity[60376:1602523] NSEventModifierFlagFunction specified to -setKeyEquivalentModifierMask: for item <NSMenuItem: 0x8dc0a0b40 SDF, ke='Command-F12'>, but is only supported for system-provided menu items; will not be used
Native extension for OSXStandalone target not found
ScheduleIndexationOnStartup MainProcess:True IndexOnStartup:True
Scripting: successfully reloaded assembly
- Finished resetting the current domain, in  0.991 seconds
Domain Reload Profiling: 1451ms
	BeginReloadAssembly (293ms)
		DisableScriptedObjects (46ms)
		CreateAndSetChildDomain (161ms)
	RebuildCommonClasses (4ms)
	RebuildNativeTypeToScriptingClass (7ms)
	initialDomainReloadingComplete (38ms)
	LoadAllAssembliesAndSetupDomain (116ms)
		LoadAssemblies (56ms)
		TypeCache.Refresh (6ms)
		AnalyzeDomain (6ms)
			ResolveRequiredComponents (3ms)
	FinalizeReload (992ms)
		SetupLoadedEditorAssemblies (0ms)
			BeforeProcessingInitializeOnLoad (61ms)
			ProcessInitializeOnLoadAttributes (153ms)
			ProcessInitializeOnLoadMethodAttributes (32ms)
		AwakeInstancesAfterBackupRestoration (414ms)
No restricted APIs configured; Validation skipped.
Checking 18 assemblies for restricted APIs found 0 usage(s) in 1 ms
Refreshing native plugins compatible for Editor in 4.42 ms, found 3 plugins.

Asset Pipeline Refresh (id=20356d22e6a594b658bc0316f385fd18): Total: 2.192 seconds - Initiated by StopAssetImportingV2(ForceSynchronousImport | ForceDomainReload)
	(Values over 0.05ms)
	Summary:
		Imports: total=0 (actual=0, local cache=0, cache server=0)
		Asset DB Process Time: managed=0 ms, native=1153 ms
		Asset DB Callback time: managed=452 ms, native=110 ms
		Scripting: domain reloads=1, domain reload time=473 ms, compile time=1 ms, other=0 ms
		Project Asset Count: scripts=1598, non-scripts=3295
		Asset File Changes: new=0, changed=0, moved=0, deleted=0
		Scan Filter Count: 0
	InvokePackagesCallback: 0.603ms
	ApplyChangesToAssetFolders: 0.147ms
	Collect global state as custom dependencies: 0.974ms
	ProcessAssetsWithTransientArtifactChanges: 84.658ms
	CategorizeAssets: 39.347ms
	CompileScripts: 0.799ms
	ImportOutOfDateAssets: 996.047ms (994.405ms without children)
		CollectScriptTypesHashes: 0.842ms
		ReloadNativeAssets: 0.529ms
		UnloadImportedAssets: 0.513ms
		EnsureUptoDateAssetsAreRegisteredWithGuidPM: 0.363ms
		ImportSchedulerStart: 0.228ms
	PostProcessAllAssets: 550.499ms
		PostprocessAssetsUpdateCachedIcon 10.413ms
		SpriteAtlasDatabase.OnAssetPostprocessCallback 10.073ms
		AssemblyValidation.PostprocessAllAssets 9.555ms
		PostProcessCallbackCreateDeferredMaterials 8.529ms
		ShaderAssetModifiedCallback 5.689ms
		RaytracingShaderImportPostprocess 4.815ms
		ComputeShaderImportPostprocess 4.756ms
		SpeedTreeImporter.PostprocessAllAssets 4.120ms
		LocalizationDatabase.AssetDatabasePostprocessCallback 2.223ms
		XRBuildSystem.XRAssetImported 0.077ms
		MonoPostProcessAllAssets: 452.085ms
			SyncVS.PostprocessSyncProject 130.330ms
			ShaderGraphAssetPostProcessor.OnPostprocessAllAssets 99.776ms
			AssetPostprocessor.OnPostprocessAllAssets 32.410ms
			PostProcessor.OnPostprocessAllAssets 26.253ms
			AudioMixerPostprocessor.OnPostprocessAllAssets 24.596ms
			MaterialPostprocessor.OnPostprocessAllAssets 18.661ms
			InputActionAssetPostprocessor.OnPostprocessAllAssets 18.563ms
			InputActionJsonNameModifierAssetProcessor.OnPostprocessAllAssets 18.532ms
			AssetChangedListener.OnPostprocessAllAssets 14.915ms
			TextAssetPostProcessor.OnPostprocessAllAssets 10.750ms
			SpriteSlicePostprocessor.OnPostprocessAllAssets 10.624ms
			UniversalRenderPipelineGlobalSettingsPostprocessor.OnPostprocessAllAssets 3.420ms
			BuilderAssetPostprocessor.OnPostprocessAllAssets 2.963ms
			RenderPipelineGlobalSettingsPostprocessor.OnPostprocessAllAssets 2.501ms
			SpeedTree9Postprocessor.OnPostprocessAllAssets 1.225ms
			RetainedModeAssetPostprocessor.OnPostprocessAllAssets 0.932ms
			EditModeScopePostprocessor.OnPostprocessAllAssets 0.736ms
			WindowAssetPostprocessingWatcher.OnPostprocessAllAssets 0.642ms
			StyleCatalogPostProcessor.OnPostprocessAllAssets 0.423ms
			TMPro_TexturePostProcessor.OnPostprocessAllAssets 0.363ms
			SpriteEditorTexturePostprocessor.OnPostprocessAllAssets 0.248ms
			SpriteShapeAssetPostProcessor.OnPostprocessAllAssets 0.229ms
			ThemePostprocessor.OnPostprocessAllAssets 0.222ms
			ArtifactBrowserPostProcessor.OnPostprocessAllAssets 0.216ms
			ShaderReflectionAssetPostProcessor.OnPostprocessAllAssets 0.212ms
			SpeedTreePostProcessor.OnPostprocessAllAssets 0.180ms
			ReferencedClipsPostProcessor.OnPostprocessAllAssets 0.140ms
			UVCSAssetPostprocessor.OnPostprocessAllAssets 0.130ms
			ProjectSettingsPostprocessor.OnPostprocessAllAssets 0.117ms
			AssetEvents.OnPostprocessAllAssets 0.097ms
			SpriteLibraryAssetPostprocessor.OnPostprocessAllAssets 0.073ms
			ConfigAssetsTracker.OnPostprocessAllAssets 0.068ms
			TerrainToolbarOverlayPostProcessor.OnPostprocessAllAssets 0.068ms
			PSDImportPostProcessor.OnPostprocessAllAssets 0.051ms
			SamplePostprocessor.OnPostprocessAllAssets 0.050ms
			AssetDatabaseCallbacks.OnPostprocessAllAssets 0.050ms
	PostAssetChangesProfiler: 13.162ms
	GatherAllCurrentPrimaryImportResultRevisions: 0.306ms
	UnloadStreamsBegin: 1.193ms
	PersistCurrentRevisions: 0.103ms
	GenerateScriptTypeHashes: 1.937ms
	GenerateScriptTypeSerializationHashes: 3.524ms
	Untracked: 501.442ms

Created GICache directory at /Users/isaac/Library/Caches/com.unity3d.UnityEditor/GiCache. Took: 0.008s, timestamps: [9.435 - 9.443]
[Licensing::Client] Successfully resolved entitlement details
[Licensing::Client] Successfully resolved entitlement details
[Licensing::Client] Successfully updated the access token
[Licensing::Module] Successfully updated access token: "sBlUmSXW"... (expires: 2026-09-12T20:22:56Z)
[Licensing::Client] Successfully resolved entitlement details
[Licensing::Client] Successfully resolved entitlement details
[Licensing::Client] Successfully resolved entitlement details
UPID Received 'b1e31746-d8d5-4dd1-b346-428c91bb6578'.
SpriteAtlasPacking completed in 0.002611 sec
Entering Playmode with Reload Domain disabled.
If you experience any issues, please disable "Enter Play Mode Options" in Editor Settings
Loaded scene 'Temp/__Backupscenes/0.backup'
	Deserialize:            3.246 ms
	Integration:            204.266 ms
	Integration of assets:  0.014 ms
	Thread Wait Time:       0.006 ms
	Total Operation Time:   207.532 ms
[Licensing::Client] Successfully resolved entitlement details
Thread 0x456247000 may have been prematurely finalized
Unloading 10 Unused Serialized files (Serialized files now loaded: 0)
Loaded scene 'Temp/__Backupscenes/0.backup'
	Deserialize:            2.046 ms
	Integration:            13.524 ms
	Integration of assets:  0.001 ms
	Thread Wait Time:       0.007 ms
	Total Operation Time:   15.577 ms
Unloading 6682 unused Assets / (19.9 MB). Loaded Objects now: 10083.
Memory consumption went from 0.67 GB to 0.65 GB.
Total: 20.877542 ms (FindLiveObjects: 0.410375 ms CreateObjectMapping: 0.178958 ms MarkObjects: 17.461833 ms  DeleteObjects: 2.756583 ms)

TrimDiskCacheJob: Current cache size 0mb
Asset Pipeline Refresh (id=3e8d89865d9104974984f90adab30e0c): Total: 0.187 seconds - Initiated by RefreshV2(AllowForceSynchronousImport)
2026-09-12 22:00:58.905 Unity[60376:1602523] NSEventModifierFlagFunction specified to -setKeyEquivalentModifierMask: for item <NSMenuItem: 0x8dc097700 SDF, ke='Command-F12'>, but is only supported for system-provided menu items; will not be used
Thread 0x45089f000 may have been prematurely finalized
SpriteAtlasPacking completed in 0.002647 sec
Entering Playmode with Reload Domain disabled.
If you experience any issues, please disable "Enter Play Mode Options" in Editor Settings
Loaded scene 'Temp/__Backupscenes/0.backup'
	Deserialize:            2.312 ms
	Integration:            48.781 ms
	Integration of assets:  0.012 ms
	Thread Wait Time:       0.003 ms
	Total Operation Time:   51.108 ms
Thread 0x4184ab000 may have been prematurely finalized
Unloading 10 Unused Serialized files (Serialized files now loaded: 0)
Loaded scene 'Temp/__Backupscenes/0.backup'
	Deserialize:            1.692 ms
	Integration:            13.830 ms
	Integration of assets:  0.001 ms
	Thread Wait Time:       0.007 ms
	Total Operation Time:   15.531 ms
Unloading 9 unused Assets / (427.0 KB). Loaded Objects now: 10124.
Memory consumption went from 0.54 GB to 0.54 GB.
Total: 17.825500 ms (FindLiveObjects: 0.286500 ms CreateObjectMapping: 0.076542 ms MarkObjects: 17.356833 ms  DeleteObjects: 0.034584 ms)

[Licensing::Client] Successfully resolved entitlement details
Thread 0x4184a3000 may have been prematurely finalized
SpriteAtlasPacking completed in 0.002303 sec
Entering Playmode with Reload Domain disabled.
If you experience any issues, please disable "Enter Play Mode Options" in Editor Settings
Loaded scene 'Temp/__Backupscenes/0.backup'
	Deserialize:            1.801 ms
	Integration:            15.275 ms
	Integration of assets:  0.015 ms
	Thread Wait Time:       0.005 ms
	Total Operation Time:   17.096 ms
Thread 0x418857000 may have been prematurely finalized
Unloading 10 Unused Serialized files (Serialized files now loaded: 0)
Loaded scene 'Temp/__Backupscenes/0.backup'
	Deserialize:            1.600 ms
	Integration:            13.205 ms
	Integration of assets:  0.001 ms
	Thread Wait Time:       0.006 ms
	Total Operation Time:   14.812 ms
Unloading 9 unused Assets / (0.6 MB). Loaded Objects now: 10124.
Memory consumption went from 0.51 GB to 0.51 GB.
Total: 19.133541 ms (FindLiveObjects: 0.285458 ms CreateObjectMapping: 0.075583 ms MarkObjects: 18.665125 ms  DeleteObjects: 0.032750 ms)

Thread 0x4187f7000 may have been prematurely finalized
SpriteAtlasPacking completed in 0.002527 sec
Entering Playmode with Reload Domain disabled.
If you experience any issues, please disable "Enter Play Mode Options" in Editor Settings
Loaded scene 'Temp/__Backupscenes/0.backup'
	Deserialize:            1.793 ms
	Integration:            14.427 ms
	Integration of assets:  0.013 ms
	Thread Wait Time:       0.004 ms
	Total Operation Time:   16.237 ms
Thread 0x4208d3000 may have been prematurely finalized
Unloading 10 Unused Serialized files (Serialized files now loaded: 0)
Loaded scene 'Temp/__Backupscenes/0.backup'
	Deserialize:            4.620 ms
	Integration:            18.479 ms
	Integration of assets:  0.001 ms
	Thread Wait Time:       0.007 ms
	Total Operation Time:   23.107 ms
Unloading 9 unused Assets / (0.6 MB). Loaded Objects now: 10124.
Memory consumption went from 486.3 MB to 485.7 MB.
Total: 18.770334 ms (FindLiveObjects: 0.289458 ms CreateObjectMapping: 0.091208 ms MarkObjects: 18.274084 ms  DeleteObjects: 0.041709 ms)

2026-09-12 22:01:44.041 Unity[60376:1602523] NSEventModifierFlagFunction specified to -setKeyEquivalentModifierMask: for item <NSMenuItem: 0x8dc09ea80 SDF, ke='Command-F12'>, but is only supported for system-provided menu items; will not be used
Thread 0x418c0b000 may have been prematurely finalized
SpriteAtlasPacking completed in 0.002381 sec
Entering Playmode with Reload Domain disabled.
If you experience any issues, please disable "Enter Play Mode Options" in Editor Settings
Loaded scene 'Temp/__Backupscenes/0.backup'
	Deserialize:            2.110 ms
	Integration:            15.223 ms
	Integration of assets:  0.011 ms
	Thread Wait Time:       0.003 ms
	Total Operation Time:   17.346 ms
Thread 0x41841f000 may have been prematurely finalized
Unloading 10 Unused Serialized files (Serialized files now loaded: 0)
Loaded scene 'Temp/__Backupscenes/0.backup'
	Deserialize:            1.560 ms
	Integration:            30.177 ms
	Integration of assets:  0.001 ms
	Thread Wait Time:       0.004 ms
	Total Operation Time:   31.742 ms
Unloading 10 unused Assets / (0.9 MB). Loaded Objects now: 10112.
Memory consumption went from 373.7 MB to 372.8 MB.
Total: 17.427000 ms (FindLiveObjects: 0.278500 ms CreateObjectMapping: 0.079625 ms MarkObjects: 16.964500 ms  DeleteObjects: 0.033791 ms)

Asset Pipeline Refresh (id=2ff1af85e861d4258a63b7a5525e351d): Total: 0.162 seconds - Initiated by RefreshV2(AllowForceSynchronousImport)
Thread 0x41891f000 may have been prematurely finalized
SpriteAtlasPacking completed in 0.003247 sec
Entering Playmode with Reload Domain disabled.
If you experience any issues, please disable "Enter Play Mode Options" in Editor Settings
Loaded scene 'Temp/__Backupscenes/0.backup'
	Deserialize:            2.602 ms
	Integration:            53.396 ms
	Integration of assets:  0.012 ms
	Thread Wait Time:       0.002 ms
	Total Operation Time:   56.014 ms
Thread 0x418963000 may have been prematurely finalized
Unloading 8 Unused Serialized files (Serialized files now loaded: 0)
Loaded scene 'Temp/__Backupscenes/0.backup'
	Deserialize:            1.528 ms
	Integration:            13.517 ms
	Integration of assets:  0.001 ms
	Thread Wait Time:       0.006 ms
	Total Operation Time:   15.052 ms
Unloading 8 unused Assets / (457.6 KB). Loaded Objects now: 10112.
Memory consumption went from 352.1 MB to 351.7 MB.
Total: 19.130625 ms (FindLiveObjects: 0.287125 ms CreateObjectMapping: 0.086750 ms MarkObjects: 18.640958 ms  DeleteObjects: 0.042209 ms)

[Licensing::Client] Successfully resolved entitlement details
Asset Pipeline Refresh (id=24ee8c5ee48614956b8272a411213088): Total: 0.167 seconds - Initiated by RefreshV2(AllowForceSynchronousImport)
Asset Pipeline Refresh (id=5aa256959f692400f87c646597aee772): Total: 0.116 seconds - Initiated by RefreshV2(AllowForceSynchronousImport)
2026-09-12 22:08:00.832 Unity[60376:1602523] NSEventModifierFlagFunction specified to -setKeyEquivalentModifierMask: for item <NSMenuItem: 0x8dc097ca0 SDF, ke='Command-F12'>, but is only supported for system-provided menu items; will not be used
Importing 'GUID: 00000000000000009000000000000000 - Path: ProjectSettings/QualitySettings.asset' with importer (LibraryAssetImporter)
Imported 'GUID: 00000000000000009000000000000000' -> (Import Result ID: '403c6c1a416723476486c6c76ad86f7f') in 0.002 seconds [static dependencies only]. Details - ImportResultOutputID=43b4ee972f78e910f47a00fe3c96f65c DependenciesID=1aedbe56ae62f321fe459982db2fa012 StaticDependenciesID=e9a43e809c5953780a851aff477bfce8 
Asset Pipeline Refresh (id=0c1d325c4bce5459d8cc8d62274ba8bd): Total: 0.013 seconds - Initiated by StopAssetImportingV2(NoUpdateAssetOptions)
Importing 'GUID: e02a493624edc416d80c6007e1a1a982 - Path: Assets/Scenes/Game.unity' with importer (DefaultImporter)
Imported 'GUID: e02a493624edc416d80c6007e1a1a982' -> (Import Result ID: '20a57f04b6e947d77f813759002c17fb') in 0.001 seconds [static dependencies only]. Details - ImportResultOutputID=5ad803259acf1f5c207413cc1e8a5511 DependenciesID=4688b7615a018a00d2abad25f907e0a8 StaticDependenciesID=4673f1faf03eb30c347da9b40587c62d 
Asset Pipeline Refresh (id=71f0555eaac144a2387e66940dbac097): Total: 0.023 seconds - Initiated by StopAssetImportingV2(NoUpdateAssetOptions)
Asset Pipeline Refresh (id=b50b5aabc0349404cbf2c27724e6ddf8): Total: 0.098 seconds - Initiated by RefreshV2(AllowForceSynchronousImport)
Starting new worker id: 1 with log in /Users/isaac/UnityProjects/GameShowNight/Logs/AssetImportWorkerHW1.log
[Worker0] Imported GUID: 0e0e3437e2d0e4c7c938a9bdd68df3a3 - Path: Assets/Scripts/QuestionController.cs - Importer: PreviewImporter -> (Import Result ID: 'e4e6efcd68ed5dc3877c65ad495ab769') in 0.014524125 seconds
[Worker0] Imported GUID: 383242b31e29842809822e20b459a605 - Path: Assets/Scripts/Controllers - Importer: PreviewImporter -> (Import Result ID: 'a5e457233cb1ba6579358c279496449c') in 0.009721334 seconds
Worker ready: AssetImportWorkerHW1 1
Asset Pipeline Refresh (id=5cecc0e39b4c54f3fa4febd0d6a23a55): Total: 0.162 seconds - Initiated by RefreshV2(AllowForceSynchronousImport)
Importing 'GUID: 9b261ffa1c9034a35941ac557bc1c5de - Path: Assets/Prefab/CategoryCardOne.prefab' with importer (PrefabImporter)
Imported 'GUID: 9b261ffa1c9034a35941ac557bc1c5de' -> (Import Result ID: '5254f3b71b99a089a60ade2357e945f4') in 0.002 seconds [static and dynamic dependencies]. Details - ImportResultOutputID=61d114b1c1e66e376209a63b69f89541 DependenciesID=a9cc228beadb79148a04a2f94b73b84e StaticDependenciesID=4cdc7bedd50903bf64bc997d3fc6b8fc 
Refreshing native plugins compatible for Editor in 2.05 ms, found 3 plugins.
Asset Pipeline Refresh (id=bf617d70dbc484c65b186fb6b4d837a5): Total: 0.031 seconds - Initiated by StopAssetImportingV2(NoUpdateAssetOptions)
[Worker0] Imported GUID: 9b261ffa1c9034a35941ac557bc1c5de - Path: Assets/Prefab/CategoryCardOne.prefab - Importer: PreviewImporter -> (Import Result ID: '02db8435777a41f818f686eb53dfac6b') in 0.058149792 seconds
Thread 0x41895b000 may have been prematurely finalized
SpriteAtlasPacking completed in 0.003208 sec
Entering Playmode with Reload Domain disabled.
If you experience any issues, please disable "Enter Play Mode Options" in Editor Settings
Loaded scene 'Temp/__Backupscenes/0.backup'
	Deserialize:            2.078 ms
	Integration:            52.604 ms
	Integration of assets:  0.014 ms
	Thread Wait Time:       0.005 ms
	Total Operation Time:   54.700 ms
Thread 0x450347000 may have been prematurely finalized
Unloading 8 Unused Serialized files (Serialized files now loaded: 0)
Loaded scene 'Temp/__Backupscenes/0.backup'
	Deserialize:            1.588 ms
	Integration:            13.060 ms
	Integration of assets:  0.001 ms
	Thread Wait Time:       0.007 ms
	Total Operation Time:   14.656 ms
Unloading 185 unused Assets / (203.7 KB). Loaded Objects now: 10129.
Memory consumption went from 364.5 MB to 364.3 MB.
Total: 22.291416 ms (FindLiveObjects: 0.289625 ms CreateObjectMapping: 0.089458 ms MarkObjects: 21.527500 ms  DeleteObjects: 0.305291 ms)

[Licensing::Client] Successfully resolved entitlement details
Thread 0x42095b000 may have been prematurely finalized
SpriteAtlasPacking completed in 0.002418 sec
Entering Playmode with Reload Domain disabled.
If you experience any issues, please disable "Enter Play Mode Options" in Editor Settings
Loaded scene 'Temp/__Backupscenes/0.backup'
	Deserialize:            2.422 ms
	Integration:            15.614 ms
	Integration of assets:  0.016 ms
	Thread Wait Time:       0.004 ms
	Total Operation Time:   18.056 ms
Thread 0x420853000 may have been prematurely finalized
Unloading 9 Unused Serialized files (Serialized files now loaded: 0)
Loaded scene 'Temp/__Backupscenes/0.backup'
	Deserialize:            1.582 ms
	Integration:            13.394 ms
	Integration of assets:  0.001 ms
	Thread Wait Time:       0.006 ms
	Total Operation Time:   14.983 ms
Unloading 8 unused Assets / (420.8 KB). Loaded Objects now: 10129.
Memory consumption went from 357.5 MB to 357.1 MB.
Total: 20.386833 ms (FindLiveObjects: 0.292750 ms CreateObjectMapping: 0.086708 ms MarkObjects: 19.897833 ms  DeleteObjects: 0.028458 ms)

Thread 0x420853000 may have been prematurely finalized
SpriteAtlasPacking completed in 0.002331 sec
Entering Playmode with Reload Domain disabled.
If you experience any issues, please disable "Enter Play Mode Options" in Editor Settings
Loaded scene 'Temp/__Backupscenes/0.backup'
	Deserialize:            1.742 ms
	Integration:            15.295 ms
	Integration of assets:  0.011 ms
	Thread Wait Time:       0.004 ms
	Total Operation Time:   17.052 ms
Thread 0x420853000 may have been prematurely finalized
Unloading 11 Unused Serialized files (Serialized files now loaded: 0)
Loaded scene 'Temp/__Backupscenes/0.backup'
	Deserialize:            1.542 ms
	Integration:            13.743 ms
	Integration of assets:  0.001 ms
	Thread Wait Time:       0.006 ms
	Total Operation Time:   15.292 ms
Unloading 10 unused Assets / (0.7 MB). Loaded Objects now: 10129.
Memory consumption went from 358.6 MB to 357.9 MB.
Total: 18.887416 ms (FindLiveObjects: 0.285375 ms CreateObjectMapping: 0.083208 ms MarkObjects: 18.413500 ms  DeleteObjects: 0.033000 ms)

Thread 0x420853000 may have been prematurely finalized
SpriteAtlasPacking completed in 0.002350 sec
Entering Playmode with Reload Domain disabled.
If you experience any issues, please disable "Enter Play Mode Options" in Editor Settings
Loaded scene 'Temp/__Backupscenes/0.backup'
	Deserialize:            1.780 ms
	Integration:            14.931 ms
	Integration of assets:  0.011 ms
	Thread Wait Time:       0.004 ms
	Total Operation Time:   16.726 ms
Thread 0x420853000 may have been prematurely finalized
Unloading 10 Unused Serialized files (Serialized files now loaded: 0)
Loaded scene 'Temp/__Backupscenes/0.backup'
	Deserialize:            1.590 ms
	Integration:            13.967 ms
	Integration of assets:  0.001 ms
	Thread Wait Time:       0.007 ms
	Total Operation Time:   15.565 ms
Unloading 9 unused Assets / (0.8 MB). Loaded Objects now: 10129.
Memory consumption went from 359.6 MB to 358.8 MB.
Total: 17.207791 ms (FindLiveObjects: 0.298250 ms CreateObjectMapping: 0.075166 ms MarkObjects: 16.731250 ms  DeleteObjects: 0.027959 ms)

Asset Pipeline Refresh (id=c857299ac197b4a16afd5754b4fdce83): Total: 0.165 seconds - Initiated by RefreshV2(AllowForceSynchronousImport)
Asset Pipeline Refresh (id=f75310101eb934ded902e4f4bbc30597): Total: 0.094 seconds - Initiated by RefreshV2(AllowForceSynchronousImport)
Thread 0x420853000 may have been prematurely finalized
SpriteAtlasPacking completed in 0.002456 sec
Entering Playmode with Reload Domain disabled.
If you experience any issues, please disable "Enter Play Mode Options" in Editor Settings
Loaded scene 'Temp/__Backupscenes/0.backup'
	Deserialize:            2.445 ms
	Integration:            55.755 ms
	Integration of assets:  0.011 ms
	Thread Wait Time:       0.003 ms
	Total Operation Time:   58.214 ms
Thread 0x420853000 may have been prematurely finalized
Unloading 10 Unused Serialized files (Serialized files now loaded: 0)
Loaded scene 'Temp/__Backupscenes/0.backup'
	Deserialize:            1.629 ms
	Integration:            13.507 ms
	Integration of assets:  0.001 ms
	Thread Wait Time:       0.007 ms
	Total Operation Time:   15.144 ms
Unloading 10 unused Assets / (0.7 MB). Loaded Objects now: 10129.
Memory consumption went from 357.7 MB to 357.0 MB.
Total: 19.416750 ms (FindLiveObjects: 0.289834 ms CreateObjectMapping: 0.095750 ms MarkObjects: 18.924875 ms  DeleteObjects: 0.031834 ms)

[Licensing::Client] Successfully resolved entitlement details
Thread 0x420753000 may have been prematurely finalized
SpriteAtlasPacking completed in 0.002341 sec
Entering Playmode with Reload Domain disabled.
If you experience any issues, please disable "Enter Play Mode Options" in Editor Settings
Loaded scene 'Temp/__Backupscenes/0.backup'
	Deserialize:            1.807 ms
	Integration:            14.878 ms
	Integration of assets:  0.012 ms
	Thread Wait Time:       0.004 ms
	Total Operation Time:   16.701 ms
Thread 0x420853000 may have been prematurely finalized
Unloading 10 Unused Serialized files (Serialized files now loaded: 0)
Loaded scene 'Temp/__Backupscenes/0.backup'
	Deserialize:            1.583 ms
	Integration:            13.151 ms
	Integration of assets:  0.001 ms
	Thread Wait Time:       0.007 ms
	Total Operation Time:   14.742 ms
Unloading 9 unused Assets / (325.8 KB). Loaded Objects now: 10129.
Memory consumption went from 357.3 MB to 357.0 MB.
Total: 17.766292 ms (FindLiveObjects: 0.308208 ms CreateObjectMapping: 0.077209 ms MarkObjects: 17.271125 ms  DeleteObjects: 0.030458 ms)

Asset Pipeline Refresh (id=abb98737436964cfc9285dd979cadd24): Total: 0.166 seconds - Initiated by RefreshV2(AllowForceSynchronousImport)
Asset Pipeline Refresh (id=c01063d8c2f39444b978a003038ac99b): Total: 0.104 seconds - Initiated by RefreshV2(AllowForceSynchronousImport)
Loaded scene 'Library/Unused/41d43680184cc441fb1ba725f956e6f7'
	Deserialize:            0.331 ms
	Integration:            0.145 ms
	Integration of assets:  0.000 ms
	Thread Wait Time:       0.006 ms
	Total Operation Time:   0.482 ms
Unloading 2 Unused Serialized files (Serialized files now loaded: 0)
Unloading 3 unused Assets / (21.8 KB). Loaded Objects now: 10258.
Memory consumption went from 358.4 MB to 358.4 MB.
Total: 20.096250 ms (FindLiveObjects: 0.278959 ms CreateObjectMapping: 0.064583 ms MarkObjects: 19.556708 ms  DeleteObjects: 0.114417 ms)

Unloading 4 Unused Serialized files (Serialized files now loaded: 0)
Unloading 7 unused Assets / (80.7 KB). Loaded Objects now: 10242.
Memory consumption went from 359.0 MB to 359.0 MB.
Total: 22.187167 ms (FindLiveObjects: 0.290291 ms CreateObjectMapping: 0.085250 ms MarkObjects: 21.651167 ms  DeleteObjects: 0.076167 ms)

Asset Pipeline Refresh (id=965a8a271804c414f9d7860953104b2c): Total: 0.174 seconds - Initiated by RefreshV2(AllowForceSynchronousImport)
Importing 'GUID: 54b3c3c7b2f3340aabbc55a739e45d86 - Path: Assets/JSON/QuestionText.json' with importer (TextScriptImporter)
Imported 'GUID: 54b3c3c7b2f3340aabbc55a739e45d86' -> (Import Result ID: '469df4f38c5bd89e96516560e496a7d4') in 0.001 seconds [static dependencies only]. Details - ImportResultOutputID=ac29d0dee1ce98ebff9e1de11ba112e3 DependenciesID=c5d090452081976a4cb3428b818e98d4 StaticDependenciesID=6890826979fd4460e1758f9e50ecd364 
Asset Pipeline Refresh (id=a4bc9c3d5ce4e4df6b6a2a72eaf310e5): Total: 0.164 seconds - Initiated by RefreshV2(AllowForceSynchronousImport)
Thread 0x4505c7000 may have been prematurely finalized
SpriteAtlasPacking completed in 0.003335 sec
Entering Playmode with Reload Domain disabled.
If you experience any issues, please disable "Enter Play Mode Options" in Editor Settings
Loaded scene 'Temp/__Backupscenes/0.backup'
	Deserialize:            2.951 ms
	Integration:            62.409 ms
	Integration of assets:  0.010 ms
	Thread Wait Time:       0.004 ms
	Total Operation Time:   65.374 ms
Thread 0x4505b7000 may have been prematurely finalized
Unloading 9 Unused Serialized files (Serialized files now loaded: 0)
Loaded scene 'Temp/__Backupscenes/0.backup'
	Deserialize:            4.594 ms
	Integration:            21.979 ms
	Integration of assets:  0.001 ms
	Thread Wait Time:       0.007 ms
	Total Operation Time:   26.582 ms
Unloading 33 unused Assets / (2.3 MB). Loaded Objects now: 10178.
Memory consumption went from 369.2 MB to 366.8 MB.
Total: 24.019500 ms (FindLiveObjects: 0.305666 ms CreateObjectMapping: 0.101709 ms MarkObjects: 23.151834 ms  DeleteObjects: 0.373417 ms)

[Licensing::Client] Successfully resolved entitlement details
Project ID request failed, Reason: The requested URL returned error: 401 (401).
Unknown Unity Connect error (400). Please contact support at support@unity.com while processing request "https://services.unity.com/api/unity/legacy/v1/projects/b1e31746-d8d5-4dd1-b346-428c91bb6578", HTTP error code 401
.[Licensing::Client] Successfully resolved entitlement details
[Licensing::Client] Successfully updated the access token
[Licensing::Module] Successfully updated access token: "5F71LpHC"... (expires: 2026-09-12T22:22:32Z)
[Licensing::Client] Successfully resolved entitlement details
[Licensing::Client] Successfully resolved entitlement details
UPID Received 'b1e31746-d8d5-4dd1-b346-428c91bb6578'.
Asset Pipeline Refresh (id=c207aebe877854abfa187976b9eddf67): Total: 0.184 seconds - Initiated by RefreshV2(AllowForceSynchronousImport)
Thread 0x4185b7000 may have been prematurely finalized
SpriteAtlasPacking completed in 0.002416 sec
Entering Playmode with Reload Domain disabled.
If you experience any issues, please disable "Enter Play Mode Options" in Editor Settings
Loaded scene 'Temp/__Backupscenes/0.backup'
	Deserialize:            2.369 ms
	Integration:            51.815 ms
	Integration of assets:  0.011 ms
	Thread Wait Time:       0.003 ms
	Total Operation Time:   54.198 ms
Thread 0x4291d3000 may have been prematurely finalized
Unloading 9 Unused Serialized files (Serialized files now loaded: 0)
Loaded scene 'Temp/__Backupscenes/0.backup'
	Deserialize:            1.578 ms
	Integration:            21.850 ms
	Integration of assets:  0.001 ms
	Thread Wait Time:       0.007 ms
	Total Operation Time:   23.434 ms
Unloading 8 unused Assets / (0.8 MB). Loaded Objects now: 10178.
Memory consumption went from 367.9 MB to 367.1 MB.
Total: 22.652583 ms (FindLiveObjects: 0.307084 ms CreateObjectMapping: 0.079625 ms MarkObjects: 22.152125 ms  DeleteObjects: 0.035666 ms)

Asset Pipeline Refresh (id=d6a51acc0c52a450a85582ee9f002c15): Total: 0.191 seconds - Initiated by RefreshV2(AllowForceSynchronousImport)
Asset Pipeline Refresh (id=172ff8120dd014e728ecaad0a270bfc6): Total: 0.134 seconds - Initiated by RefreshV2(AllowForceSynchronousImport)
Asset Pipeline Refresh (id=faa8e06634709479991944df117092f7): Total: 0.098 seconds - Initiated by RefreshV2(AllowForceSynchronousImport)
Asset Pipeline Refresh (id=60ae19c1f1d1d43ed9f18f674e383652): Total: 0.085 seconds - Initiated by RefreshV2(AllowForceSynchronousImport)
Asset Pipeline Refresh (id=82a9303a3a95e4e6a980f27e96b59333): Total: 0.153 seconds - Initiated by RefreshV2(AllowForceSynchronousImport)
Thread 0x451f2b000 may have been prematurely finalized
SpriteAtlasPacking completed in 0.003645 sec
Entering Playmode with Reload Domain disabled.
If you experience any issues, please disable "Enter Play Mode Options" in Editor Settings
Loaded scene 'Temp/__Backupscenes/0.backup'
	Deserialize:            2.832 ms
	Integration:            57.314 ms
	Integration of assets:  0.010 ms
	Thread Wait Time:       0.005 ms
	Total Operation Time:   60.162 ms
Thread 0x4511bf000 may have been prematurely finalized
Unloading 10 Unused Serialized files (Serialized files now loaded: 0)
Loaded scene 'Temp/__Backupscenes/0.backup'
	Deserialize:            1.696 ms
	Integration:            15.851 ms
	Integration of assets:  0.001 ms
	Thread Wait Time:       0.007 ms
	Total Operation Time:   17.556 ms
Unloading 11 unused Assets / (0.9 MB). Loaded Objects now: 10178.
Memory consumption went from 367.4 MB to 366.5 MB.
Total: 24.413625 ms (FindLiveObjects: 0.303167 ms CreateObjectMapping: 0.080375 ms MarkObjects: 23.871792 ms  DeleteObjects: 0.069292 ms)

[Licensing::Client] Successfully resolved entitlement details
[ScriptCompilation] Requested script compilation because: AssetDatabase observed changes in script compilation related files
[Licensing::Client] Successfully resolved entitlement details
Starting: /Applications/Unity/Hub/Editor/6000.7.0a4/Unity.app/Contents/Resources/BuildPipeline/bee_backend --ipc --defer-dag-verification --dagfile="Library/Bee/200b0aE.dag" --continue-on-failure --profile="Library/Bee/backend1.traceevents" ScriptAssemblies
WorkingDir: /Users/isaac/UnityProjects/GameShowNight
ExitCode: 0 Duration: 1s393ms
[ 827/1105  0s] ILPP-Configuration Library/ilpp-configuration.nevergeneratedoutput
[1101/1105  1s] Csc Library/Bee/artifacts/200b0aE.dag/Assembly-CSharp.dll (+2 others)
[1102/1105  0s] ILPostProcess Library/Bee/artifacts/200b0aE.dag/post-processed/Assembly-CSharp.dll (+pdb)
Processing assembly Library/Bee/artifacts/200b0aE.dag/Assembly-CSharp.dll, with 145 defines and 371 references
processors: Unity.Jobs.CodeGen.JobsILPostProcessor, zzzUnity.Burst.CodeGen.BurstILPostProcessor
1 processor(s) skipped this assembly
running Unity.Jobs.CodeGen.JobsILPostProcessor
[1103/1105  0s] CopyFiles Library/ScriptAssemblies/Assembly-CSharp.pdb
[1104/1105  0s] CopyFiles Library/ScriptAssemblies/Assembly-CSharp.dll
*** Tundra build success (1.37 seconds), 5 items updated, 1105 evaluated
2026-09-12 22:59:13.041 Unity[60376:1602523] NSEventModifierFlagFunction specified to -setKeyEquivalentModifierMask: for item <NSMenuItem: 0x8dc09df40 SDF, ke='Command-F12'>, but is only supported for system-provided menu items; will not be used
2026-09-12 22:59:13.043 Unity[60376:1602523] NSEventModifierFlagFunction specified to -setKeyEquivalentModifierMask: for item <NSMenuItem: 0x8dc096120 SDF, ke='Command-F12'>, but is only supported for system-provided menu items; will not be used
2026-09-12 22:59:13.046 Unity[60376:1602523] NSEventModifierFlagFunction specified to -setKeyEquivalentModifierMask: for item <NSMenuItem: 0x8dc0afc00 SDF, ke='Command-F12'>, but is only supported for system-provided menu items; will not be used
2026-09-12 22:59:13.048 Unity[60376:1602523] NSEventModifierFlagFunction specified to -setKeyEquivalentModifierMask: for item <NSMenuItem: 0x8dc09cd20 SDF, ke='Command-F12'>, but is only supported for system-provided menu items; will not be used
2026-09-12 22:59:13.050 Unity[60376:1602523] NSEventModifierFlagFunction specified to -setKeyEquivalentModifierMask: for item <NSMenuItem: 0x8d2a159a0 SDF, ke='Command-F12'>, but is only supported for system-provided menu items; will not be used
2026-09-12 22:59:13.053 Unity[60376:1602523] NSEventModifierFlagFunction specified to -setKeyEquivalentModifierMask: for item <NSMenuItem: 0x8dc0968a0 SDF, ke='Command-F12'>, but is only supported for system-provided menu items; will not be used
Reloading assemblies after forced synchronous recompile.
Total cache size 181821536
Total cache size after purge 181821536, took 00:00:00.1367229
Begin MonoManager ReloadAssembly
Thread 0x4185af000 may have been prematurely finalized
Refreshing native plugins compatible for Editor in 2.06 ms, found 3 plugins.
[MODES] ModeService[none].Initialize
[MODES] ModeService[none].LoadModes
Native extension for OSXStandalone target not found
2026-09-12 22:59:14.128 Unity[60376:1602523] NSEventModifierFlagFunction specified to -setKeyEquivalentModifierMask: for item <NSMenuItem: 0x8e1af0fa0 SDF, ke='Command-F12'>, but is only supported for system-provided menu items; will not be used
ScheduleIndexationOnStartup MainProcess:True IndexOnStartup:True
Scripting: successfully reloaded assembly
- Finished resetting the current domain, in  0.943 seconds
Domain Reload Profiling: 1615ms
	BeginReloadAssembly (437ms)
		DisableScriptedObjects (43ms)
		CreateAndSetChildDomain (217ms)
	RebuildCommonClasses (5ms)
	RebuildNativeTypeToScriptingClass (7ms)
	initialDomainReloadingComplete (25ms)
	LoadAllAssembliesAndSetupDomain (197ms)
		LoadAssemblies (87ms)
		TypeCache.Refresh (7ms)
		AnalyzeDomain (86ms)
			BuildScriptInfoCaches (82ms)
			ResolveRequiredComponents (3ms)
	FinalizeReload (944ms)
		SetupLoadedEditorAssemblies (0ms)
			BeforeProcessingInitializeOnLoad (69ms)
			ProcessInitializeOnLoadAttributes (150ms)
			ProcessInitializeOnLoadMethodAttributes (33ms)
		AwakeInstancesAfterBackupRestoration (408ms)

Asset Pipeline Refresh (id=babdbc116eb1945d99338e24e120b708): Total: 3.808 seconds - Initiated by RefreshV2(AllowForceSynchronousImport)
	(Values over 0.05ms)
	Summary:
		Imports: total=0 (actual=0, local cache=0, cache server=0)
		Asset DB Process Time: managed=0 ms, native=1413 ms
		Asset DB Callback time: managed=24 ms, native=18 ms
		Scripting: domain reloads=1, domain reload time=705 ms, compile time=1 ms, other=0 ms
		Project Asset Count: scripts=1598, non-scripts=3295
		Asset File Changes: new=0, changed=1, moved=0, deleted=0
		Scan Filter Count: 1
	InvokePackagesCallback: 0.475ms
	ApplyChangesToAssetFolders: 0.142ms
	Scan: 257.135ms
	Collect global state as custom dependencies: 3.083ms
	ProcessAssetsWithTransientArtifactChanges: 2.132ms
	CategorizeAssets: 39.557ms
	CompileScripts: 0.839ms
	ImportOutOfDateAssets: 949.773ms (948.325ms without children)
		CollectScriptTypesHashes: 0.757ms
		ReloadNativeAssets: 0.597ms
		UnloadImportedAssets: 0.129ms
		EnsureUptoDateAssetsAreRegisteredWithGuidPM: 0.400ms
		ImportSchedulerStart: 0.306ms
	PostProcessAllAssets: 25.204ms
		XRBuildSystem.XRAssetImported 0.084ms
		MonoPostProcessAllAssets: 24.920ms
			BuilderAssetPostprocessor.OnPostprocessAllAssets 4.081ms
			UniversalRenderPipelineGlobalSettingsPostprocessor.OnPostprocessAllAssets 3.144ms
			SyncVS.PostprocessSyncProject 2.845ms
			AssetChangedListener.OnPostprocessAllAssets 1.685ms
			AssetPostprocessor.OnPostprocessAllAssets 1.513ms
			SpriteSlicePostprocessor.OnPostprocessAllAssets 0.825ms
			WindowAssetPostprocessingWatcher.OnPostprocessAllAssets 0.746ms
			EditModeScopePostprocessor.OnPostprocessAllAssets 0.659ms
			RetainedModeAssetPostprocessor.OnPostprocessAllAssets 0.438ms
			ShaderGraphAssetPostProcessor.OnPostprocessAllAssets 0.419ms
			MaterialPostprocessor.OnPostprocessAllAssets 0.287ms
			SpeedTree9Postprocessor.OnPostprocessAllAssets 0.287ms
			ArtifactBrowserPostProcessor.OnPostprocessAllAssets 0.274ms
			RenderPipelineGlobalSettingsPostprocessor.OnPostprocessAllAssets 0.257ms
			TMPro_TexturePostProcessor.OnPostprocessAllAssets 0.239ms
			ShaderReflectionAssetPostProcessor.OnPostprocessAllAssets 0.212ms
			SpriteEditorTexturePostprocessor.OnPostprocessAllAssets 0.212ms
			SpriteShapeAssetPostProcessor.OnPostprocessAllAssets 0.209ms
			AudioMixerPostprocessor.OnPostprocessAllAssets 0.169ms
			InputActionAssetPostprocessor.OnPostprocessAllAssets 0.132ms
			UVCSAssetPostprocessor.OnPostprocessAllAssets 0.130ms
			ReferencedClipsPostProcessor.OnPostprocessAllAssets 0.120ms
			TextAssetPostProcessor.OnPostprocessAllAssets 0.105ms
			AssetEvents.OnPostprocessAllAssets 0.096ms
			InputActionJsonNameModifierAssetProcessor.OnPostprocessAllAssets 0.088ms
			PostProcessor.OnPostprocessAllAssets 0.085ms
			StyleCatalogPostProcessor.OnPostprocessAllAssets 0.084ms
			ConfigAssetsTracker.OnPostprocessAllAssets 0.068ms
			SpriteLibraryAssetPostprocessor.OnPostprocessAllAssets 0.063ms
			ProjectSettingsPostprocessor.OnPostprocessAllAssets 0.057ms
			TerrainToolbarOverlayPostProcessor.OnPostprocessAllAssets 0.056ms
			AudioContainerPostProcessor.OnPostprocessAllAssets 0.054ms
	PostAssetChangesProfiler: 14.248ms
	PersistCurrentRevisions: 0.092ms
	GenerateScriptTypeHashes: 1.502ms
	GenerateScriptTypeSerializationHashes: 2.809ms
	Untracked: 730.849ms

[Licensing::Client] Successfully resolved entitlement details
[Licensing::Client] Successfully resolved entitlement details
[Licensing::Client] Successfully resolved entitlement details
2026-09-12 22:59:23.254 Unity[60376:1602523] NSEventModifierFlagFunction specified to -setKeyEquivalentModifierMask: for item <NSMenuItem: 0x8ddf74fa0 SDF, ke='Command-F12'>, but is only supported for system-provided menu items; will not be used
Importing 'GUID: 00000000000000009000000000000000 - Path: ProjectSettings/QualitySettings.asset' with importer (LibraryAssetImporter)
Imported 'GUID: 00000000000000009000000000000000' -> (Import Result ID: '403c6c1a416723476486c6c76ad86f7f') in 0.002 seconds [static dependencies only]. Details - ImportResultOutputID=43b4ee972f78e910f47a00fe3c96f65c DependenciesID=1aedbe56ae62f321fe459982db2fa012 StaticDependenciesID=e9a43e809c5953780a851aff477bfce8 
Asset Pipeline Refresh (id=ed8b65e42ebcb42cca08118ae27bf00e): Total: 0.010 seconds - Initiated by StopAssetImportingV2(NoUpdateAssetOptions)
Importing 'GUID: e02a493624edc416d80c6007e1a1a982 - Path: Assets/Scenes/Game.unity' with importer (DefaultImporter)
Imported 'GUID: e02a493624edc416d80c6007e1a1a982' -> (Import Result ID: '43d6352514314b717227a2b9d102fca2') in 0.001 seconds [static dependencies only]. Details - ImportResultOutputID=5ad803259acf1f5c207413cc1e8a5511 DependenciesID=2275e823d32a55faa9ad922df59f7be7 StaticDependenciesID=263d312d5f261cea67f3c86f8d6cbe5b 
Asset Pipeline Refresh (id=82a4bb3ccae824049a5f042f0633cc31): Total: 0.021 seconds - Initiated by StopAssetImportingV2(NoUpdateAssetOptions)
SpriteAtlasPacking completed in 0.002387 sec
Entering Playmode with Reload Domain disabled.
If you experience any issues, please disable "Enter Play Mode Options" in Editor Settings
Loaded scene 'Temp/__Backupscenes/0.backup'
	Deserialize:            5.762 ms
	Integration:            243.710 ms
	Integration of assets:  0.017 ms
	Thread Wait Time:       0.006 ms
	Total Operation Time:   249.494 ms
Thread 0x42865f000 may have been prematurely finalized
Unloading 35 Unused Serialized files (Serialized files now loaded: 0)
Loaded scene 'Temp/__Backupscenes/0.backup'
	Deserialize:            2.068 ms
	Integration:            15.943 ms
	Integration of assets:  0.001 ms
	Thread Wait Time:       0.008 ms
	Total Operation Time:   18.019 ms
Unloading 202 unused Assets / (0.5 MB). Loaded Objects now: 10156.
Memory consumption went from 375.5 MB to 375.0 MB.
Total: 19.096375 ms (FindLiveObjects: 0.304500 ms CreateObjectMapping: 0.085125 ms MarkObjects: 18.369500 ms  DeleteObjects: 0.251209 ms)

[Licensing::Client] Successfully resolved entitlement details
Thread 0x4503cf000 may have been prematurely finalized
SpriteAtlasPacking completed in 0.002230 sec
Entering Playmode with Reload Domain disabled.
If you experience any issues, please disable "Enter Play Mode Options" in Editor Settings
Loaded scene 'Temp/__Backupscenes/0.backup'
	Deserialize:            1.727 ms
	Integration:            17.953 ms
	Integration of assets:  0.012 ms
	Thread Wait Time:       0.007 ms
	Total Operation Time:   19.699 ms
Thread 0x450763000 may have been prematurely finalized
Unloading 11 Unused Serialized files (Serialized files now loaded: 0)
Loaded scene 'Temp/__Backupscenes/0.backup'
	Deserialize:            1.701 ms
	Integration:            15.816 ms
	Integration of assets:  0.002 ms
	Thread Wait Time:       0.006 ms
	Total Operation Time:   17.524 ms
Unloading 10 unused Assets / (0.7 MB). Loaded Objects now: 10156.
Memory consumption went from 368.3 MB to 367.5 MB.
Total: 17.518458 ms (FindLiveObjects: 0.317042 ms CreateObjectMapping: 0.154292 ms MarkObjects: 16.931375 ms  DeleteObjects: 0.035584 ms)

[Licensing::Client] Successfully resolved entitlement details
[ScriptCompilation] Requested script compilation because: AssetDatabase observed changes in script compilation related files
[Licensing::Client] Successfully resolved entitlement details
Starting: /Applications/Unity/Hub/Editor/6000.7.0a4/Unity.app/Contents/Resources/BuildPipeline/bee_backend --ipc --defer-dag-verification --dagfile="Library/Bee/200b0aE.dag" --continue-on-failure --profile="Library/Bee/backend1.traceevents" ScriptAssemblies
WorkingDir: /Users/isaac/UnityProjects/GameShowNight
ExitCode: 0 Duration: 0s398ms
[ 827/1105  0s] ILPP-Configuration Library/ilpp-configuration.nevergeneratedoutput
[1101/1105  0s] Csc Library/Bee/artifacts/200b0aE.dag/Assembly-CSharp.dll (+2 others)
[1102/1105  0s] ILPostProcess Library/Bee/artifacts/200b0aE.dag/post-processed/Assembly-CSharp.dll (+pdb)
Processing assembly Library/Bee/artifacts/200b0aE.dag/Assembly-CSharp.dll, with 145 defines and 371 references
processors: Unity.Jobs.CodeGen.JobsILPostProcessor, zzzUnity.Burst.CodeGen.BurstILPostProcessor
1 processor(s) skipped this assembly
running Unity.Jobs.CodeGen.JobsILPostProcessor
[1103/1105  0s] CopyFiles Library/ScriptAssemblies/Assembly-CSharp.dll
[1104/1105  0s] CopyFiles Library/ScriptAssemblies/Assembly-CSharp.pdb
*** Tundra build success (0.37 seconds), 5 items updated, 1105 evaluated
Reloading assemblies after forced synchronous recompile.
Total cache size 181821536
Total cache size after purge 181821536, took 00:00:00.1341426
2026-09-12 23:01:08.625 Unity[60376:1602523] NSEventModifierFlagFunction specified to -setKeyEquivalentModifierMask: for item <NSMenuItem: 0x8ddf75680 SDF, ke='Command-F12'>, but is only supported for system-provided menu items; will not be used
2026-09-12 23:01:08.628 Unity[60376:1602523] NSEventModifierFlagFunction specified to -setKeyEquivalentModifierMask: for item <NSMenuItem: 0x8ddf74aa0 SDF, ke='Command-F12'>, but is only supported for system-provided menu items; will not be used
2026-09-12 23:01:08.630 Unity[60376:1602523] NSEventModifierFlagFunction specified to -setKeyEquivalentModifierMask: for item <NSMenuItem: 0x8dc059540 SDF, ke='Command-F12'>, but is only supported for system-provided menu items; will not be used
2026-09-12 23:01:08.633 Unity[60376:1602523] NSEventModifierFlagFunction specified to -setKeyEquivalentModifierMask: for item <NSMenuItem: 0x8ddf76760 SDF, ke='Command-F12'>, but is only supported for system-provided menu items; will not be used
2026-09-12 23:01:08.635 Unity[60376:1602523] NSEventModifierFlagFunction specified to -setKeyEquivalentModifierMask: for item <NSMenuItem: 0x8dc05b840 SDF, ke='Command-F12'>, but is only supported for system-provided menu items; will not be used
2026-09-12 23:01:08.637 Unity[60376:1602523] NSEventModifierFlagFunction specified to -setKeyEquivalentModifierMask: for item <NSMenuItem: 0x8ddf74fa0 SDF, ke='Command-F12'>, but is only supported for system-provided menu items; will not be used
Begin MonoManager ReloadAssembly
Thread 0x42833b000 may have been prematurely finalized
Refreshing native plugins compatible for Editor in 2.19 ms, found 3 plugins.
[MODES] ModeService[none].Initialize
[MODES] ModeService[none].LoadModes
2026-09-12 23:01:09.682 Unity[60376:1602523] NSEventModifierFlagFunction specified to -setKeyEquivalentModifierMask: for item <NSMenuItem: 0x8dc0aea80 SDF, ke='Command-F12'>, but is only supported for system-provided menu items; will not be used
Native extension for OSXStandalone target not found
ScheduleIndexationOnStartup MainProcess:True IndexOnStartup:True
Scripting: successfully reloaded assembly
- Finished resetting the current domain, in  1.073 seconds
Domain Reload Profiling: 1722ms
	BeginReloadAssembly (405ms)
		DisableScriptedObjects (77ms)
		CreateAndSetChildDomain (174ms)
	RebuildCommonClasses (4ms)
	RebuildNativeTypeToScriptingClass (7ms)
	initialDomainReloadingComplete (26ms)
	LoadAllAssembliesAndSetupDomain (207ms)
		LoadAssemblies (93ms)
		TypeCache.Refresh (7ms)
		AnalyzeDomain (87ms)
			BuildScriptInfoCaches (80ms)
			ResolveRequiredComponents (3ms)
	FinalizeReload (1073ms)
		SetupLoadedEditorAssemblies (0ms)
			BeforeProcessingInitializeOnLoad (62ms)
			ProcessInitializeOnLoadAttributes (162ms)
			ProcessInitializeOnLoadMethodAttributes (33ms)
		AwakeInstancesAfterBackupRestoration (428ms)

Asset Pipeline Refresh (id=06ddfad9fc3ee4612bbfaeb5e73dc962): Total: 2.996 seconds - Initiated by RefreshV2(AllowForceSynchronousImport)
	(Values over 0.05ms)
	Summary:
		Imports: total=0 (actual=0, local cache=0, cache server=0)
		Asset DB Process Time: managed=0 ms, native=1568 ms
		Asset DB Callback time: managed=27 ms, native=21 ms
		Scripting: domain reloads=1, domain reload time=701 ms, compile time=1 ms, other=0 ms
		Project Asset Count: scripts=1598, non-scripts=3295
		Asset File Changes: new=0, changed=2, moved=0, deleted=0
		Scan Filter Count: 1
	InvokePackagesCallback: 0.451ms
	ApplyChangesToAssetFolders: 0.122ms
	Scan: 263.479ms
	Collect global state as custom dependencies: 6.486ms
	ProcessAssetsWithTransientArtifactChanges: 2.949ms
	CategorizeAssets: 40.598ms
	CompileScripts: 0.823ms
	ImportOutOfDateAssets: 1079.615ms (1078.186ms without children)
		CollectScriptTypesHashes: 0.862ms
		ReloadNativeAssets: 0.526ms
		UnloadImportedAssets: 0.184ms
		EnsureUptoDateAssetsAreRegisteredWithGuidPM: 0.396ms
		ImportSchedulerStart: 0.306ms
	PostProcessAllAssets: 27.458ms
		XRBuildSystem.XRAssetImported 0.091ms
		MonoPostProcessAllAssets: 27.139ms
			SpriteSlicePostprocessor.OnPostprocessAllAssets 3.783ms
			UniversalRenderPipelineGlobalSettingsPostprocessor.OnPostprocessAllAssets 3.046ms
			SyncVS.PostprocessSyncProject 2.833ms
			BuilderAssetPostprocessor.OnPostprocessAllAssets 2.535ms
			AssetChangedListener.OnPostprocessAllAssets 1.724ms
			SpeedTree9Postprocessor.OnPostprocessAllAssets 1.537ms
			AssetPostprocessor.OnPostprocessAllAssets 1.505ms
			WindowAssetPostprocessingWatcher.OnPostprocessAllAssets 0.688ms
			EditModeScopePostprocessor.OnPostprocessAllAssets 0.624ms
			ShaderGraphAssetPostProcessor.OnPostprocessAllAssets 0.491ms
			RetainedModeAssetPostprocessor.OnPostprocessAllAssets 0.408ms
			MaterialPostprocessor.OnPostprocessAllAssets 0.269ms
			SpriteEditorTexturePostprocessor.OnPostprocessAllAssets 0.269ms
			RenderPipelineGlobalSettingsPostprocessor.OnPostprocessAllAssets 0.250ms
			ArtifactBrowserPostProcessor.OnPostprocessAllAssets 0.234ms
			TMPro_TexturePostProcessor.OnPostprocessAllAssets 0.217ms
			SpriteShapeAssetPostProcessor.OnPostprocessAllAssets 0.209ms
			ShaderReflectionAssetPostProcessor.OnPostprocessAllAssets 0.203ms
			UVCSAssetPostprocessor.OnPostprocessAllAssets 0.166ms
			AudioMixerPostprocessor.OnPostprocessAllAssets 0.135ms
			TextAssetPostProcessor.OnPostprocessAllAssets 0.131ms
			InputActionAssetPostprocessor.OnPostprocessAllAssets 0.126ms
			ReferencedClipsPostProcessor.OnPostprocessAllAssets 0.123ms
			PostProcessor.OnPostprocessAllAssets 0.109ms
			AssetEvents.OnPostprocessAllAssets 0.094ms
			InputActionJsonNameModifierAssetProcessor.OnPostprocessAllAssets 0.093ms
			StyleCatalogPostProcessor.OnPostprocessAllAssets 0.091ms
			ConfigAssetsTracker.OnPostprocessAllAssets 0.087ms
			SpeedTreePostProcessor.OnPostprocessAllAssets 0.070ms
			SpriteLibraryAssetPostprocessor.OnPostprocessAllAssets 0.070ms
			TerrainToolbarOverlayPostProcessor.OnPostprocessAllAssets 0.060ms
			ProjectSettingsPostprocessor.OnPostprocessAllAssets 0.057ms
			AssetDatabaseCallbacks.OnPostprocessAllAssets 0.053ms
	PostAssetChangesProfiler: 17.329ms
	PersistCurrentRevisions: 0.098ms
	GenerateScriptTypeHashes: 1.427ms
	GenerateScriptTypeSerializationHashes: 2.700ms
	Untracked: 736.644ms

[Licensing::Client] Successfully resolved entitlement details
[Licensing::Client] Successfully resolved entitlement details
[Licensing::Client] Successfully resolved entitlement details
SpriteAtlasPacking completed in 0.002765 sec
Entering Playmode with Reload Domain disabled.
If you experience any issues, please disable "Enter Play Mode Options" in Editor Settings
Loaded scene 'Temp/__Backupscenes/0.backup'
	Deserialize:            6.154 ms
	Integration:            242.871 ms
	Integration of assets:  0.018 ms
	Thread Wait Time:       0.005 ms
	Total Operation Time:   249.047 ms
Thread 0x451133000 may have been prematurely finalized
Unloading 9 Unused Serialized files (Serialized files now loaded: 0)
Loaded scene 'Temp/__Backupscenes/0.backup'
	Deserialize:            2.151 ms
	Integration:            14.345 ms
	Integration of assets:  0.001 ms
	Thread Wait Time:       0.006 ms
	Total Operation Time:   16.503 ms
Unloading 48 unused Assets / (1.0 MB). Loaded Objects now: 10196.
Memory consumption went from 369.9 MB to 368.9 MB.
Total: 18.701458 ms (FindLiveObjects: 0.306041 ms CreateObjectMapping: 0.095000 ms MarkObjects: 18.105208 ms  DeleteObjects: 0.111167 ms)

[Licensing::Client] Successfully resolved entitlement details
[ScriptCompilation] Requested script compilation because: AssetDatabase observed changes in script compilation related files
Starting: /Applications/Unity/Hub/Editor/6000.7.0a4/Unity.app/Contents/Resources/BuildPipeline/bee_backend --ipc --defer-dag-verification --dagfile="Library/Bee/200b0aE.dag" --continue-on-failure --profile="Library/Bee/backend1.traceevents" ScriptAssemblies
WorkingDir: /Users/isaac/UnityProjects/GameShowNight
ExitCode: 0 Duration: 0s299ms
[ 827/1105  0s] ILPP-Configuration Library/ilpp-configuration.nevergeneratedoutput
[1101/1105  0s] Csc Library/Bee/artifacts/200b0aE.dag/Assembly-CSharp.dll (+2 others)
[1102/1105  0s] ILPostProcess Library/Bee/artifacts/200b0aE.dag/post-processed/Assembly-CSharp.dll (+pdb)
Processing assembly Library/Bee/artifacts/200b0aE.dag/Assembly-CSharp.dll, with 145 defines and 371 references
processors: Unity.Jobs.CodeGen.JobsILPostProcessor, zzzUnity.Burst.CodeGen.BurstILPostProcessor
1 processor(s) skipped this assembly
running Unity.Jobs.CodeGen.JobsILPostProcessor
[1103/1105  0s] CopyFiles Library/ScriptAssemblies/Assembly-CSharp.dll
[1104/1105  0s] CopyFiles Library/ScriptAssemblies/Assembly-CSharp.pdb
*** Tundra build success (0.27 seconds), 5 items updated, 1105 evaluated
2026-09-12 23:01:44.770 Unity[60376:1602523] NSEventModifierFlagFunction specified to -setKeyEquivalentModifierMask: for item <NSMenuItem: 0x8e1be59a0 SDF, ke='Command-F12'>, but is only supported for system-provided menu items; will not be used
2026-09-12 23:01:44.772 Unity[60376:1602523] NSEventModifierFlagFunction specified to -setKeyEquivalentModifierMask: for item <NSMenuItem: 0x8dc0ac3c0 SDF, ke='Command-F12'>, but is only supported for system-provided menu items; will not be used
2026-09-12 23:01:44.775 Unity[60376:1602523] NSEventModifierFlagFunction specified to -setKeyEquivalentModifierMask: for item <NSMenuItem: 0x8dc095860 SDF, ke='Command-F12'>, but is only supported for system-provided menu items; will not be used
2026-09-12 23:01:44.777 Unity[60376:1602523] NSEventModifierFlagFunction specified to -setKeyEquivalentModifierMask: for item <NSMenuItem: 0x8dc0ae080 SDF, ke='Command-F12'>, but is only supported for system-provided menu items; will not be used
2026-09-12 23:01:44.779 Unity[60376:1602523] NSEventModifierFlagFunction specified to -setKeyEquivalentModifierMask: for item <NSMenuItem: 0x8dc097340 SDF, ke='Command-F12'>, but is only supported for system-provided menu items; will not be used
2026-09-12 23:01:44.781 Unity[60376:1602523] NSEventModifierFlagFunction specified to -setKeyEquivalentModifierMask: for item <NSMenuItem: 0x8d2a16b20 SDF, ke='Command-F12'>, but is only supported for system-provided menu items; will not be used
Reloading assemblies after forced synchronous recompile.
Total cache size 181821536
Total cache size after purge 181821536, took 00:00:00.1148200
Begin MonoManager ReloadAssembly
Thread 0x4188d3000 may have been prematurely finalized
Refreshing native plugins compatible for Editor in 2.03 ms, found 3 plugins.
[MODES] ModeService[none].Initialize
[MODES] ModeService[none].LoadModes
2026-09-12 23:01:45.787 Unity[60376:1602523] NSEventModifierFlagFunction specified to -setKeyEquivalentModifierMask: for item <NSMenuItem: 0x8d23215e0 SDF, ke='Command-F12'>, but is only supported for system-provided menu items; will not be used
Native extension for OSXStandalone target not found
ScheduleIndexationOnStartup MainProcess:True IndexOnStartup:True
Scripting: successfully reloaded assembly
- Finished resetting the current domain, in  1.086 seconds
Domain Reload Profiling: 1689ms
	BeginReloadAssembly (372ms)
		DisableScriptedObjects (47ms)
		CreateAndSetChildDomain (180ms)
	RebuildCommonClasses (4ms)
	RebuildNativeTypeToScriptingClass (7ms)
	initialDomainReloadingComplete (23ms)
	LoadAllAssembliesAndSetupDomain (196ms)
		LoadAssemblies (81ms)
		TypeCache.Refresh (7ms)
		AnalyzeDomain (80ms)
			BuildScriptInfoCaches (76ms)
			ResolveRequiredComponents (3ms)
	FinalizeReload (1087ms)
		SetupLoadedEditorAssemblies (0ms)
			BeforeProcessingInitializeOnLoad (72ms)
			ProcessInitializeOnLoadAttributes (159ms)
			ProcessInitializeOnLoadMethodAttributes (33ms)
		AwakeInstancesAfterBackupRestoration (433ms)

Asset Pipeline Refresh (id=bb73725bdc98f4c1ba5e5782a976e264): Total: 2.714 seconds - Initiated by RefreshV2(AllowForceSynchronousImport)
	(Values over 0.05ms)
	Summary:
		Imports: total=0 (actual=0, local cache=0, cache server=0)
		Asset DB Process Time: managed=0 ms, native=1529 ms
		Asset DB Callback time: managed=23 ms, native=13 ms
		Scripting: domain reloads=1, domain reload time=642 ms, compile time=1 ms, other=0 ms
		Project Asset Count: scripts=1598, non-scripts=3295
		Asset File Changes: new=0, changed=1, moved=0, deleted=0
		Scan Filter Count: 1
	InvokePackagesCallback: 0.494ms
	ApplyChangesToAssetFolders: 0.138ms
	Scan: 259.943ms
	Collect global state as custom dependencies: 6.172ms
	ProcessAssetsWithTransientArtifactChanges: 2.343ms
	CategorizeAssets: 39.709ms
	CompileScripts: 0.785ms
	ImportOutOfDateAssets: 1092.319ms (1091.014ms without children)
		CollectScriptTypesHashes: 0.392ms
		ReloadNativeAssets: 0.545ms
		UnloadImportedAssets: 0.136ms
		EnsureUptoDateAssetsAreRegisteredWithGuidPM: 0.399ms
		ImportSchedulerStart: 0.209ms
	PostProcessAllAssets: 23.608ms
		XRBuildSystem.XRAssetImported 0.076ms
		MonoPostProcessAllAssets: 23.359ms
			UniversalRenderPipelineGlobalSettingsPostprocessor.OnPostprocessAllAssets 3.927ms
			SyncVS.PostprocessSyncProject 2.944ms
			BuilderAssetPostprocessor.OnPostprocessAllAssets 2.461ms
			AssetChangedListener.OnPostprocessAllAssets 1.717ms
			AssetPostprocessor.OnPostprocessAllAssets 1.520ms
			SpriteSlicePostprocessor.OnPostprocessAllAssets 0.811ms
			WindowAssetPostprocessingWatcher.OnPostprocessAllAssets 0.639ms
			EditModeScopePostprocessor.OnPostprocessAllAssets 0.557ms
			ShaderGraphAssetPostProcessor.OnPostprocessAllAssets 0.485ms
			RetainedModeAssetPostprocessor.OnPostprocessAllAssets 0.431ms
			SpeedTree9Postprocessor.OnPostprocessAllAssets 0.316ms
			MaterialPostprocessor.OnPostprocessAllAssets 0.296ms
			RenderPipelineGlobalSettingsPostprocessor.OnPostprocessAllAssets 0.265ms
			SpriteEditorTexturePostprocessor.OnPostprocessAllAssets 0.227ms
			ArtifactBrowserPostProcessor.OnPostprocessAllAssets 0.224ms
			SpriteShapeAssetPostProcessor.OnPostprocessAllAssets 0.204ms
			TMPro_TexturePostProcessor.OnPostprocessAllAssets 0.204ms
			ShaderReflectionAssetPostProcessor.OnPostprocessAllAssets 0.202ms
			PostProcessor.OnPostprocessAllAssets 0.134ms
			AudioMixerPostprocessor.OnPostprocessAllAssets 0.133ms
			InputActionAssetPostprocessor.OnPostprocessAllAssets 0.127ms
			UVCSAssetPostprocessor.OnPostprocessAllAssets 0.124ms
			TextAssetPostProcessor.OnPostprocessAllAssets 0.121ms
			ReferencedClipsPostProcessor.OnPostprocessAllAssets 0.106ms
			InputActionJsonNameModifierAssetProcessor.OnPostprocessAllAssets 0.098ms
			AssetEvents.OnPostprocessAllAssets 0.083ms
			SpriteLibraryAssetPostprocessor.OnPostprocessAllAssets 0.072ms
			StyleCatalogPostProcessor.OnPostprocessAllAssets 0.070ms
			ConfigAssetsTracker.OnPostprocessAllAssets 0.068ms
			TerrainToolbarOverlayPostProcessor.OnPostprocessAllAssets 0.064ms
			SpeedTreePostProcessor.OnPostprocessAllAssets 0.058ms
			ProjectSettingsPostprocessor.OnPostprocessAllAssets 0.055ms
			AssetDatabaseCallbacks.OnPostprocessAllAssets 0.052ms
	PostAssetChangesProfiler: 7.477ms
	PersistCurrentRevisions: 0.090ms
	GenerateScriptTypeHashes: 1.436ms
	GenerateScriptTypeSerializationHashes: 2.708ms
	Untracked: 672.578ms

[Licensing::Client] Successfully resolved entitlement details
[Licensing::Client] Successfully resolved entitlement details
[Licensing::Client] Successfully resolved entitlement details
[Worker0] Imported GUID: 134f4e2a0b3c94d41b6d7ecaef984b51 - Path: Assets/Prefab/CategoryTitle.prefab - Importer: PreviewImporter -> (Import Result ID: 'fcccc32642d0f6d7d8a033ec4699f7b9') in 0.03832 seconds
2026-09-12 23:02:15.493 Unity[60376:1602523] NSEventModifierFlagFunction specified to -setKeyEquivalentModifierMask: for item <NSMenuItem: 0x8ddf75cc0 SDF, ke='Command-F12'>, but is only supported for system-provided menu items; will not be used
2026-09-12 23:02:19.500 Unity[60376:1602523] NSEventModifierFlagFunction specified to -setKeyEquivalentModifierMask: for item <NSMenuItem: 0x8ddf76ee0 SDF, ke='Command-F12'>, but is only supported for system-provided menu items; will not be used
Importing 'GUID: 134f4e2a0b3c94d41b6d7ecaef984b51 - Path: Assets/Prefab/CategoryTitle.prefab' with importer (PrefabImporter)
Imported 'GUID: 134f4e2a0b3c94d41b6d7ecaef984b51' -> (Import Result ID: 'be780785905383b3572987ad653731d0') in 0.003 seconds [static and dynamic dependencies]. Details - ImportResultOutputID=88098b40d53c9fb371d8cb2cc1e337fa DependenciesID=3b2282a4b03db19c851cb4d57851f4b6 StaticDependenciesID=e9050d52df085bcc6a2310091b49e208 
Asset Pipeline Refresh (id=1236f155307954ee98e6ca981fbac757): Total: 0.057 seconds - Initiated by StopAssetImportingV2(NoUpdateAssetOptions)
[Worker0] Imported GUID: 134f4e2a0b3c94d41b6d7ecaef984b51 - Path: Assets/Prefab/CategoryTitle.prefab - Importer: PreviewImporter -> (Import Result ID: '25aa8f922ba9dc1b31a31d269cb699e6') in 0.016077209 seconds
Importing 'GUID: 134f4e2a0b3c94d41b6d7ecaef984b51 - Path: Assets/Prefab/CategoryTitle.prefab' with importer (PrefabImporter)
Imported 'GUID: 134f4e2a0b3c94d41b6d7ecaef984b51' -> (Import Result ID: 'e0d084ae3e2e75dbf953f7757c03639f') in 0.001 seconds [static and dynamic dependencies]. Details - ImportResultOutputID=b4d6126d2ab715adf6e0049acd0c8d63 DependenciesID=c7c64bb83fb1dc4b3df15406513b40a4 StaticDependenciesID=39af0e5a031759ce0994bfdaef483b04 
Asset Pipeline Refresh (id=35d4b63b7e9074c6f990103d724643dd): Total: 0.060 seconds - Initiated by StopAssetImportingV2(NoUpdateAssetOptions)
[Worker0] Imported GUID: 134f4e2a0b3c94d41b6d7ecaef984b51 - Path: Assets/Prefab/CategoryTitle.prefab - Importer: PreviewImporter -> (Import Result ID: '46bfb616c4767252539f15381396d1f3') in 0.01614225 seconds
Importing 'GUID: 134f4e2a0b3c94d41b6d7ecaef984b51 - Path: Assets/Prefab/CategoryTitle.prefab' with importer (PrefabImporter)
Imported 'GUID: 134f4e2a0b3c94d41b6d7ecaef984b51' -> (Import Result ID: 'cfdc88cb09355684794a645310e51719') in 0.001 seconds [static and dynamic dependencies]. Details - ImportResultOutputID=8064d962a00386b014c81fcb3d278228 DependenciesID=438629a5f2bb8050fd13ebc9fd3d75a3 StaticDependenciesID=a52a228b45c425ca8add68fef5b3bf2d 
Asset Pipeline Refresh (id=d5c508e42b3c74c3d9385d89e14c1844): Total: 0.075 seconds - Initiated by StopAssetImportingV2(NoUpdateAssetOptions)
[Worker0] Imported GUID: 134f4e2a0b3c94d41b6d7ecaef984b51 - Path: Assets/Prefab/CategoryTitle.prefab - Importer: PreviewImporter -> (Import Result ID: '751b56a678b791146cf86ba9ba4db993') in 0.017901833 seconds
Importing 'GUID: 134f4e2a0b3c94d41b6d7ecaef984b51 - Path: Assets/Prefab/CategoryTitle.prefab' with importer (PrefabImporter)
Imported 'GUID: 134f4e2a0b3c94d41b6d7ecaef984b51' -> (Import Result ID: 'e3dabecdd72b66c2de546658edc1b1cb') in 0.001 seconds [static and dynamic dependencies]. Details - ImportResultOutputID=47026ecdffe6b57666a3a6628e4fde04 DependenciesID=2d9f312e17cf2db8e5a7b933c4caf15e StaticDependenciesID=1d449bb866ee26803844b24bd99bef54 
Asset Pipeline Refresh (id=e7999456c9ac143f59908c7963bde26b): Total: 0.075 seconds - Initiated by StopAssetImportingV2(NoUpdateAssetOptions)
[Worker0] Imported GUID: 134f4e2a0b3c94d41b6d7ecaef984b51 - Path: Assets/Prefab/CategoryTitle.prefab - Importer: PreviewImporter -> (Import Result ID: 'da66d409903e7a06502575412b8f1d2c') in 0.016890083 seconds
Loaded scene 'Library/Unused/ca676ff77edde40efb3c5877ea2b767f'
	Deserialize:            0.322 ms
	Integration:            0.455 ms
	Integration of assets:  0.000 ms
	Thread Wait Time:       0.007 ms
	Total Operation Time:   0.785 ms
Unloading 1 Unused Serialized files (Serialized files now loaded: 0)
Unloading 79 unused Assets / (286.5 KB). Loaded Objects now: 10498.
Memory consumption went from 381.0 MB to 380.7 MB.
Total: 14.754959 ms (FindLiveObjects: 0.317459 ms CreateObjectMapping: 0.076041 ms MarkObjects: 13.741417 ms  DeleteObjects: 0.531958 ms)

Loaded scene 'Library/Unused/5115807f6c6524d94bf6797a6ed318f0'
	Deserialize:            0.190 ms
	Integration:            0.115 ms
	Integration of assets:  0.001 ms
	Thread Wait Time:       0.004 ms
	Total Operation Time:   0.309 ms
Unloading 4 Unused Serialized files (Serialized files now loaded: 0)
Unloading 4 unused Assets / (88.3 KB). Loaded Objects now: 10497.
Memory consumption went from 379.6 MB to 379.5 MB.
Total: 14.096459 ms (FindLiveObjects: 0.309583 ms CreateObjectMapping: 0.060125 ms MarkObjects: 13.590958 ms  DeleteObjects: 0.043416 ms)

Unloading 2 Unused Serialized files (Serialized files now loaded: 0)
Unloading 3 unused Assets / (6.8 KB). Loaded Objects now: 10477.
Memory consumption went from 379.6 MB to 379.6 MB.
Total: 14.919708 ms (FindLiveObjects: 0.312834 ms CreateObjectMapping: 0.070500 ms MarkObjects: 14.409708 ms  DeleteObjects: 0.040125 ms)

Asset Pipeline Refresh (id=82cb04334205f4908b5ed52178bd3617): Total: 0.170 seconds - Initiated by RefreshV2(AllowForceSynchronousImport)
[ScriptCompilation] Requested script compilation because: AssetDatabase observed changes in script compilation related files
[Licensing::Client] Successfully resolved entitlement details
Starting: /Applications/Unity/Hub/Editor/6000.7.0a4/Unity.app/Contents/Resources/BuildPipeline/bee_backend --ipc --defer-dag-verification --dagfile="Library/Bee/200b0aE.dag" --continue-on-failure --profile="Library/Bee/backend1.traceevents" ScriptAssemblies
WorkingDir: /Users/isaac/UnityProjects/GameShowNight
ExitCode: 0 Duration: 0s375ms
[ 827/1105  0s] ILPP-Configuration Library/ilpp-configuration.nevergeneratedoutput
[1101/1105  0s] Csc Library/Bee/artifacts/200b0aE.dag/Assembly-CSharp.dll (+2 others)
[1102/1105  0s] ILPostProcess Library/Bee/artifacts/200b0aE.dag/post-processed/Assembly-CSharp.dll (+pdb)
Processing assembly Library/Bee/artifacts/200b0aE.dag/Assembly-CSharp.dll, with 145 defines and 371 references
processors: Unity.Jobs.CodeGen.JobsILPostProcessor, zzzUnity.Burst.CodeGen.BurstILPostProcessor
1 processor(s) skipped this assembly
running Unity.Jobs.CodeGen.JobsILPostProcessor
[1103/1105  0s] CopyFiles Library/ScriptAssemblies/Assembly-CSharp.pdb
[1104/1105  0s] CopyFiles Library/ScriptAssemblies/Assembly-CSharp.dll
*** Tundra build success (0.35 seconds), 5 items updated, 1105 evaluated
Reloading assemblies after forced synchronous recompile.
2026-09-12 23:04:30.818 Unity[60376:1602523] NSEventModifierFlagFunction specified to -setKeyEquivalentModifierMask: for item <NSMenuItem: 0x8dc0a2da0 SDF, ke='Command-F12'>, but is only supported for system-provided menu items; will not be used
2026-09-12 23:04:30.821 Unity[60376:1602523] NSEventModifierFlagFunction specified to -setKeyEquivalentModifierMask: for item <NSMenuItem: 0x8ddf77160 SDF, ke='Command-F12'>, but is only supported for system-provided menu items; will not be used
2026-09-12 23:04:30.823 Unity[60376:1602523] NSEventModifierFlagFunction specified to -setKeyEquivalentModifierMask: for item <NSMenuItem: 0x8dc0a2f80 SDF, ke='Command-F12'>, but is only supported for system-provided menu items; will not be used
2026-09-12 23:04:30.825 Unity[60376:1602523] NSEventModifierFlagFunction specified to -setKeyEquivalentModifierMask: for item <NSMenuItem: 0x8dc094aa0 SDF, ke='Command-F12'>, but is only supported for system-provided menu items; will not be used
2026-09-12 23:04:30.828 Unity[60376:1602523] NSEventModifierFlagFunction specified to -setKeyEquivalentModifierMask: for item <NSMenuItem: 0x8d2a17020 SDF, ke='Command-F12'>, but is only supported for system-provided menu items; will not be used
2026-09-12 23:04:30.830 Unity[60376:1602523] NSEventModifierFlagFunction specified to -setKeyEquivalentModifierMask: for item <NSMenuItem: 0x8d2322080 SDF, ke='Command-F12'>, but is only supported for system-provided menu items; will not be used
Total cache size 181821536
Total cache size after purge 181821536, took 00:00:00.1417938
Begin MonoManager ReloadAssembly
Thread 0x42857f000 may have been prematurely finalized
Refreshing native plugins compatible for Editor in 2.15 ms, found 3 plugins.
[MODES] ModeService[none].Initialize
[MODES] ModeService[none].LoadModes
Native extension for OSXStandalone target not found
2026-09-12 23:04:31.817 Unity[60376:1602523] NSEventModifierFlagFunction specified to -setKeyEquivalentModifierMask: for item <NSMenuItem: 0x8ddf76260 SDF, ke='Command-F12'>, but is only supported for system-provided menu items; will not be used
ScheduleIndexationOnStartup MainProcess:True IndexOnStartup:True
Scripting: successfully reloaded assembly
- Finished resetting the current domain, in  1.058 seconds
Domain Reload Profiling: 1662ms
	BeginReloadAssembly (364ms)
		DisableScriptedObjects (51ms)
		CreateAndSetChildDomain (165ms)
	RebuildCommonClasses (4ms)
	RebuildNativeTypeToScriptingClass (7ms)
	initialDomainReloadingComplete (32ms)
	LoadAllAssembliesAndSetupDomain (196ms)
		LoadAssemblies (84ms)
		TypeCache.Refresh (8ms)
		AnalyzeDomain (80ms)
			BuildScriptInfoCaches (76ms)
			ResolveRequiredComponents (3ms)
	FinalizeReload (1059ms)
		SetupLoadedEditorAssemblies (0ms)
			BeforeProcessingInitializeOnLoad (61ms)
			ProcessInitializeOnLoadAttributes (150ms)
			ProcessInitializeOnLoadMethodAttributes (37ms)
		AwakeInstancesAfterBackupRestoration (414ms)
Refreshing native plugins compatible for Editor in 3.77 ms, found 3 plugins.

Asset Pipeline Refresh (id=aea33f707c2654b8f9690d174bbd107d): Total: 2.904 seconds - Initiated by RefreshV2(AllowForceSynchronousImport)
	(Values over 0.05ms)
	Summary:
		Imports: total=0 (actual=0, local cache=0, cache server=0)
		Asset DB Process Time: managed=0 ms, native=1556 ms
		Asset DB Callback time: managed=24 ms, native=43 ms
		Scripting: domain reloads=1, domain reload time=661 ms, compile time=1 ms, other=0 ms
		Project Asset Count: scripts=1598, non-scripts=3295
		Asset File Changes: new=0, changed=1, moved=0, deleted=0
		Scan Filter Count: 1
	InvokePackagesCallback: 0.454ms
	ApplyChangesToAssetFolders: 0.147ms
	Scan: 260.059ms
	Collect global state as custom dependencies: 6.818ms
	ProcessAssetsWithTransientArtifactChanges: 2.003ms
	CategorizeAssets: 39.590ms
	CompileScripts: 0.767ms
	ImportOutOfDateAssets: 1064.757ms (1063.444ms without children)
		CollectScriptTypesHashes: 0.572ms
		ReloadNativeAssets: 0.558ms
		UnloadImportedAssets: 0.112ms
		EnsureUptoDateAssetsAreRegisteredWithGuidPM: 0.391ms
		ImportSchedulerStart: 0.233ms
	PostProcessAllAssets: 24.621ms
		XRBuildSystem.XRAssetImported 0.083ms
		MonoPostProcessAllAssets: 24.354ms
			SyncVS.PostprocessSyncProject 3.246ms
			UniversalRenderPipelineGlobalSettingsPostprocessor.OnPostprocessAllAssets 2.999ms
			BuilderAssetPostprocessor.OnPostprocessAllAssets 2.429ms
			AssetChangedListener.OnPostprocessAllAssets 1.783ms
			AssetPostprocessor.OnPostprocessAllAssets 1.504ms
			SpeedTree9Postprocessor.OnPostprocessAllAssets 1.392ms
			SpriteSlicePostprocessor.OnPostprocessAllAssets 0.914ms
			WindowAssetPostprocessingWatcher.OnPostprocessAllAssets 0.660ms
			EditModeScopePostprocessor.OnPostprocessAllAssets 0.562ms
			ShaderGraphAssetPostProcessor.OnPostprocessAllAssets 0.547ms
			RetainedModeAssetPostprocessor.OnPostprocessAllAssets 0.434ms
			MaterialPostprocessor.OnPostprocessAllAssets 0.311ms
			SpriteEditorTexturePostprocessor.OnPostprocessAllAssets 0.297ms
			RenderPipelineGlobalSettingsPostprocessor.OnPostprocessAllAssets 0.231ms
			SpriteShapeAssetPostProcessor.OnPostprocessAllAssets 0.228ms
			ArtifactBrowserPostProcessor.OnPostprocessAllAssets 0.219ms
			TMPro_TexturePostProcessor.OnPostprocessAllAssets 0.210ms
			ShaderReflectionAssetPostProcessor.OnPostprocessAllAssets 0.200ms
			InputActionAssetPostprocessor.OnPostprocessAllAssets 0.135ms
			UVCSAssetPostprocessor.OnPostprocessAllAssets 0.133ms
			AudioMixerPostprocessor.OnPostprocessAllAssets 0.127ms
			TextAssetPostProcessor.OnPostprocessAllAssets 0.126ms
			InputActionJsonNameModifierAssetProcessor.OnPostprocessAllAssets 0.114ms
			ReferencedClipsPostProcessor.OnPostprocessAllAssets 0.105ms
			PostProcessor.OnPostprocessAllAssets 0.100ms
			AssetEvents.OnPostprocessAllAssets 0.082ms
			SpriteLibraryAssetPostprocessor.OnPostprocessAllAssets 0.073ms
			StyleCatalogPostProcessor.OnPostprocessAllAssets 0.068ms
			ConfigAssetsTracker.OnPostprocessAllAssets 0.066ms
			TerrainToolbarOverlayPostProcessor.OnPostprocessAllAssets 0.066ms
			ThemePostprocessor.OnPostprocessAllAssets 0.063ms
			ProjectSettingsPostprocessor.OnPostprocessAllAssets 0.062ms
			SpeedTreePostProcessor.OnPostprocessAllAssets 0.061ms
			PSDImportPostProcessor.OnPostprocessAllAssets 0.051ms
	PostAssetChangesProfiler: 36.959ms
	PersistCurrentRevisions: 0.098ms
	GenerateScriptTypeHashes: 1.443ms
	GenerateScriptTypeSerializationHashes: 2.721ms
	Untracked: 687.020ms

[Licensing::Client] Successfully resolved entitlement details
[Licensing::Client] Successfully resolved entitlement details
[Licensing::Client] Successfully resolved entitlement details
SpriteAtlasPacking completed in 0.002844 sec
Entering Playmode with Reload Domain disabled.
If you experience any issues, please disable "Enter Play Mode Options" in Editor Settings
Loaded scene 'Temp/__Backupscenes/0.backup'
	Deserialize:            5.781 ms
	Integration:            258.563 ms
	Integration of assets:  0.014 ms
	Thread Wait Time:       0.002 ms
	Total Operation Time:   264.360 ms
Thread 0x45596f000 may have been prematurely finalized
Unloading 9 Unused Serialized files (Serialized files now loaded: 0)
Loaded scene 'Temp/__Backupscenes/0.backup'
	Deserialize:            2.138 ms
	Integration:            13.736 ms
	Integration of assets:  0.001 ms
	Thread Wait Time:       0.008 ms
	Total Operation Time:   15.883 ms
Unloading 46 unused Assets / (356.3 KB). Loaded Objects now: 10351.
Memory consumption went from 376.7 MB to 376.4 MB.
Total: 19.674041 ms (FindLiveObjects: 0.306334 ms CreateObjectMapping: 0.066208 ms MarkObjects: 19.096000 ms  DeleteObjects: 0.118917 ms)

[Licensing::Client] Successfully resolved entitlement details
[ScriptCompilation] Requested script compilation because: AssetDatabase observed changes in script compilation related files
[Licensing::Client] Successfully resolved entitlement details
Starting: /Applications/Unity/Hub/Editor/6000.7.0a4/Unity.app/Contents/Resources/BuildPipeline/bee_backend --ipc --defer-dag-verification --dagfile="Library/Bee/200b0aE.dag" --continue-on-failure --profile="Library/Bee/backend1.traceevents" ScriptAssemblies
WorkingDir: /Users/isaac/UnityProjects/GameShowNight
ExitCode: 0 Duration: 0s384ms
[ 827/1105  0s] ILPP-Configuration Library/ilpp-configuration.nevergeneratedoutput
[ 909/1105  0s] Csc Library/Bee/artifacts/200b0aE.dag/Assembly-CSharp.dll (+2 others)
[1102/1105  0s] ILPostProcess Library/Bee/artifacts/200b0aE.dag/post-processed/Assembly-CSharp.dll (+pdb)
Processing assembly Library/Bee/artifacts/200b0aE.dag/Assembly-CSharp.dll, with 145 defines and 371 references
processors: Unity.Jobs.CodeGen.JobsILPostProcessor, zzzUnity.Burst.CodeGen.BurstILPostProcessor
1 processor(s) skipped this assembly
running Unity.Jobs.CodeGen.JobsILPostProcessor
[1103/1105  0s] CopyFiles Library/ScriptAssemblies/Assembly-CSharp.dll
[1104/1105  0s] CopyFiles Library/ScriptAssemblies/Assembly-CSharp.pdb
*** Tundra build success (0.36 seconds), 5 items updated, 1105 evaluated
Reloading assemblies after forced synchronous recompile.
Total cache size 181821536
Total cache size after purge 181821536, took 00:00:00.1431729
2026-09-12 23:07:10.029 Unity[60376:1602523] NSEventModifierFlagFunction specified to -setKeyEquivalentModifierMask: for item <NSMenuItem: 0x8e1af1680 SDF, ke='Command-F12'>, but is only supported for system-provided menu items; will not be used
2026-09-12 23:07:10.032 Unity[60376:1602523] NSEventModifierFlagFunction specified to -setKeyEquivalentModifierMask: for item <NSMenuItem: 0x8d28a6580 SDF, ke='Command-F12'>, but is only supported for system-provided menu items; will not be used
2026-09-12 23:07:10.035 Unity[60376:1602523] NSEventModifierFlagFunction specified to -setKeyEquivalentModifierMask: for item <NSMenuItem: 0x8dc05abc0 SDF, ke='Command-F12'>, but is only supported for system-provided menu items; will not be used
2026-09-12 23:07:10.038 Unity[60376:1602523] NSEventModifierFlagFunction specified to -setKeyEquivalentModifierMask: for item <NSMenuItem: 0x8ddeb1400 SDF, ke='Command-F12'>, but is only supported for system-provided menu items; will not be used
2026-09-12 23:07:10.041 Unity[60376:1602523] NSEventModifierFlagFunction specified to -setKeyEquivalentModifierMask: for item <NSMenuItem: 0x8dc0ae440 SDF, ke='Command-F12'>, but is only supported for system-provided menu items; will not be used
2026-09-12 23:07:10.043 Unity[60376:1602523] NSEventModifierFlagFunction specified to -setKeyEquivalentModifierMask: for item <NSMenuItem: 0x8e1af00a0 SDF, ke='Command-F12'>, but is only supported for system-provided menu items; will not be used
Thread 0x42092b000 may have been prematurely finalized
Begin MonoManager ReloadAssembly
[MODES] ModeService[none].Initialize
[MODES] ModeService[none].LoadModes
Native extension for OSXStandalone target not found
2026-09-12 23:07:11.061 Unity[60376:1602523] NSEventModifierFlagFunction specified to -setKeyEquivalentModifierMask: for item <NSMenuItem: 0x8ddf77ac0 SDF, ke='Command-F12'>, but is only supported for system-provided menu items; will not be used
ScheduleIndexationOnStartup MainProcess:True IndexOnStartup:True
Scripting: successfully reloaded assembly
- Finished resetting the current domain, in  1.033 seconds
Domain Reload Profiling: 1681ms
	BeginReloadAssembly (401ms)
		DisableScriptedObjects (51ms)
		CreateAndSetChildDomain (193ms)
	RebuildCommonClasses (4ms)
	RebuildNativeTypeToScriptingClass (7ms)
	initialDomainReloadingComplete (31ms)
	LoadAllAssembliesAndSetupDomain (205ms)
		LoadAssemblies (94ms)
		TypeCache.Refresh (7ms)
		AnalyzeDomain (84ms)
			BuildScriptInfoCaches (79ms)
			ResolveRequiredComponents (3ms)
	FinalizeReload (1033ms)
		SetupLoadedEditorAssemblies (0ms)
			BeforeProcessingInitializeOnLoad (66ms)
			ProcessInitializeOnLoadAttributes (143ms)
			ProcessInitializeOnLoadMethodAttributes (33ms)
		AwakeInstancesAfterBackupRestoration (418ms)

Asset Pipeline Refresh (id=608cd7532e24e49ce92bd11ffaaa98df): Total: 2.885 seconds - Initiated by RefreshV2(AllowForceSynchronousImport)
	(Values over 0.05ms)
	Summary:
		Imports: total=0 (actual=0, local cache=0, cache server=0)
		Asset DB Process Time: managed=0 ms, native=1505 ms
		Asset DB Callback time: managed=29 ms, native=20 ms
		Scripting: domain reloads=1, domain reload time=702 ms, compile time=1 ms, other=0 ms
		Project Asset Count: scripts=1598, non-scripts=3295
		Asset File Changes: new=0, changed=1, moved=0, deleted=0
		Scan Filter Count: 1
	InvokePackagesCallback: 0.471ms
	ApplyChangesToAssetFolders: 0.143ms
	Scan: 260.158ms
	Collect global state as custom dependencies: 2.112ms
	ProcessAssetsWithTransientArtifactChanges: 2.675ms
	CategorizeAssets: 41.950ms
	CompileScripts: 0.790ms
	ImportOutOfDateAssets: 1038.866ms (1037.424ms without children)
		CollectScriptTypesHashes: 0.627ms
		ReloadNativeAssets: 0.573ms
		UnloadImportedAssets: 0.136ms
		EnsureUptoDateAssetsAreRegisteredWithGuidPM: 0.397ms
		ImportSchedulerStart: 0.319ms
	PostProcessAllAssets: 27.306ms
		XRBuildSystem.XRAssetImported 0.099ms
		MonoPostProcessAllAssets: 27.012ms
			UniversalRenderPipelineGlobalSettingsPostprocessor.OnPostprocessAllAssets 6.220ms
			SyncVS.PostprocessSyncProject 3.196ms
			BuilderAssetPostprocessor.OnPostprocessAllAssets 2.454ms
			AssetChangedListener.OnPostprocessAllAssets 1.753ms
			AssetPostprocessor.OnPostprocessAllAssets 1.390ms
			SpeedTree9Postprocessor.OnPostprocessAllAssets 1.245ms
			SpriteSlicePostprocessor.OnPostprocessAllAssets 0.835ms
			WindowAssetPostprocessingWatcher.OnPostprocessAllAssets 0.663ms
			EditModeScopePostprocessor.OnPostprocessAllAssets 0.587ms
			RetainedModeAssetPostprocessor.OnPostprocessAllAssets 0.456ms
			ShaderGraphAssetPostProcessor.OnPostprocessAllAssets 0.447ms
			MaterialPostprocessor.OnPostprocessAllAssets 0.274ms
			SpriteEditorTexturePostprocessor.OnPostprocessAllAssets 0.256ms
			RenderPipelineGlobalSettingsPostprocessor.OnPostprocessAllAssets 0.242ms
			ArtifactBrowserPostProcessor.OnPostprocessAllAssets 0.213ms
			TMPro_TexturePostProcessor.OnPostprocessAllAssets 0.210ms
			SpriteShapeAssetPostProcessor.OnPostprocessAllAssets 0.204ms
			ShaderReflectionAssetPostProcessor.OnPostprocessAllAssets 0.203ms
			InputActionAssetPostprocessor.OnPostprocessAllAssets 0.129ms
			AudioMixerPostprocessor.OnPostprocessAllAssets 0.128ms
			UVCSAssetPostprocessor.OnPostprocessAllAssets 0.122ms
			TextAssetPostProcessor.OnPostprocessAllAssets 0.120ms
			InputActionJsonNameModifierAssetProcessor.OnPostprocessAllAssets 0.106ms
			ReferencedClipsPostProcessor.OnPostprocessAllAssets 0.105ms
			PostProcessor.OnPostprocessAllAssets 0.089ms
			SpriteLibraryAssetPostprocessor.OnPostprocessAllAssets 0.084ms
			AssetEvents.OnPostprocessAllAssets 0.073ms
			StyleCatalogPostProcessor.OnPostprocessAllAssets 0.071ms
			ConfigAssetsTracker.OnPostprocessAllAssets 0.064ms
			TerrainToolbarOverlayPostProcessor.OnPostprocessAllAssets 0.060ms
			SpeedTreePostProcessor.OnPostprocessAllAssets 0.060ms
			ProjectSettingsPostprocessor.OnPostprocessAllAssets 0.056ms
	PostAssetChangesProfiler: 14.728ms
	PersistCurrentRevisions: 0.092ms
	GenerateScriptTypeHashes: 1.427ms
	GenerateScriptTypeSerializationHashes: 2.679ms
	Untracked: 737.398ms

[Licensing::Client] Successfully resolved entitlement details
[Licensing::Client] Successfully resolved entitlement details
[Licensing::Client] Successfully resolved entitlement details
SpriteAtlasPacking completed in 0.002416 sec
Entering Playmode with Reload Domain disabled.
If you experience any issues, please disable "Enter Play Mode Options" in Editor Settings
Loaded scene 'Temp/__Backupscenes/0.backup'
	Deserialize:            6.095 ms
	Integration:            232.059 ms
	Integration of assets:  0.015 ms
	Thread Wait Time:       0.004 ms
	Total Operation Time:   238.173 ms
Thread 0x45122b000 may have been prematurely finalized
Unloading 8 Unused Serialized files (Serialized files now loaded: 0)
Loaded scene 'Temp/__Backupscenes/0.backup'
	Deserialize:            2.138 ms
	Integration:            14.325 ms
	Integration of assets:  0.001 ms
	Thread Wait Time:       0.008 ms
	Total Operation Time:   16.472 ms
Unloading 30 unused Assets / (0.5 MB). Loaded Objects now: 10382.
Memory consumption went from 378.9 MB to 378.3 MB.
Total: 20.207500 ms (FindLiveObjects: 0.307625 ms CreateObjectMapping: 0.088792 ms MarkObjects: 19.653250 ms  DeleteObjects: 0.066584 ms)

[Licensing::Client] Successfully resolved entitlement details
Thread 0x450a37000 may have been prematurely finalized
SpriteAtlasPacking completed in 0.002309 sec
Entering Playmode with Reload Domain disabled.
If you experience any issues, please disable "Enter Play Mode Options" in Editor Settings
Loaded scene 'Temp/__Backupscenes/0.backup'
	Deserialize:            1.704 ms
	Integration:            16.285 ms
	Integration of assets:  0.010 ms
	Thread Wait Time:       0.004 ms
	Total Operation Time:   18.004 ms
Thread 0x451ec3000 may have been prematurely finalized
Unloading 11 Unused Serialized files (Serialized files now loaded: 0)
Loaded scene 'Temp/__Backupscenes/0.backup'
	Deserialize:            1.610 ms
	Integration:            14.196 ms
	Integration of assets:  0.001 ms
	Thread Wait Time:       0.007 ms
	Total Operation Time:   15.814 ms
Unloading 10 unused Assets / (0.7 MB). Loaded Objects now: 10382.
Memory consumption went from 378.2 MB to 377.5 MB.
Total: 20.254542 ms (FindLiveObjects: 0.319416 ms CreateObjectMapping: 0.093625 ms MarkObjects: 19.728667 ms  DeleteObjects: 0.031750 ms)

Asset Pipeline Refresh (id=7763f0be5fe00421aa3005695edad733): Total: 0.228 seconds - Initiated by RefreshV2(AllowForceSynchronousImport)
[ScriptCompilation] Requested script compilation because: AssetDatabase observed changes in script compilation related files
[Licensing::Client] Successfully resolved entitlement details
Asset Pipeline Refresh (id=b3f0e712b23b2461ea66dd6c7687b8f4): Total: 0.183 seconds - Initiated by StopAssetImportingV2(NoUpdateAssetOptions)
Asset Pipeline Refresh (id=e4838d473cb494c22977716ca30a162d): Total: 0.005 seconds - Initiated by StopAssetImportingV2(NoUpdateAssetOptions)
Starting: /Applications/Unity/Hub/Editor/6000.7.0a4/Unity.app/Contents/Resources/BuildPipeline/bee_backend --ipc --defer-dag-verification --dagfile="Library/Bee/200b0aE.dag" --continue-on-failure --profile="Library/Bee/backend1.traceevents" ScriptAssemblies
WorkingDir: /Users/isaac/UnityProjects/GameShowNight
Starting: /Applications/Unity/Hub/Editor/6000.7.0a4/Unity.app/Contents/Resources/Scripting/DotNetSdk/dotnet "/Applications/Unity/Hub/Editor/6000.7.0a4/Unity.app/Contents/Resources/BuildPipeline/ScriptCompilationBuildProgram.exe" "Library/Bee/200b0aE.dag.json" "Library/Bee/200b0aE-inputdata.json" "Library/Bee/buildprogram0.traceevents"
WorkingDir: /Users/isaac/UnityProjects/GameShowNight
[Worker0] Imported GUID: 0e0e3437e2d0e4c7c938a9bdd68df3a3 - Path: Assets/Scripts/Controllers/QuestionController.cs - Importer: PreviewImporter -> (Import Result ID: '67f5feb33d32143ecd27f5dfb6989497') in 0.012066083 seconds
[Worker0] Imported GUID: 0e0e3437e2d0e4c7c938a9bdd68df3a3 - Path: Assets/Scripts/Controllers/QuestionController.cs - Importer: PreviewImporter -> (Import Result ID: '67f5feb33d32143ecd27f5dfb6989497') in 0.008558667 seconds
ExitCode: 4 Duration: 0s276ms
Rebuilding DAG because FileSignature timestamp changed: Library/Bee/200b0aE-inputdata.json
*** Tundra requires additional run (0.15 seconds), 0 items updated, 556 evaluated
[Worker0] Imported GUID: 0e0e3437e2d0e4c7c938a9bdd68df3a3 - Path: Assets/Scripts/Controllers/QuestionController.cs - Importer: PreviewImporter -> (Import Result ID: '67f5feb33d32143ecd27f5dfb6989497') in 0.008392958 seconds
[Worker0] Imported GUID: 0e0e3437e2d0e4c7c938a9bdd68df3a3 - Path: Assets/Scripts/Controllers/QuestionController.cs - Importer: PreviewImporter -> (Import Result ID: '67f5feb33d32143ecd27f5dfb6989497') in 0.008665042 seconds
[Worker0] Imported GUID: 0e0e3437e2d0e4c7c938a9bdd68df3a3 - Path: Assets/Scripts/Controllers/QuestionController.cs - Importer: PreviewImporter -> (Import Result ID: '67f5feb33d32143ecd27f5dfb6989497') in 0.00849825 seconds
[Worker0] Imported GUID: 0e0e3437e2d0e4c7c938a9bdd68df3a3 - Path: Assets/Scripts/Controllers/QuestionController.cs - Importer: PreviewImporter -> (Import Result ID: '67f5feb33d32143ecd27f5dfb6989497') in 0.008843083 seconds
[Worker0] Imported GUID: 0e0e3437e2d0e4c7c938a9bdd68df3a3 - Path: Assets/Scripts/Controllers/QuestionController.cs - Importer: PreviewImporter -> (Import Result ID: '67f5feb33d32143ecd27f5dfb6989497') in 0.008467833 seconds
[Worker0] Imported GUID: 0e0e3437e2d0e4c7c938a9bdd68df3a3 - Path: Assets/Scripts/Controllers/QuestionController.cs - Importer: PreviewImporter -> (Import Result ID: '67f5feb33d32143ecd27f5dfb6989497') in 0.008599042 seconds
[Worker0] Imported GUID: 0e0e3437e2d0e4c7c938a9bdd68df3a3 - Path: Assets/Scripts/Controllers/QuestionController.cs - Importer: PreviewImporter -> (Import Result ID: '67f5feb33d32143ecd27f5dfb6989497') in 0.008630333 seconds
[Worker0] Imported GUID: 0e0e3437e2d0e4c7c938a9bdd68df3a3 - Path: Assets/Scripts/Controllers/QuestionController.cs - Importer: PreviewImporter -> (Import Result ID: '67f5feb33d32143ecd27f5dfb6989497') in 0.008994458 seconds
[Worker0] Imported GUID: 0e0e3437e2d0e4c7c938a9bdd68df3a3 - Path: Assets/Scripts/Controllers/QuestionController.cs - Importer: PreviewImporter -> (Import Result ID: '67f5feb33d32143ecd27f5dfb6989497') in 0.0089645 seconds
[Worker0] Imported GUID: 0e0e3437e2d0e4c7c938a9bdd68df3a3 - Path: Assets/Scripts/Controllers/QuestionController.cs - Importer: PreviewImporter -> (Import Result ID: '67f5feb33d32143ecd27f5dfb6989497') in 0.008653875 seconds
[Worker0] Imported GUID: 0e0e3437e2d0e4c7c938a9bdd68df3a3 - Path: Assets/Scripts/Controllers/QuestionController.cs - Importer: PreviewImporter -> (Import Result ID: '67f5feb33d32143ecd27f5dfb6989497') in 0.009065833 seconds
[Worker0] Imported GUID: 0e0e3437e2d0e4c7c938a9bdd68df3a3 - Path: Assets/Scripts/Controllers/QuestionController.cs - Importer: PreviewImporter -> (Import Result ID: '67f5feb33d32143ecd27f5dfb6989497') in 0.009094708 seconds
[Worker0] Imported GUID: 0e0e3437e2d0e4c7c938a9bdd68df3a3 - Path: Assets/Scripts/Controllers/QuestionController.cs - Importer: PreviewImporter -> (Import Result ID: '67f5feb33d32143ecd27f5dfb6989497') in 0.00870825 seconds
[Worker0] Imported GUID: 0e0e3437e2d0e4c7c938a9bdd68df3a3 - Path: Assets/Scripts/Controllers/QuestionController.cs - Importer: PreviewImporter -> (Import Result ID: '67f5feb33d32143ecd27f5dfb6989497') in 0.008593583 seconds
[Worker0] Imported GUID: 0e0e3437e2d0e4c7c938a9bdd68df3a3 - Path: Assets/Scripts/Controllers/QuestionController.cs - Importer: PreviewImporter -> (Import Result ID: '67f5feb33d32143ecd27f5dfb6989497') in 0.008542917 seconds
[Worker0] Imported GUID: 0e0e3437e2d0e4c7c938a9bdd68df3a3 - Path: Assets/Scripts/Controllers/QuestionController.cs - Importer: PreviewImporter -> (Import Result ID: '67f5feb33d32143ecd27f5dfb6989497') in 0.008727792 seconds
[Worker0] Imported GUID: 0e0e3437e2d0e4c7c938a9bdd68df3a3 - Path: Assets/Scripts/Controllers/QuestionController.cs - Importer: PreviewImporter -> (Import Result ID: '67f5feb33d32143ecd27f5dfb6989497') in 0.008518916 seconds
[Worker0] Imported GUID: 0e0e3437e2d0e4c7c938a9bdd68df3a3 - Path: Assets/Scripts/Controllers/QuestionController.cs - Importer: PreviewImporter -> (Import Result ID: '67f5feb33d32143ecd27f5dfb6989497') in 0.008458208 seconds
[Worker0] Imported GUID: 0e0e3437e2d0e4c7c938a9bdd68df3a3 - Path: Assets/Scripts/Controllers/QuestionController.cs - Importer: PreviewImporter -> (Import Result ID: '67f5feb33d32143ecd27f5dfb6989497') in 0.008561 seconds
[Worker0] Imported GUID: 0e0e3437e2d0e4c7c938a9bdd68df3a3 - Path: Assets/Scripts/Controllers/QuestionController.cs - Importer: PreviewImporter -> (Import Result ID: '67f5feb33d32143ecd27f5dfb6989497') in 0.008550042 seconds
[Worker0] Imported GUID: 0e0e3437e2d0e4c7c938a9bdd68df3a3 - Path: Assets/Scripts/Controllers/QuestionController.cs - Importer: PreviewImporter -> (Import Result ID: '67f5feb33d32143ecd27f5dfb6989497') in 0.008772875 seconds
[Worker0] Imported GUID: 0e0e3437e2d0e4c7c938a9bdd68df3a3 - Path: Assets/Scripts/Controllers/QuestionController.cs - Importer: PreviewImporter -> (Import Result ID: '67f5feb33d32143ecd27f5dfb6989497') in 0.00856475 seconds
[Worker0] Imported GUID: 0e0e3437e2d0e4c7c938a9bdd68df3a3 - Path: Assets/Scripts/Controllers/QuestionController.cs - Importer: PreviewImporter -> (Import Result ID: '67f5feb33d32143ecd27f5dfb6989497') in 0.008616167 seconds
[Worker0] Imported GUID: 0e0e3437e2d0e4c7c938a9bdd68df3a3 - Path: Assets/Scripts/Controllers/QuestionController.cs - Importer: PreviewImporter -> (Import Result ID: '67f5feb33d32143ecd27f5dfb6989497') in 0.008643709 seconds
[Worker0] Imported GUID: 0e0e3437e2d0e4c7c938a9bdd68df3a3 - Path: Assets/Scripts/Controllers/QuestionController.cs - Importer: PreviewImporter -> (Import Result ID: '67f5feb33d32143ecd27f5dfb6989497') in 0.008534584 seconds
[Worker0] Imported GUID: 0e0e3437e2d0e4c7c938a9bdd68df3a3 - Path: Assets/Scripts/Controllers/QuestionController.cs - Importer: PreviewImporter -> (Import Result ID: '67f5feb33d32143ecd27f5dfb6989497') in 0.008718792 seconds
[Worker0] Imported GUID: 0e0e3437e2d0e4c7c938a9bdd68df3a3 - Path: Assets/Scripts/Controllers/QuestionController.cs - Importer: PreviewImporter -> (Import Result ID: '67f5feb33d32143ecd27f5dfb6989497') in 0.008837125 seconds
[Worker0] Imported GUID: 0e0e3437e2d0e4c7c938a9bdd68df3a3 - Path: Assets/Scripts/Controllers/QuestionController.cs - Importer: PreviewImporter -> (Import Result ID: '67f5feb33d32143ecd27f5dfb6989497') in 0.009089 seconds
[Worker0] Imported GUID: 0e0e3437e2d0e4c7c938a9bdd68df3a3 - Path: Assets/Scripts/Controllers/QuestionController.cs - Importer: PreviewImporter -> (Import Result ID: '67f5feb33d32143ecd27f5dfb6989497') in 0.0086865 seconds
[Worker0] Imported GUID: 0e0e3437e2d0e4c7c938a9bdd68df3a3 - Path: Assets/Scripts/Controllers/QuestionController.cs - Importer: PreviewImporter -> (Import Result ID: '67f5feb33d32143ecd27f5dfb6989497') in 0.009084583 seconds
[Worker0] Imported GUID: 0e0e3437e2d0e4c7c938a9bdd68df3a3 - Path: Assets/Scripts/Controllers/QuestionController.cs - Importer: PreviewImporter -> (Import Result ID: '67f5feb33d32143ecd27f5dfb6989497') in 0.008380916 seconds
[Worker0] Imported GUID: 0e0e3437e2d0e4c7c938a9bdd68df3a3 - Path: Assets/Scripts/Controllers/QuestionController.cs - Importer: PreviewImporter -> (Import Result ID: '67f5feb33d32143ecd27f5dfb6989497') in 0.008564917 seconds
[Worker0] Imported GUID: 0e0e3437e2d0e4c7c938a9bdd68df3a3 - Path: Assets/Scripts/Controllers/QuestionController.cs - Importer: PreviewImporter -> (Import Result ID: '67f5feb33d32143ecd27f5dfb6989497') in 0.008964167 seconds
[Worker0] Imported GUID: 0e0e3437e2d0e4c7c938a9bdd68df3a3 - Path: Assets/Scripts/Controllers/QuestionController.cs - Importer: PreviewImporter -> (Import Result ID: '67f5feb33d32143ecd27f5dfb6989497') in 0.008670417 seconds
[Worker0] Imported GUID: 0e0e3437e2d0e4c7c938a9bdd68df3a3 - Path: Assets/Scripts/Controllers/QuestionController.cs - Importer: PreviewImporter -> (Import Result ID: '67f5feb33d32143ecd27f5dfb6989497') in 0.008511417 seconds
[Worker0] Imported GUID: 0e0e3437e2d0e4c7c938a9bdd68df3a3 - Path: Assets/Scripts/Controllers/QuestionController.cs - Importer: PreviewImporter -> (Import Result ID: '67f5feb33d32143ecd27f5dfb6989497') in 0.008707291 seconds
[Worker0] Imported GUID: 0e0e3437e2d0e4c7c938a9bdd68df3a3 - Path: Assets/Scripts/Controllers/QuestionController.cs - Importer: PreviewImporter -> (Import Result ID: '67f5feb33d32143ecd27f5dfb6989497') in 0.008471292 seconds
[Worker0] Imported GUID: 0e0e3437e2d0e4c7c938a9bdd68df3a3 - Path: Assets/Scripts/Controllers/QuestionController.cs - Importer: PreviewImporter -> (Import Result ID: '67f5feb33d32143ecd27f5dfb6989497') in 0.008348833 seconds
[Worker0] Imported GUID: 0e0e3437e2d0e4c7c938a9bdd68df3a3 - Path: Assets/Scripts/Controllers/QuestionController.cs - Importer: PreviewImporter -> (Import Result ID: '67f5feb33d32143ecd27f5dfb6989497') in 0.008497792 seconds
[Worker0] Imported GUID: 0e0e3437e2d0e4c7c938a9bdd68df3a3 - Path: Assets/Scripts/Controllers/QuestionController.cs - Importer: PreviewImporter -> (Import Result ID: '67f5feb33d32143ecd27f5dfb6989497') in 0.008643166 seconds
[Worker0] Imported GUID: 0e0e3437e2d0e4c7c938a9bdd68df3a3 - Path: Assets/Scripts/Controllers/QuestionController.cs - Importer: PreviewImporter -> (Import Result ID: '67f5feb33d32143ecd27f5dfb6989497') in 0.008497875 seconds
[Worker0] Imported GUID: 0e0e3437e2d0e4c7c938a9bdd68df3a3 - Path: Assets/Scripts/Controllers/QuestionController.cs - Importer: PreviewImporter -> (Import Result ID: '67f5feb33d32143ecd27f5dfb6989497') in 0.00884225 seconds
[Worker0] Imported GUID: 0e0e3437e2d0e4c7c938a9bdd68df3a3 - Path: Assets/Scripts/Controllers/QuestionController.cs - Importer: PreviewImporter -> (Import Result ID: '67f5feb33d32143ecd27f5dfb6989497') in 0.008404875 seconds
[Worker0] Imported GUID: 0e0e3437e2d0e4c7c938a9bdd68df3a3 - Path: Assets/Scripts/Controllers/QuestionController.cs - Importer: PreviewImporter -> (Import Result ID: '67f5feb33d32143ecd27f5dfb6989497') in 0.00942125 seconds
[Worker0] Imported GUID: 0e0e3437e2d0e4c7c938a9bdd68df3a3 - Path: Assets/Scripts/Controllers/QuestionController.cs - Importer: PreviewImporter -> (Import Result ID: '67f5feb33d32143ecd27f5dfb6989497') in 0.0095715 seconds
[Worker0] Imported GUID: 0e0e3437e2d0e4c7c938a9bdd68df3a3 - Path: Assets/Scripts/Controllers/QuestionController.cs - Importer: PreviewImporter -> (Import Result ID: '67f5feb33d32143ecd27f5dfb6989497') in 0.010877125 seconds
[Worker0] Imported GUID: 0e0e3437e2d0e4c7c938a9bdd68df3a3 - Path: Assets/Scripts/Controllers/QuestionController.cs - Importer: PreviewImporter -> (Import Result ID: '67f5feb33d32143ecd27f5dfb6989497') in 0.015103375 seconds
[Worker0] Imported GUID: 0e0e3437e2d0e4c7c938a9bdd68df3a3 - Path: Assets/Scripts/Controllers/QuestionController.cs - Importer: PreviewImporter -> (Import Result ID: '67f5feb33d32143ecd27f5dfb6989497') in 0.014036708 seconds
[Worker0] Imported GUID: 0e0e3437e2d0e4c7c938a9bdd68df3a3 - Path: Assets/Scripts/Controllers/QuestionController.cs - Importer: PreviewImporter -> (Import Result ID: '67f5feb33d32143ecd27f5dfb6989497') in 0.01161325 seconds
[Worker0] Imported GUID: 0e0e3437e2d0e4c7c938a9bdd68df3a3 - Path: Assets/Scripts/Controllers/QuestionController.cs - Importer: PreviewImporter -> (Import Result ID: '67f5feb33d32143ecd27f5dfb6989497') in 0.009324792 seconds
[Worker0] Imported GUID: 0e0e3437e2d0e4c7c938a9bdd68df3a3 - Path: Assets/Scripts/Controllers/QuestionController.cs - Importer: PreviewImporter -> (Import Result ID: '67f5feb33d32143ecd27f5dfb6989497') in 0.008998959 seconds
[Worker0] Imported GUID: 0e0e3437e2d0e4c7c938a9bdd68df3a3 - Path: Assets/Scripts/Controllers/QuestionController.cs - Importer: PreviewImporter -> (Import Result ID: '67f5feb33d32143ecd27f5dfb6989497') in 0.008635334 seconds
[Worker0] Imported GUID: 0e0e3437e2d0e4c7c938a9bdd68df3a3 - Path: Assets/Scripts/Controllers/QuestionController.cs - Importer: PreviewImporter -> (Import Result ID: '67f5feb33d32143ecd27f5dfb6989497') in 0.008710583 seconds
[Worker0] Imported GUID: 0e0e3437e2d0e4c7c938a9bdd68df3a3 - Path: Assets/Scripts/Controllers/QuestionController.cs - Importer: PreviewImporter -> (Import Result ID: '67f5feb33d32143ecd27f5dfb6989497') in 0.008852875 seconds
[Worker0] Imported GUID: 0e0e3437e2d0e4c7c938a9bdd68df3a3 - Path: Assets/Scripts/Controllers/QuestionController.cs - Importer: PreviewImporter -> (Import Result ID: '67f5feb33d32143ecd27f5dfb6989497') in 0.008851792 seconds
[Worker0] Imported GUID: 0e0e3437e2d0e4c7c938a9bdd68df3a3 - Path: Assets/Scripts/Controllers/QuestionController.cs - Importer: PreviewImporter -> (Import Result ID: '67f5feb33d32143ecd27f5dfb6989497') in 0.008723958 seconds
[Worker0] Imported GUID: 0e0e3437e2d0e4c7c938a9bdd68df3a3 - Path: Assets/Scripts/Controllers/QuestionController.cs - Importer: PreviewImporter -> (Import Result ID: '67f5feb33d32143ecd27f5dfb6989497') in 0.008843 seconds
[Worker0] Imported GUID: 0e0e3437e2d0e4c7c938a9bdd68df3a3 - Path: Assets/Scripts/Controllers/QuestionController.cs - Importer: PreviewImporter -> (Import Result ID: '67f5feb33d32143ecd27f5dfb6989497') in 0.008770375 seconds
[Worker0] Imported GUID: 0e0e3437e2d0e4c7c938a9bdd68df3a3 - Path: Assets/Scripts/Controllers/QuestionController.cs - Importer: PreviewImporter -> (Import Result ID: '67f5feb33d32143ecd27f5dfb6989497') in 0.008966292 seconds
[Worker0] Imported GUID: 0e0e3437e2d0e4c7c938a9bdd68df3a3 - Path: Assets/Scripts/Controllers/QuestionController.cs - Importer: PreviewImporter -> (Import Result ID: '67f5feb33d32143ecd27f5dfb6989497') in 0.009012417 seconds
[Worker0] Imported GUID: 0e0e3437e2d0e4c7c938a9bdd68df3a3 - Path: Assets/Scripts/Controllers/QuestionController.cs - Importer: PreviewImporter -> (Import Result ID: '67f5feb33d32143ecd27f5dfb6989497') in 0.011339291 seconds
[Worker0] Imported GUID: 0e0e3437e2d0e4c7c938a9bdd68df3a3 - Path: Assets/Scripts/Controllers/QuestionController.cs - Importer: PreviewImporter -> (Import Result ID: '67f5feb33d32143ecd27f5dfb6989497') in 0.009664208 seconds
[Worker0] Imported GUID: 0e0e3437e2d0e4c7c938a9bdd68df3a3 - Path: Assets/Scripts/Controllers/QuestionController.cs - Importer: PreviewImporter -> (Import Result ID: '67f5feb33d32143ecd27f5dfb6989497') in 0.008368833 seconds
[Worker0] Imported GUID: 0e0e3437e2d0e4c7c938a9bdd68df3a3 - Path: Assets/Scripts/Controllers/QuestionController.cs - Importer: PreviewImporter -> (Import Result ID: '67f5feb33d32143ecd27f5dfb6989497') in 0.008426958 seconds
[Worker0] Imported GUID: 0e0e3437e2d0e4c7c938a9bdd68df3a3 - Path: Assets/Scripts/Controllers/QuestionController.cs - Importer: PreviewImporter -> (Import Result ID: '67f5feb33d32143ecd27f5dfb6989497') in 0.010348041 seconds
[Worker0] Imported GUID: 0e0e3437e2d0e4c7c938a9bdd68df3a3 - Path: Assets/Scripts/Controllers/QuestionController.cs - Importer: PreviewImporter -> (Import Result ID: '67f5feb33d32143ecd27f5dfb6989497') in 0.010692958 seconds
[Worker0] Imported GUID: 0e0e3437e2d0e4c7c938a9bdd68df3a3 - Path: Assets/Scripts/Controllers/QuestionController.cs - Importer: PreviewImporter -> (Import Result ID: '67f5feb33d32143ecd27f5dfb6989497') in 0.008833292 seconds
[Worker0] Imported GUID: 0e0e3437e2d0e4c7c938a9bdd68df3a3 - Path: Assets/Scripts/Controllers/QuestionController.cs - Importer: PreviewImporter -> (Import Result ID: '67f5feb33d32143ecd27f5dfb6989497') in 0.008975625 seconds
[Worker0] Imported GUID: 0e0e3437e2d0e4c7c938a9bdd68df3a3 - Path: Assets/Scripts/Controllers/QuestionController.cs - Importer: PreviewImporter -> (Import Result ID: '67f5feb33d32143ecd27f5dfb6989497') in 0.008493292 seconds
[Worker0] Imported GUID: 0e0e3437e2d0e4c7c938a9bdd68df3a3 - Path: Assets/Scripts/Controllers/QuestionController.cs - Importer: PreviewImporter -> (Import Result ID: '67f5feb33d32143ecd27f5dfb6989497') in 0.008801417 seconds
[Worker0] Imported GUID: 0e0e3437e2d0e4c7c938a9bdd68df3a3 - Path: Assets/Scripts/Controllers/QuestionController.cs - Importer: PreviewImporter -> (Import Result ID: '67f5feb33d32143ecd27f5dfb6989497') in 0.008614083 seconds
[Worker0] Imported GUID: 0e0e3437e2d0e4c7c938a9bdd68df3a3 - Path: Assets/Scripts/Controllers/QuestionController.cs - Importer: PreviewImporter -> (Import Result ID: '67f5feb33d32143ecd27f5dfb6989497') in 0.008379958 seconds
[Worker0] Imported GUID: 0e0e3437e2d0e4c7c938a9bdd68df3a3 - Path: Assets/Scripts/Controllers/QuestionController.cs - Importer: PreviewImporter -> (Import Result ID: '67f5feb33d32143ecd27f5dfb6989497') in 0.009016834 seconds
[Worker0] Imported GUID: 0e0e3437e2d0e4c7c938a9bdd68df3a3 - Path: Assets/Scripts/Controllers/QuestionController.cs - Importer: PreviewImporter -> (Import Result ID: '67f5feb33d32143ecd27f5dfb6989497') in 0.009156541 seconds
[Worker0] Imported GUID: 0e0e3437e2d0e4c7c938a9bdd68df3a3 - Path: Assets/Scripts/Controllers/QuestionController.cs - Importer: PreviewImporter -> (Import Result ID: '67f5feb33d32143ecd27f5dfb6989497') in 0.008935709 seconds
[Worker0] Imported GUID: 0e0e3437e2d0e4c7c938a9bdd68df3a3 - Path: Assets/Scripts/Controllers/QuestionController.cs - Importer: PreviewImporter -> (Import Result ID: '67f5feb33d32143ecd27f5dfb6989497') in 0.008968 seconds
ExitCode: 0 Duration: 1s113ms
[Worker0] Imported GUID: 0e0e3437e2d0e4c7c938a9bdd68df3a3 - Path: Assets/Scripts/Controllers/QuestionController.cs - Importer: PreviewImporter -> (Import Result ID: '67f5feb33d32143ecd27f5dfb6989497') in 0.008858334 seconds
Starting: /Applications/Unity/Hub/Editor/6000.7.0a4/Unity.app/Contents/Resources/BuildPipeline/bee_backend --ipc --defer-dag-verification --dagfile="Library/Bee/200b0aE.dag" --continue-on-failure --dagfilejson="Library/Bee/200b0aE.dag.json" --profile="Library/Bee/backend2.traceevents" ScriptAssemblies
WorkingDir: /Users/isaac/UnityProjects/GameShowNight
[Worker0] Imported GUID: 0e0e3437e2d0e4c7c938a9bdd68df3a3 - Path: Assets/Scripts/Controllers/QuestionController.cs - Importer: PreviewImporter -> (Import Result ID: '67f5feb33d32143ecd27f5dfb6989497') in 0.009120667 seconds
[Worker0] Imported GUID: 0e0e3437e2d0e4c7c938a9bdd68df3a3 - Path: Assets/Scripts/Controllers/QuestionController.cs - Importer: PreviewImporter -> (Import Result ID: '67f5feb33d32143ecd27f5dfb6989497') in 0.008534417 seconds
[Worker0] Imported GUID: 0e0e3437e2d0e4c7c938a9bdd68df3a3 - Path: Assets/Scripts/Controllers/QuestionController.cs - Importer: PreviewImporter -> (Import Result ID: '67f5feb33d32143ecd27f5dfb6989497') in 0.0086205 seconds
[Worker0] Imported GUID: 0e0e3437e2d0e4c7c938a9bdd68df3a3 - Path: Assets/Scripts/Controllers/QuestionController.cs - Importer: PreviewImporter -> (Import Result ID: '67f5feb33d32143ecd27f5dfb6989497') in 0.008518291 seconds
[Worker0] Imported GUID: 0e0e3437e2d0e4c7c938a9bdd68df3a3 - Path: Assets/Scripts/Controllers/QuestionController.cs - Importer: PreviewImporter -> (Import Result ID: '67f5feb33d32143ecd27f5dfb6989497') in 0.008701541 seconds
[Worker0] Imported GUID: 0e0e3437e2d0e4c7c938a9bdd68df3a3 - Path: Assets/Scripts/Controllers/QuestionController.cs - Importer: PreviewImporter -> (Import Result ID: '67f5feb33d32143ecd27f5dfb6989497') in 0.008642333 seconds
[Worker0] Imported GUID: 0e0e3437e2d0e4c7c938a9bdd68df3a3 - Path: Assets/Scripts/Controllers/QuestionController.cs - Importer: PreviewImporter -> (Import Result ID: '67f5feb33d32143ecd27f5dfb6989497') in 0.008757334 seconds
[Worker0] Imported GUID: 0e0e3437e2d0e4c7c938a9bdd68df3a3 - Path: Assets/Scripts/Controllers/QuestionController.cs - Importer: PreviewImporter -> (Import Result ID: '67f5feb33d32143ecd27f5dfb6989497') in 0.00874575 seconds
[Worker0] Imported GUID: 0e0e3437e2d0e4c7c938a9bdd68df3a3 - Path: Assets/Scripts/Controllers/QuestionController.cs - Importer: PreviewImporter -> (Import Result ID: '67f5feb33d32143ecd27f5dfb6989497') in 0.009400458 seconds
[Worker0] Imported GUID: 0e0e3437e2d0e4c7c938a9bdd68df3a3 - Path: Assets/Scripts/Controllers/QuestionController.cs - Importer: PreviewImporter -> (Import Result ID: '67f5feb33d32143ecd27f5dfb6989497') in 0.008574834 seconds
[Worker0] Imported GUID: 0e0e3437e2d0e4c7c938a9bdd68df3a3 - Path: Assets/Scripts/Controllers/QuestionController.cs - Importer: PreviewImporter -> (Import Result ID: '67f5feb33d32143ecd27f5dfb6989497') in 0.008424708 seconds
[Worker0] Imported GUID: 0e0e3437e2d0e4c7c938a9bdd68df3a3 - Path: Assets/Scripts/Controllers/QuestionController.cs - Importer: PreviewImporter -> (Import Result ID: '67f5feb33d32143ecd27f5dfb6989497') in 0.008471208 seconds
[Worker0] Imported GUID: 0e0e3437e2d0e4c7c938a9bdd68df3a3 - Path: Assets/Scripts/Controllers/QuestionController.cs - Importer: PreviewImporter -> (Import Result ID: '67f5feb33d32143ecd27f5dfb6989497') in 0.008327709 seconds
[Worker0] Imported GUID: 0e0e3437e2d0e4c7c938a9bdd68df3a3 - Path: Assets/Scripts/Controllers/QuestionController.cs - Importer: PreviewImporter -> (Import Result ID: '67f5feb33d32143ecd27f5dfb6989497') in 0.00867975 seconds
[Worker0] Imported GUID: 0e0e3437e2d0e4c7c938a9bdd68df3a3 - Path: Assets/Scripts/Controllers/QuestionController.cs - Importer: PreviewImporter -> (Import Result ID: '67f5feb33d32143ecd27f5dfb6989497') in 0.008413167 seconds
[Worker0] Imported GUID: 0e0e3437e2d0e4c7c938a9bdd68df3a3 - Path: Assets/Scripts/Controllers/QuestionController.cs - Importer: PreviewImporter -> (Import Result ID: '67f5feb33d32143ecd27f5dfb6989497') in 0.008380916 seconds
[Worker0] Imported GUID: 0e0e3437e2d0e4c7c938a9bdd68df3a3 - Path: Assets/Scripts/Controllers/QuestionController.cs - Importer: PreviewImporter -> (Import Result ID: '67f5feb33d32143ecd27f5dfb6989497') in 0.008538042 seconds
[Worker0] Imported GUID: 0e0e3437e2d0e4c7c938a9bdd68df3a3 - Path: Assets/Scripts/Controllers/QuestionController.cs - Importer: PreviewImporter -> (Import Result ID: '67f5feb33d32143ecd27f5dfb6989497') in 0.008421875 seconds
[Worker0] Imported GUID: 0e0e3437e2d0e4c7c938a9bdd68df3a3 - Path: Assets/Scripts/Controllers/QuestionController.cs - Importer: PreviewImporter -> (Import Result ID: '67f5feb33d32143ecd27f5dfb6989497') in 0.008544417 seconds
[Worker0] Imported GUID: 0e0e3437e2d0e4c7c938a9bdd68df3a3 - Path: Assets/Scripts/Controllers/QuestionController.cs - Importer: PreviewImporter -> (Import Result ID: '67f5feb33d32143ecd27f5dfb6989497') in 0.008583541 seconds
[Worker0] Imported GUID: 0e0e3437e2d0e4c7c938a9bdd68df3a3 - Path: Assets/Scripts/Controllers/QuestionController.cs - Importer: PreviewImporter -> (Import Result ID: '67f5feb33d32143ecd27f5dfb6989497') in 0.00859125 seconds
[Worker0] Imported GUID: 0e0e3437e2d0e4c7c938a9bdd68df3a3 - Path: Assets/Scripts/Controllers/QuestionController.cs - Importer: PreviewImporter -> (Import Result ID: '67f5feb33d32143ecd27f5dfb6989497') in 0.008746083 seconds
[Worker0] Imported GUID: 0e0e3437e2d0e4c7c938a9bdd68df3a3 - Path: Assets/Scripts/Controllers/QuestionController.cs - Importer: PreviewImporter -> (Import Result ID: '67f5feb33d32143ecd27f5dfb6989497') in 0.009927458 seconds
[Worker0] Imported GUID: 0e0e3437e2d0e4c7c938a9bdd68df3a3 - Path: Assets/Scripts/Controllers/QuestionController.cs - Importer: PreviewImporter -> (Import Result ID: '67f5feb33d32143ecd27f5dfb6989497') in 0.008991625 seconds
[Worker0] Imported GUID: 0e0e3437e2d0e4c7c938a9bdd68df3a3 - Path: Assets/Scripts/Controllers/QuestionController.cs - Importer: PreviewImporter -> (Import Result ID: '67f5feb33d32143ecd27f5dfb6989497') in 0.008665958 seconds
[Worker0] Imported GUID: 0e0e3437e2d0e4c7c938a9bdd68df3a3 - Path: Assets/Scripts/Controllers/QuestionController.cs - Importer: PreviewImporter -> (Import Result ID: '67f5feb33d32143ecd27f5dfb6989497') in 0.008364833 seconds
[Worker0] Imported GUID: 0e0e3437e2d0e4c7c938a9bdd68df3a3 - Path: Assets/Scripts/Controllers/QuestionController.cs - Importer: PreviewImporter -> (Import Result ID: '67f5feb33d32143ecd27f5dfb6989497') in 0.008457916 seconds
[Worker0] Imported GUID: 0e0e3437e2d0e4c7c938a9bdd68df3a3 - Path: Assets/Scripts/Controllers/QuestionController.cs - Importer: PreviewImporter -> (Import Result ID: '67f5feb33d32143ecd27f5dfb6989497') in 0.008643708 seconds
[Worker0] Imported GUID: 0e0e3437e2d0e4c7c938a9bdd68df3a3 - Path: Assets/Scripts/Controllers/QuestionController.cs - Importer: PreviewImporter -> (Import Result ID: '67f5feb33d32143ecd27f5dfb6989497') in 0.008518833 seconds
[Worker0] Imported GUID: 0e0e3437e2d0e4c7c938a9bdd68df3a3 - Path: Assets/Scripts/Controllers/QuestionController.cs - Importer: PreviewImporter -> (Import Result ID: '67f5feb33d32143ecd27f5dfb6989497') in 0.008452084 seconds
[Worker0] Imported GUID: 0e0e3437e2d0e4c7c938a9bdd68df3a3 - Path: Assets/Scripts/Controllers/QuestionController.cs - Importer: PreviewImporter -> (Import Result ID: '67f5feb33d32143ecd27f5dfb6989497') in 0.008831625 seconds
[Worker0] Imported GUID: 0e0e3437e2d0e4c7c938a9bdd68df3a3 - Path: Assets/Scripts/Controllers/QuestionController.cs - Importer: PreviewImporter -> (Import Result ID: '67f5feb33d32143ecd27f5dfb6989497') in 0.008285417 seconds
[Worker0] Imported GUID: 0e0e3437e2d0e4c7c938a9bdd68df3a3 - Path: Assets/Scripts/Controllers/QuestionController.cs - Importer: PreviewImporter -> (Import Result ID: '67f5feb33d32143ecd27f5dfb6989497') in 0.008818292 seconds
[Worker0] Imported GUID: 0e0e3437e2d0e4c7c938a9bdd68df3a3 - Path: Assets/Scripts/Controllers/QuestionController.cs - Importer: PreviewImporter -> (Import Result ID: '67f5feb33d32143ecd27f5dfb6989497') in 0.008691083 seconds
[Worker0] Imported GUID: 0e0e3437e2d0e4c7c938a9bdd68df3a3 - Path: Assets/Scripts/Controllers/QuestionController.cs - Importer: PreviewImporter -> (Import Result ID: '67f5feb33d32143ecd27f5dfb6989497') in 0.008749417 seconds
[Worker0] Imported GUID: 0e0e3437e2d0e4c7c938a9bdd68df3a3 - Path: Assets/Scripts/Controllers/QuestionController.cs - Importer: PreviewImporter -> (Import Result ID: '67f5feb33d32143ecd27f5dfb6989497') in 0.008691958 seconds
[Worker0] Imported GUID: 0e0e3437e2d0e4c7c938a9bdd68df3a3 - Path: Assets/Scripts/Controllers/QuestionController.cs - Importer: PreviewImporter -> (Import Result ID: '67f5feb33d32143ecd27f5dfb6989497') in 0.009517209 seconds
[Worker0] Imported GUID: 0e0e3437e2d0e4c7c938a9bdd68df3a3 - Path: Assets/Scripts/Controllers/QuestionController.cs - Importer: PreviewImporter -> (Import Result ID: '67f5feb33d32143ecd27f5dfb6989497') in 0.008679125 seconds
[Worker0] Imported GUID: 0e0e3437e2d0e4c7c938a9bdd68df3a3 - Path: Assets/Scripts/Controllers/QuestionController.cs - Importer: PreviewImporter -> (Import Result ID: '67f5feb33d32143ecd27f5dfb6989497') in 0.009554 seconds
[Worker0] Imported GUID: 0e0e3437e2d0e4c7c938a9bdd68df3a3 - Path: Assets/Scripts/Controllers/QuestionController.cs - Importer: PreviewImporter -> (Import Result ID: '67f5feb33d32143ecd27f5dfb6989497') in 0.008980583 seconds
[Worker0] Imported GUID: 0e0e3437e2d0e4c7c938a9bdd68df3a3 - Path: Assets/Scripts/Controllers/QuestionController.cs - Importer: PreviewImporter -> (Import Result ID: '67f5feb33d32143ecd27f5dfb6989497') in 0.008265125 seconds
[Worker0] Imported GUID: 0e0e3437e2d0e4c7c938a9bdd68df3a3 - Path: Assets/Scripts/Controllers/QuestionController.cs - Importer: PreviewImporter -> (Import Result ID: '67f5feb33d32143ecd27f5dfb6989497') in 0.008543458 seconds
[Worker0] Imported GUID: 0e0e3437e2d0e4c7c938a9bdd68df3a3 - Path: Assets/Scripts/Controllers/QuestionController.cs - Importer: PreviewImporter -> (Import Result ID: '67f5feb33d32143ecd27f5dfb6989497') in 0.009106125 seconds
[Worker0] Imported GUID: 0e0e3437e2d0e4c7c938a9bdd68df3a3 - Path: Assets/Scripts/Controllers/QuestionController.cs - Importer: PreviewImporter -> (Import Result ID: '67f5feb33d32143ecd27f5dfb6989497') in 0.008778917 seconds
[Worker0] Imported GUID: 0e0e3437e2d0e4c7c938a9bdd68df3a3 - Path: Assets/Scripts/Controllers/QuestionController.cs - Importer: PreviewImporter -> (Import Result ID: '67f5feb33d32143ecd27f5dfb6989497') in 0.008743667 seconds
[Worker0] Imported GUID: 0e0e3437e2d0e4c7c938a9bdd68df3a3 - Path: Assets/Scripts/Controllers/QuestionController.cs - Importer: PreviewImporter -> (Import Result ID: '67f5feb33d32143ecd27f5dfb6989497') in 0.008519541 seconds
[Worker0] Imported GUID: 0e0e3437e2d0e4c7c938a9bdd68df3a3 - Path: Assets/Scripts/Controllers/QuestionController.cs - Importer: PreviewImporter -> (Import Result ID: '67f5feb33d32143ecd27f5dfb6989497') in 0.00856025 seconds
[Worker0] Imported GUID: 0e0e3437e2d0e4c7c938a9bdd68df3a3 - Path: Assets/Scripts/Controllers/QuestionController.cs - Importer: PreviewImporter -> (Import Result ID: '67f5feb33d32143ecd27f5dfb6989497') in 0.008574625 seconds
[Worker0] Imported GUID: 0e0e3437e2d0e4c7c938a9bdd68df3a3 - Path: Assets/Scripts/Controllers/QuestionController.cs - Importer: PreviewImporter -> (Import Result ID: '67f5feb33d32143ecd27f5dfb6989497') in 0.008677458 seconds
[Worker0] Imported GUID: 0e0e3437e2d0e4c7c938a9bdd68df3a3 - Path: Assets/Scripts/Controllers/QuestionController.cs - Importer: PreviewImporter -> (Import Result ID: '67f5feb33d32143ecd27f5dfb6989497') in 0.008703375 seconds
[Worker0] Imported GUID: 0e0e3437e2d0e4c7c938a9bdd68df3a3 - Path: Assets/Scripts/Controllers/QuestionController.cs - Importer: PreviewImporter -> (Import Result ID: '67f5feb33d32143ecd27f5dfb6989497') in 0.008758709 seconds
[Worker0] Imported GUID: 0e0e3437e2d0e4c7c938a9bdd68df3a3 - Path: Assets/Scripts/Controllers/QuestionController.cs - Importer: PreviewImporter -> (Import Result ID: '67f5feb33d32143ecd27f5dfb6989497') in 0.008649291 seconds
[Worker0] Imported GUID: 0e0e3437e2d0e4c7c938a9bdd68df3a3 - Path: Assets/Scripts/Controllers/QuestionController.cs - Importer: PreviewImporter -> (Import Result ID: '67f5feb33d32143ecd27f5dfb6989497') in 0.008668791 seconds
[Worker0] Imported GUID: 0e0e3437e2d0e4c7c938a9bdd68df3a3 - Path: Assets/Scripts/Controllers/QuestionController.cs - Importer: PreviewImporter -> (Import Result ID: '67f5feb33d32143ecd27f5dfb6989497') in 0.008882625 seconds
[Worker0] Imported GUID: 0e0e3437e2d0e4c7c938a9bdd68df3a3 - Path: Assets/Scripts/Controllers/QuestionController.cs - Importer: PreviewImporter -> (Import Result ID: '67f5feb33d32143ecd27f5dfb6989497') in 0.008269792 seconds
[Worker0] Imported GUID: 0e0e3437e2d0e4c7c938a9bdd68df3a3 - Path: Assets/Scripts/Controllers/QuestionController.cs - Importer: PreviewImporter -> (Import Result ID: '67f5feb33d32143ecd27f5dfb6989497') in 0.008651167 seconds
[Worker0] Imported GUID: 0e0e3437e2d0e4c7c938a9bdd68df3a3 - Path: Assets/Scripts/Controllers/QuestionController.cs - Importer: PreviewImporter -> (Import Result ID: '67f5feb33d32143ecd27f5dfb6989497') in 0.008851791 seconds
[Worker0] Imported GUID: 0e0e3437e2d0e4c7c938a9bdd68df3a3 - Path: Assets/Scripts/Controllers/QuestionController.cs - Importer: PreviewImporter -> (Import Result ID: '67f5feb33d32143ecd27f5dfb6989497') in 0.008711583 seconds
[Worker0] Imported GUID: 0e0e3437e2d0e4c7c938a9bdd68df3a3 - Path: Assets/Scripts/Controllers/QuestionController.cs - Importer: PreviewImporter -> (Import Result ID: '67f5feb33d32143ecd27f5dfb6989497') in 0.00871275 seconds
[Worker0] Imported GUID: 0e0e3437e2d0e4c7c938a9bdd68df3a3 - Path: Assets/Scripts/Controllers/QuestionController.cs - Importer: PreviewImporter -> (Import Result ID: '67f5feb33d32143ecd27f5dfb6989497') in 0.0085685 seconds
[Worker0] Imported GUID: 0e0e3437e2d0e4c7c938a9bdd68df3a3 - Path: Assets/Scripts/Controllers/QuestionController.cs - Importer: PreviewImporter -> (Import Result ID: '67f5feb33d32143ecd27f5dfb6989497') in 0.008250333 seconds
[Worker0] Imported GUID: 0e0e3437e2d0e4c7c938a9bdd68df3a3 - Path: Assets/Scripts/Controllers/QuestionController.cs - Importer: PreviewImporter -> (Import Result ID: '67f5feb33d32143ecd27f5dfb6989497') in 0.008487834 seconds
[Worker0] Imported GUID: 0e0e3437e2d0e4c7c938a9bdd68df3a3 - Path: Assets/Scripts/Controllers/QuestionController.cs - Importer: PreviewImporter -> (Import Result ID: '67f5feb33d32143ecd27f5dfb6989497') in 0.008958 seconds
[Worker0] Imported GUID: 0e0e3437e2d0e4c7c938a9bdd68df3a3 - Path: Assets/Scripts/Controllers/QuestionController.cs - Importer: PreviewImporter -> (Import Result ID: '67f5feb33d32143ecd27f5dfb6989497') in 0.008748166 seconds
[Worker0] Imported GUID: 0e0e3437e2d0e4c7c938a9bdd68df3a3 - Path: Assets/Scripts/Controllers/QuestionController.cs - Importer: PreviewImporter -> (Import Result ID: '67f5feb33d32143ecd27f5dfb6989497') in 0.008391583 seconds
[Worker0] Imported GUID: 0e0e3437e2d0e4c7c938a9bdd68df3a3 - Path: Assets/Scripts/Controllers/QuestionController.cs - Importer: PreviewImporter -> (Import Result ID: '67f5feb33d32143ecd27f5dfb6989497') in 0.008849417 seconds
[Worker0] Imported GUID: 0e0e3437e2d0e4c7c938a9bdd68df3a3 - Path: Assets/Scripts/Controllers/QuestionController.cs - Importer: PreviewImporter -> (Import Result ID: '67f5feb33d32143ecd27f5dfb6989497') in 0.008984667 seconds
[Worker0] Imported GUID: 0e0e3437e2d0e4c7c938a9bdd68df3a3 - Path: Assets/Scripts/Controllers/QuestionController.cs - Importer: PreviewImporter -> (Import Result ID: '67f5feb33d32143ecd27f5dfb6989497') in 0.008323458 seconds
[Worker0] Imported GUID: 0e0e3437e2d0e4c7c938a9bdd68df3a3 - Path: Assets/Scripts/Controllers/QuestionController.cs - Importer: PreviewImporter -> (Import Result ID: '67f5feb33d32143ecd27f5dfb6989497') in 0.008286334 seconds
[Worker0] Imported GUID: 0e0e3437e2d0e4c7c938a9bdd68df3a3 - Path: Assets/Scripts/Controllers/QuestionController.cs - Importer: PreviewImporter -> (Import Result ID: '67f5feb33d32143ecd27f5dfb6989497') in 0.008680209 seconds
[Worker0] Imported GUID: 0e0e3437e2d0e4c7c938a9bdd68df3a3 - Path: Assets/Scripts/Controllers/QuestionController.cs - Importer: PreviewImporter -> (Import Result ID: '67f5feb33d32143ecd27f5dfb6989497') in 0.008501834 seconds
[Worker0] Imported GUID: 0e0e3437e2d0e4c7c938a9bdd68df3a3 - Path: Assets/Scripts/Controllers/QuestionController.cs - Importer: PreviewImporter -> (Import Result ID: '67f5feb33d32143ecd27f5dfb6989497') in 0.00849025 seconds
[Worker0] Imported GUID: 0e0e3437e2d0e4c7c938a9bdd68df3a3 - Path: Assets/Scripts/Controllers/QuestionController.cs - Importer: PreviewImporter -> (Import Result ID: '67f5feb33d32143ecd27f5dfb6989497') in 0.008451084 seconds
[Worker0] Imported GUID: 0e0e3437e2d0e4c7c938a9bdd68df3a3 - Path: Assets/Scripts/Controllers/QuestionController.cs - Importer: PreviewImporter -> (Import Result ID: '67f5feb33d32143ecd27f5dfb6989497') in 0.008416375 seconds
[Worker0] Imported GUID: 0e0e3437e2d0e4c7c938a9bdd68df3a3 - Path: Assets/Scripts/Controllers/QuestionController.cs - Importer: PreviewImporter -> (Import Result ID: '67f5feb33d32143ecd27f5dfb6989497') in 0.008378083 seconds
[Worker0] Imported GUID: 0e0e3437e2d0e4c7c938a9bdd68df3a3 - Path: Assets/Scripts/Controllers/QuestionController.cs - Importer: PreviewImporter -> (Import Result ID: '67f5feb33d32143ecd27f5dfb6989497') in 0.008305792 seconds
[Worker0] Imported GUID: 0e0e3437e2d0e4c7c938a9bdd68df3a3 - Path: Assets/Scripts/Controllers/QuestionController.cs - Importer: PreviewImporter -> (Import Result ID: '67f5feb33d32143ecd27f5dfb6989497') in 0.008335833 seconds
[Worker0] Imported GUID: 0e0e3437e2d0e4c7c938a9bdd68df3a3 - Path: Assets/Scripts/Controllers/QuestionController.cs - Importer: PreviewImporter -> (Import Result ID: '67f5feb33d32143ecd27f5dfb6989497') in 0.008995958 seconds
[Worker0] Imported GUID: 0e0e3437e2d0e4c7c938a9bdd68df3a3 - Path: Assets/Scripts/Controllers/QuestionController.cs - Importer: PreviewImporter -> (Import Result ID: '67f5feb33d32143ecd27f5dfb6989497') in 0.008420083 seconds
[Worker0] Imported GUID: 0e0e3437e2d0e4c7c938a9bdd68df3a3 - Path: Assets/Scripts/Controllers/QuestionController.cs - Importer: PreviewImporter -> (Import Result ID: '67f5feb33d32143ecd27f5dfb6989497') in 0.008567041 seconds
[Worker0] Imported GUID: 0e0e3437e2d0e4c7c938a9bdd68df3a3 - Path: Assets/Scripts/Controllers/QuestionController.cs - Importer: PreviewImporter -> (Import Result ID: '67f5feb33d32143ecd27f5dfb6989497') in 0.008650209 seconds
[Worker0] Imported GUID: 0e0e3437e2d0e4c7c938a9bdd68df3a3 - Path: Assets/Scripts/Controllers/QuestionController.cs - Importer: PreviewImporter -> (Import Result ID: '67f5feb33d32143ecd27f5dfb6989497') in 0.008533 seconds
[Worker0] Imported GUID: 0e0e3437e2d0e4c7c938a9bdd68df3a3 - Path: Assets/Scripts/Controllers/QuestionController.cs - Importer: PreviewImporter -> (Import Result ID: '67f5feb33d32143ecd27f5dfb6989497') in 0.008734458 seconds
[Worker0] Imported GUID: 0e0e3437e2d0e4c7c938a9bdd68df3a3 - Path: Assets/Scripts/Controllers/QuestionController.cs - Importer: PreviewImporter -> (Import Result ID: '67f5feb33d32143ecd27f5dfb6989497') in 0.0086615 seconds
[Worker0] Imported GUID: 0e0e3437e2d0e4c7c938a9bdd68df3a3 - Path: Assets/Scripts/Controllers/QuestionController.cs - Importer: PreviewImporter -> (Import Result ID: '67f5feb33d32143ecd27f5dfb6989497') in 0.008216792 seconds
[Worker0] Imported GUID: 0e0e3437e2d0e4c7c938a9bdd68df3a3 - Path: Assets/Scripts/Controllers/QuestionController.cs - Importer: PreviewImporter -> (Import Result ID: '67f5feb33d32143ecd27f5dfb6989497') in 0.008303542 seconds
[Worker0] Imported GUID: 0e0e3437e2d0e4c7c938a9bdd68df3a3 - Path: Assets/Scripts/Controllers/QuestionController.cs - Importer: PreviewImporter -> (Import Result ID: '67f5feb33d32143ecd27f5dfb6989497') in 0.00817525 seconds
[Worker0] Imported GUID: 0e0e3437e2d0e4c7c938a9bdd68df3a3 - Path: Assets/Scripts/Controllers/QuestionController.cs - Importer: PreviewImporter -> (Import Result ID: '67f5feb33d32143ecd27f5dfb6989497') in 0.008325333 seconds
[Worker0] Imported GUID: 0e0e3437e2d0e4c7c938a9bdd68df3a3 - Path: Assets/Scripts/Controllers/QuestionController.cs - Importer: PreviewImporter -> (Import Result ID: '67f5feb33d32143ecd27f5dfb6989497') in 0.008100583 seconds
[Worker0] Imported GUID: 0e0e3437e2d0e4c7c938a9bdd68df3a3 - Path: Assets/Scripts/Controllers/QuestionController.cs - Importer: PreviewImporter -> (Import Result ID: '67f5feb33d32143ecd27f5dfb6989497') in 0.008417458 seconds
[Worker0] Imported GUID: 0e0e3437e2d0e4c7c938a9bdd68df3a3 - Path: Assets/Scripts/Controllers/QuestionController.cs - Importer: PreviewImporter -> (Import Result ID: '67f5feb33d32143ecd27f5dfb6989497') in 0.008251166 seconds
[Worker0] Imported GUID: 0e0e3437e2d0e4c7c938a9bdd68df3a3 - Path: Assets/Scripts/Controllers/QuestionController.cs - Importer: PreviewImporter -> (Import Result ID: '67f5feb33d32143ecd27f5dfb6989497') in 0.008265541 seconds
[Worker0] Imported GUID: 0e0e3437e2d0e4c7c938a9bdd68df3a3 - Path: Assets/Scripts/Controllers/QuestionController.cs - Importer: PreviewImporter -> (Import Result ID: '67f5feb33d32143ecd27f5dfb6989497') in 0.008433208 seconds
[Worker0] Imported GUID: 0e0e3437e2d0e4c7c938a9bdd68df3a3 - Path: Assets/Scripts/Controllers/QuestionController.cs - Importer: PreviewImporter -> (Import Result ID: '67f5feb33d32143ecd27f5dfb6989497') in 0.008094458 seconds
[Worker0] Imported GUID: 0e0e3437e2d0e4c7c938a9bdd68df3a3 - Path: Assets/Scripts/Controllers/QuestionController.cs - Importer: PreviewImporter -> (Import Result ID: '67f5feb33d32143ecd27f5dfb6989497') in 0.00832175 seconds
[Worker0] Imported GUID: 0e0e3437e2d0e4c7c938a9bdd68df3a3 - Path: Assets/Scripts/Controllers/QuestionController.cs - Importer: PreviewImporter -> (Import Result ID: '67f5feb33d32143ecd27f5dfb6989497') in 0.0082655 seconds
[Worker0] Imported GUID: 0e0e3437e2d0e4c7c938a9bdd68df3a3 - Path: Assets/Scripts/Controllers/QuestionController.cs - Importer: PreviewImporter -> (Import Result ID: '67f5feb33d32143ecd27f5dfb6989497') in 0.008315834 seconds
[Worker0] Imported GUID: 0e0e3437e2d0e4c7c938a9bdd68df3a3 - Path: Assets/Scripts/Controllers/QuestionController.cs - Importer: PreviewImporter -> (Import Result ID: '67f5feb33d32143ecd27f5dfb6989497') in 0.008360459 seconds
[Worker0] Imported GUID: 0e0e3437e2d0e4c7c938a9bdd68df3a3 - Path: Assets/Scripts/Controllers/QuestionController.cs - Importer: PreviewImporter -> (Import Result ID: '67f5feb33d32143ecd27f5dfb6989497') in 0.00805025 seconds
[Worker0] Imported GUID: 0e0e3437e2d0e4c7c938a9bdd68df3a3 - Path: Assets/Scripts/Controllers/QuestionController.cs - Importer: PreviewImporter -> (Import Result ID: '67f5feb33d32143ecd27f5dfb6989497') in 0.008187542 seconds
[Worker0] Imported GUID: 0e0e3437e2d0e4c7c938a9bdd68df3a3 - Path: Assets/Scripts/Controllers/QuestionController.cs - Importer: PreviewImporter -> (Import Result ID: '67f5feb33d32143ecd27f5dfb6989497') in 0.0082535 seconds
[Worker0] Imported GUID: 0e0e3437e2d0e4c7c938a9bdd68df3a3 - Path: Assets/Scripts/Controllers/QuestionController.cs - Importer: PreviewImporter -> (Import Result ID: '67f5feb33d32143ecd27f5dfb6989497') in 0.0084755 seconds
[Worker0] Imported GUID: 0e0e3437e2d0e4c7c938a9bdd68df3a3 - Path: Assets/Scripts/Controllers/QuestionController.cs - Importer: PreviewImporter -> (Import Result ID: '67f5feb33d32143ecd27f5dfb6989497') in 0.008123459 seconds
[Worker0] Imported GUID: 0e0e3437e2d0e4c7c938a9bdd68df3a3 - Path: Assets/Scripts/Controllers/QuestionController.cs - Importer: PreviewImporter -> (Import Result ID: '67f5feb33d32143ecd27f5dfb6989497') in 0.008447833 seconds
[Worker0] Imported GUID: 0e0e3437e2d0e4c7c938a9bdd68df3a3 - Path: Assets/Scripts/Controllers/QuestionController.cs - Importer: PreviewImporter -> (Import Result ID: '67f5feb33d32143ecd27f5dfb6989497') in 0.008269583 seconds
[Worker0] Imported GUID: 0e0e3437e2d0e4c7c938a9bdd68df3a3 - Path: Assets/Scripts/Controllers/QuestionController.cs - Importer: PreviewImporter -> (Import Result ID: '67f5feb33d32143ecd27f5dfb6989497') in 0.008286667 seconds
[Worker0] Imported GUID: 0e0e3437e2d0e4c7c938a9bdd68df3a3 - Path: Assets/Scripts/Controllers/QuestionController.cs - Importer: PreviewImporter -> (Import Result ID: '67f5feb33d32143ecd27f5dfb6989497') in 0.008262959 seconds
[Worker0] Imported GUID: 0e0e3437e2d0e4c7c938a9bdd68df3a3 - Path: Assets/Scripts/Controllers/QuestionController.cs - Importer: PreviewImporter -> (Import Result ID: '67f5feb33d32143ecd27f5dfb6989497') in 0.008155083 seconds
[Worker0] Imported GUID: 0e0e3437e2d0e4c7c938a9bdd68df3a3 - Path: Assets/Scripts/Controllers/QuestionController.cs - Importer: PreviewImporter -> (Import Result ID: '67f5feb33d32143ecd27f5dfb6989497') in 0.008147375 seconds
[Worker0] Imported GUID: 0e0e3437e2d0e4c7c938a9bdd68df3a3 - Path: Assets/Scripts/Controllers/QuestionController.cs - Importer: PreviewImporter -> (Import Result ID: '67f5feb33d32143ecd27f5dfb6989497') in 0.008319875 seconds
[Worker0] Imported GUID: 0e0e3437e2d0e4c7c938a9bdd68df3a3 - Path: Assets/Scripts/Controllers/QuestionController.cs - Importer: PreviewImporter -> (Import Result ID: '67f5feb33d32143ecd27f5dfb6989497') in 0.008059792 seconds
[Worker0] Imported GUID: 0e0e3437e2d0e4c7c938a9bdd68df3a3 - Path: Assets/Scripts/Controllers/QuestionController.cs - Importer: PreviewImporter -> (Import Result ID: '67f5feb33d32143ecd27f5dfb6989497') in 0.008273917 seconds
[Worker0] Imported GUID: 0e0e3437e2d0e4c7c938a9bdd68df3a3 - Path: Assets/Scripts/Controllers/QuestionController.cs - Importer: PreviewImporter -> (Import Result ID: '67f5feb33d32143ecd27f5dfb6989497') in 0.008039792 seconds
[Worker0] Imported GUID: 0e0e3437e2d0e4c7c938a9bdd68df3a3 - Path: Assets/Scripts/Controllers/QuestionController.cs - Importer: PreviewImporter -> (Import Result ID: '67f5feb33d32143ecd27f5dfb6989497') in 0.008238167 seconds
[Worker0] Imported GUID: 0e0e3437e2d0e4c7c938a9bdd68df3a3 - Path: Assets/Scripts/Controllers/QuestionController.cs - Importer: PreviewImporter -> (Import Result ID: '67f5feb33d32143ecd27f5dfb6989497') in 0.008177166 seconds
[Worker0] Imported GUID: 0e0e3437e2d0e4c7c938a9bdd68df3a3 - Path: Assets/Scripts/Controllers/QuestionController.cs - Importer: PreviewImporter -> (Import Result ID: '67f5feb33d32143ecd27f5dfb6989497') in 0.0082815 seconds
[Worker0] Imported GUID: 0e0e3437e2d0e4c7c938a9bdd68df3a3 - Path: Assets/Scripts/Controllers/QuestionController.cs - Importer: PreviewImporter -> (Import Result ID: '67f5feb33d32143ecd27f5dfb6989497') in 0.008173958 seconds
[Worker0] Imported GUID: 0e0e3437e2d0e4c7c938a9bdd68df3a3 - Path: Assets/Scripts/Controllers/QuestionController.cs - Importer: PreviewImporter -> (Import Result ID: '67f5feb33d32143ecd27f5dfb6989497') in 0.008518834 seconds
[Worker0] Imported GUID: 0e0e3437e2d0e4c7c938a9bdd68df3a3 - Path: Assets/Scripts/Controllers/QuestionController.cs - Importer: PreviewImporter -> (Import Result ID: '67f5feb33d32143ecd27f5dfb6989497') in 0.008990667 seconds
[Worker0] Imported GUID: 0e0e3437e2d0e4c7c938a9bdd68df3a3 - Path: Assets/Scripts/Controllers/QuestionController.cs - Importer: PreviewImporter -> (Import Result ID: '67f5feb33d32143ecd27f5dfb6989497') in 0.008694458 seconds
[Worker0] Imported GUID: 0e0e3437e2d0e4c7c938a9bdd68df3a3 - Path: Assets/Scripts/Controllers/QuestionController.cs - Importer: PreviewImporter -> (Import Result ID: '67f5feb33d32143ecd27f5dfb6989497') in 0.00853125 seconds
[Worker0] Imported GUID: 0e0e3437e2d0e4c7c938a9bdd68df3a3 - Path: Assets/Scripts/Controllers/QuestionController.cs - Importer: PreviewImporter -> (Import Result ID: '67f5feb33d32143ecd27f5dfb6989497') in 0.008483625 seconds
[Worker0] Imported GUID: 0e0e3437e2d0e4c7c938a9bdd68df3a3 - Path: Assets/Scripts/Controllers/QuestionController.cs - Importer: PreviewImporter -> (Import Result ID: '67f5feb33d32143ecd27f5dfb6989497') in 0.008556791 seconds
[Worker0] Imported GUID: 0e0e3437e2d0e4c7c938a9bdd68df3a3 - Path: Assets/Scripts/Controllers/QuestionController.cs - Importer: PreviewImporter -> (Import Result ID: '67f5feb33d32143ecd27f5dfb6989497') in 0.008381792 seconds
[Worker0] Imported GUID: 0e0e3437e2d0e4c7c938a9bdd68df3a3 - Path: Assets/Scripts/Controllers/QuestionController.cs - Importer: PreviewImporter -> (Import Result ID: '67f5feb33d32143ecd27f5dfb6989497') in 0.008945542 seconds
[Worker0] Imported GUID: 0e0e3437e2d0e4c7c938a9bdd68df3a3 - Path: Assets/Scripts/Controllers/QuestionController.cs - Importer: PreviewImporter -> (Import Result ID: '67f5feb33d32143ecd27f5dfb6989497') in 0.008892667 seconds
ExitCode: 0 Duration: 1s505ms
Finished compiling graph: 1108 nodes, 24186 flattened edges (20318 ToBuild, 190 ToUse), maximum node priority 1334
[ 546/1105  0s] WriteText Library/Bee/artifacts/200b0aE.dag/Assembly-CSharp.rsp
[ 827/1105  0s] ILPP-Configuration Library/ilpp-configuration.nevergeneratedoutput
[1101/1105  1s] Csc Library/Bee/artifacts/200b0aE.dag/Assembly-CSharp.dll (+2 others)
[1102/1105  0s] ILPostProcess Library/Bee/artifacts/200b0aE.dag/post-processed/Assembly-CSharp.dll (+pdb)
Processing assembly Library/Bee/artifacts/200b0aE.dag/Assembly-CSharp.dll, with 145 defines and 371 references
processors: Unity.Jobs.CodeGen.JobsILPostProcessor, zzzUnity.Burst.CodeGen.BurstILPostProcessor
1 processor(s) skipped this assembly
running Unity.Jobs.CodeGen.JobsILPostProcessor
[1103/1105  0s] CopyFiles Library/ScriptAssemblies/Assembly-CSharp.dll
[1104/1105  0s] CopyFiles Library/ScriptAssemblies/Assembly-CSharp.pdb
*** Tundra build success (1.48 seconds), 6 items updated, 1105 evaluated
[Worker0] Imported GUID: 0e0e3437e2d0e4c7c938a9bdd68df3a3 - Path: Assets/Scripts/Controllers/QuestionController.cs - Importer: PreviewImporter -> (Import Result ID: '67f5feb33d32143ecd27f5dfb6989497') in 0.009064917 seconds
[Worker0] Imported GUID: 0e0e3437e2d0e4c7c938a9bdd68df3a3 - Path: Assets/Scripts/Controllers/QuestionController.cs - Importer: PreviewImporter -> (Import Result ID: '67f5feb33d32143ecd27f5dfb6989497') in 0.008571542 seconds
[Worker0] Imported GUID: 0e0e3437e2d0e4c7c938a9bdd68df3a3 - Path: Assets/Scripts/Controllers/QuestionController.cs - Importer: PreviewImporter -> (Import Result ID: '67f5feb33d32143ecd27f5dfb6989497') in 0.008398084 seconds
[Worker0] Imported GUID: 0e0e3437e2d0e4c7c938a9bdd68df3a3 - Path: Assets/Scripts/Controllers/QuestionController.cs - Importer: PreviewImporter -> (Import Result ID: '67f5feb33d32143ecd27f5dfb6989497') in 0.008282375 seconds
[Worker0] Imported GUID: 0e0e3437e2d0e4c7c938a9bdd68df3a3 - Path: Assets/Scripts/Controllers/QuestionController.cs - Importer: PreviewImporter -> (Import Result ID: '67f5feb33d32143ecd27f5dfb6989497') in 0.008271792 seconds
[Worker0] Imported GUID: 0e0e3437e2d0e4c7c938a9bdd68df3a3 - Path: Assets/Scripts/Controllers/QuestionController.cs - Importer: PreviewImporter -> (Import Result ID: '67f5feb33d32143ecd27f5dfb6989497') in 0.008175583 seconds
[Worker0] Imported GUID: 0e0e3437e2d0e4c7c938a9bdd68df3a3 - Path: Assets/Scripts/Controllers/QuestionController.cs - Importer: PreviewImporter -> (Import Result ID: '67f5feb33d32143ecd27f5dfb6989497') in 0.008452958 seconds
[Worker0] Imported GUID: 0e0e3437e2d0e4c7c938a9bdd68df3a3 - Path: Assets/Scripts/Controllers/QuestionController.cs - Importer: PreviewImporter -> (Import Result ID: '67f5feb33d32143ecd27f5dfb6989497') in 0.008226 seconds
[Worker0] Imported GUID: 0e0e3437e2d0e4c7c938a9bdd68df3a3 - Path: Assets/Scripts/Controllers/QuestionController.cs - Importer: PreviewImporter -> (Import Result ID: '67f5feb33d32143ecd27f5dfb6989497') in 0.010323584 seconds
[Worker0] Imported GUID: 0e0e3437e2d0e4c7c938a9bdd68df3a3 - Path: Assets/Scripts/Controllers/QuestionController.cs - Importer: PreviewImporter -> (Import Result ID: '67f5feb33d32143ecd27f5dfb6989497') in 0.012539791 seconds
[Worker0] Imported GUID: 0e0e3437e2d0e4c7c938a9bdd68df3a3 - Path: Assets/Scripts/Controllers/QuestionController.cs - Importer: PreviewImporter -> (Import Result ID: '67f5feb33d32143ecd27f5dfb6989497') in 0.009321292 seconds
[Worker0] Imported GUID: 0e0e3437e2d0e4c7c938a9bdd68df3a3 - Path: Assets/Scripts/Controllers/QuestionController.cs - Importer: PreviewImporter -> (Import Result ID: '67f5feb33d32143ecd27f5dfb6989497') in 0.009120542 seconds
[Worker0] Imported GUID: 0e0e3437e2d0e4c7c938a9bdd68df3a3 - Path: Assets/Scripts/Controllers/QuestionController.cs - Importer: PreviewImporter -> (Import Result ID: '67f5feb33d32143ecd27f5dfb6989497') in 0.010639666 seconds
Reloading assemblies after finishing script compilation.
Reloading assemblies after forced synchronous recompile.
2026-09-12 23:17:18.006 Unity[60376:1602523] NSEventModifierFlagFunction specified to -setKeyEquivalentModifierMask: for item <NSMenuItem: 0x8d2323700 SDF, ke='Command-F12'>, but is only supported for system-provided menu items; will not be used
2026-09-12 23:17:18.008 Unity[60376:1602523] NSEventModifierFlagFunction specified to -setKeyEquivalentModifierMask: for item <NSMenuItem: 0x8dc08d720 SDF, ke='Command-F12'>, but is only supported for system-provided menu items; will not be used
2026-09-12 23:17:18.011 Unity[60376:1602523] NSEventModifierFlagFunction specified to -setKeyEquivalentModifierMask: for item <NSMenuItem: 0x8dc08f3e0 SDF, ke='Command-F12'>, but is only supported for system-provided menu items; will not be used
2026-09-12 23:17:18.013 Unity[60376:1602523] NSEventModifierFlagFunction specified to -setKeyEquivalentModifierMask: for item <NSMenuItem: 0x8d18a7b60 SDF, ke='Command-F12'>, but is only supported for system-provided menu items; will not be used
2026-09-12 23:17:18.015 Unity[60376:1602523] NSEventModifierFlagFunction specified to -setKeyEquivalentModifierMask: for item <NSMenuItem: 0x8dc08f520 SDF, ke='Command-F12'>, but is only supported for system-provided menu items; will not be used
2026-09-12 23:17:18.018 Unity[60376:1602523] NSEventModifierFlagFunction specified to -setKeyEquivalentModifierMask: for item <NSMenuItem: 0x8e13e6f80 SDF, ke='Command-F12'>, but is only supported for system-provided menu items; will not be used
Thread 0x45199b000 may have been prematurely finalized
Total cache size 181821536
Begin MonoManager ReloadAssembly
Total cache size after purge 181821536, took 00:00:00.1105126
[MODES] ModeService[none].Initialize
[MODES] ModeService[none].LoadModes
Native extension for OSXStandalone target not found
2026-09-12 23:17:18.936 Unity[60376:1602523] NSEventModifierFlagFunction specified to -setKeyEquivalentModifierMask: for item <NSMenuItem: 0x8e1be63a0 SDF, ke='Command-F12'>, but is only supported for system-provided menu items; will not be used
ScheduleIndexationOnStartup MainProcess:True IndexOnStartup:True
Scripting: successfully reloaded assembly
- Finished resetting the current domain, in  0.909 seconds
Domain Reload Profiling: 1531ms
	BeginReloadAssembly (392ms)
		DisableScriptedObjects (61ms)
		CreateAndSetChildDomain (182ms)
	RebuildCommonClasses (4ms)
	RebuildNativeTypeToScriptingClass (7ms)
	initialDomainReloadingComplete (24ms)
	LoadAllAssembliesAndSetupDomain (195ms)
		LoadAssemblies (84ms)
		TypeCache.Refresh (6ms)
		AnalyzeDomain (83ms)
			BuildScriptInfoCaches (78ms)
			ResolveRequiredComponents (3ms)
	FinalizeReload (910ms)
		SetupLoadedEditorAssemblies (0ms)
			BeforeProcessingInitializeOnLoad (67ms)
			ProcessInitializeOnLoadAttributes (144ms)
			ProcessInitializeOnLoadMethodAttributes (32ms)
		AwakeInstancesAfterBackupRestoration (413ms)

Asset Pipeline Refresh (id=0c9c783f557644a0ab6da037574f3e80): Total: 1.692 seconds - Initiated by StopAssetImportingV2(ForceSynchronousImport | ForceDomainReload)
	(Values over 0.05ms)
	Summary:
		Imports: total=0 (actual=0, local cache=0, cache server=0)
		Asset DB Process Time: managed=0 ms, native=994 ms
		Asset DB Callback time: managed=22 ms, native=24 ms
		Scripting: domain reloads=1, domain reload time=649 ms, compile time=1 ms, other=0 ms
		Project Asset Count: scripts=1598, non-scripts=3295
		Asset File Changes: new=0, changed=0, moved=0, deleted=0
		Scan Filter Count: 0
	InvokePackagesCallback: 0.497ms
	ApplyChangesToAssetFolders: 0.174ms
	Collect global state as custom dependencies: 1.662ms
	ProcessAssetsWithTransientArtifactChanges: 2.167ms
	CategorizeAssets: 38.405ms
	CompileScripts: 0.720ms
	ImportOutOfDateAssets: 913.314ms (912.003ms without children)
		CollectScriptTypesHashes: 1.051ms
		ReloadNativeAssets: 0.525ms
		UnloadImportedAssets: 0.100ms
		EnsureUptoDateAssetsAreRegisteredWithGuidPM: 0.403ms
		ImportSchedulerStart: 0.264ms
	PostProcessAllAssets: 22.831ms
		XRBuildSystem.XRAssetImported 0.086ms
		MonoPostProcessAllAssets: 22.569ms
			UniversalRenderPipelineGlobalSettingsPostprocessor.OnPostprocessAllAssets 3.153ms
			SyncVS.PostprocessSyncProject 2.670ms
			BuilderAssetPostprocessor.OnPostprocessAllAssets 2.550ms
			AssetChangedListener.OnPostprocessAllAssets 1.751ms
			AssetPostprocessor.OnPostprocessAllAssets 1.410ms
			SpriteSlicePostprocessor.OnPostprocessAllAssets 0.800ms
			WindowAssetPostprocessingWatcher.OnPostprocessAllAssets 0.722ms
			EditModeScopePostprocessor.OnPostprocessAllAssets 0.578ms
			ShaderGraphAssetPostProcessor.OnPostprocessAllAssets 0.439ms
			RetainedModeAssetPostprocessor.OnPostprocessAllAssets 0.429ms
			RenderPipelineGlobalSettingsPostprocessor.OnPostprocessAllAssets 0.296ms
			SpeedTree9Postprocessor.OnPostprocessAllAssets 0.287ms
			MaterialPostprocessor.OnPostprocessAllAssets 0.263ms
			SpriteEditorTexturePostprocessor.OnPostprocessAllAssets 0.221ms
			ArtifactBrowserPostProcessor.OnPostprocessAllAssets 0.213ms
			ShaderReflectionAssetPostProcessor.OnPostprocessAllAssets 0.208ms
			TMPro_TexturePostProcessor.OnPostprocessAllAssets 0.208ms
			SpriteShapeAssetPostProcessor.OnPostprocessAllAssets 0.194ms
			AudioMixerPostprocessor.OnPostprocessAllAssets 0.141ms
			UVCSAssetPostprocessor.OnPostprocessAllAssets 0.134ms
			InputActionAssetPostprocessor.OnPostprocessAllAssets 0.122ms
			TextAssetPostProcessor.OnPostprocessAllAssets 0.111ms
			ReferencedClipsPostProcessor.OnPostprocessAllAssets 0.108ms
			InputActionJsonNameModifierAssetProcessor.OnPostprocessAllAssets 0.092ms
			AssetEvents.OnPostprocessAllAssets 0.086ms
			PostProcessor.OnPostprocessAllAssets 0.083ms
			AssetDatabaseCallbacks.OnPostprocessAllAssets 0.076ms
			StyleCatalogPostProcessor.OnPostprocessAllAssets 0.075ms
			ConfigAssetsTracker.OnPostprocessAllAssets 0.071ms
			SpriteLibraryAssetPostprocessor.OnPostprocessAllAssets 0.069ms
			TerrainToolbarOverlayPostProcessor.OnPostprocessAllAssets 0.051ms
			SpeedTreePostProcessor.OnPostprocessAllAssets 0.051ms
	PostAssetChangesProfiler: 23.796ms
	GatherAllCurrentPrimaryImportResultRevisions: 0.187ms
	PersistCurrentRevisions: 0.111ms
	GenerateScriptTypeHashes: 1.410ms
	GenerateScriptTypeSerializationHashes: 2.666ms
	Untracked: 686.471ms

[Licensing::Client] Successfully resolved entitlement details
[Licensing::Client] Successfully resolved entitlement details
[Licensing::Client] Successfully resolved entitlement details
[Worker0] Imported GUID: 0e0e3437e2d0e4c7c938a9bdd68df3a3 - Path: Assets/Scripts/Controllers/QuestionController.cs - Importer: PreviewImporter -> (Import Result ID: 'cbe8f9ddccbe6d4f8cf19f5c8b928372') in 0.009609334 seconds
SpriteAtlasPacking completed in 0.002592 sec
Entering Playmode with Reload Domain disabled.
If you experience any issues, please disable "Enter Play Mode Options" in Editor Settings
Loaded scene 'Temp/__Backupscenes/0.backup'
	Deserialize:            5.513 ms
	Integration:            231.762 ms
	Integration of assets:  0.018 ms
	Thread Wait Time:       0.002 ms
	Total Operation Time:   237.295 ms
Thread 0x45190f000 may have been prematurely finalized
Unloading 9 Unused Serialized files (Serialized files now loaded: 0)
Loaded scene 'Temp/__Backupscenes/0.backup'
	Deserialize:            2.071 ms
	Integration:            14.259 ms
	Integration of assets:  0.001 ms
	Thread Wait Time:       0.007 ms
	Total Operation Time:   16.338 ms
Unloading 27 unused Assets / (453.4 KB). Loaded Objects now: 10379.
Memory consumption went from 376.9 MB to 376.5 MB.
Total: 17.505750 ms (FindLiveObjects: 0.300833 ms CreateObjectMapping: 0.077209 ms MarkObjects: 16.974666 ms  DeleteObjects: 0.067833 ms)

[Licensing::Client] Successfully resolved entitlement details
[Worker0] Imported GUID: ca84b3dddcacf410b96a28a96effecdd - Path: Assets/Scripts/Controllers/AnswerController.cs - Importer: PreviewImporter -> (Import Result ID: '0b6cf2c0eb0eebb1b2ad3fec52ce3915') in 0.009507 seconds
Asset Pipeline Refresh (id=5f85c6b3345804dd184bcd4e84f05f88): Total: 0.185 seconds - Initiated by RefreshV2(AllowForceSynchronousImport)
2026-09-12 23:21:57.475 Unity[60376:1602523] NSEventModifierFlagFunction specified to -setKeyEquivalentModifierMask: for item <NSMenuItem: 0x8dc08d0e0 SDF, ke='Command-F12'>, but is only supported for system-provided menu items; will not be used
Importing 'GUID: 00000000000000009000000000000000 - Path: ProjectSettings/QualitySettings.asset' with importer (LibraryAssetImporter)
Imported 'GUID: 00000000000000009000000000000000' -> (Import Result ID: '403c6c1a416723476486c6c76ad86f7f') in 0.002 seconds [static dependencies only]. Details - ImportResultOutputID=43b4ee972f78e910f47a00fe3c96f65c DependenciesID=1aedbe56ae62f321fe459982db2fa012 StaticDependenciesID=e9a43e809c5953780a851aff477bfce8 
Asset Pipeline Refresh (id=1d2abec4ee12b432c933092e4493c76d): Total: 0.014 seconds - Initiated by StopAssetImportingV2(NoUpdateAssetOptions)
Thread 0x42092b000 may have been prematurely finalized
SpriteAtlasPacking completed in 0.004218 sec
Entering Playmode with Reload Domain disabled.
If you experience any issues, please disable "Enter Play Mode Options" in Editor Settings
Loaded scene 'Temp/__Backupscenes/0.backup'
	Deserialize:            3.683 ms
	Integration:            69.943 ms
	Integration of assets:  0.014 ms
	Thread Wait Time:       0.004 ms
	Total Operation Time:   73.645 ms
Thread 0x455aab000 may have been prematurely finalized
Unloading 9 Unused Serialized files (Serialized files now loaded: 0)
Loaded scene 'Temp/__Backupscenes/0.backup'
	Deserialize:            1.681 ms
	Integration:            14.678 ms
	Integration of assets:  0.001 ms
	Thread Wait Time:       0.009 ms
	Total Operation Time:   16.369 ms
Unloading 26 unused Assets / (0.7 MB). Loaded Objects now: 10414.
Memory consumption went from 379.4 MB to 378.8 MB.
Total: 20.326083 ms (FindLiveObjects: 0.313667 ms CreateObjectMapping: 0.069750 ms MarkObjects: 19.786458 ms  DeleteObjects: 0.073166 ms)

[Licensing::Client] Successfully resolved entitlement details
Thread 0x45505f000 may have been prematurely finalized
SpriteAtlasPacking completed in 0.002383 sec
Entering Playmode with Reload Domain disabled.
If you experience any issues, please disable "Enter Play Mode Options" in Editor Settings
Loaded scene 'Temp/__Backupscenes/0.backup'
	Deserialize:            2.466 ms
	Integration:            15.666 ms
	Integration of assets:  0.012 ms
	Thread Wait Time:       0.004 ms
	Total Operation Time:   18.148 ms
Thread 0x455aab000 may have been prematurely finalized
Unloading 10 Unused Serialized files (Serialized files now loaded: 0)
Loaded scene 'Temp/__Backupscenes/0.backup'
	Deserialize:            1.583 ms
	Integration:            13.982 ms
	Integration of assets:  0.001 ms
	Thread Wait Time:       0.007 ms
	Total Operation Time:   15.572 ms
Unloading 9 unused Assets / (0.7 MB). Loaded Objects now: 10414.
Memory consumption went from 378.8 MB to 378.1 MB.
Total: 18.851666 ms (FindLiveObjects: 0.307167 ms CreateObjectMapping: 0.076125 ms MarkObjects: 18.355834 ms  DeleteObjects: 0.031875 ms)

Thread 0x45505f000 may have been prematurely finalized
SpriteAtlasPacking completed in 0.002340 sec
Entering Playmode with Reload Domain disabled.
If you experience any issues, please disable "Enter Play Mode Options" in Editor Settings
Loaded scene 'Temp/__Backupscenes/0.backup'
	Deserialize:            1.772 ms
	Integration:            15.769 ms
	Integration of assets:  0.012 ms
	Thread Wait Time:       0.004 ms
	Total Operation Time:   17.557 ms
Asset Pipeline Refresh (id=a6d6e17735814469384a98ed3d08f182): Total: 0.204 seconds - Initiated by RefreshV2(NoUpdateAssetOptions)
Thread 0x451efb000 may have been prematurely finalized
Unloading 0 Unused Serialized files (Serialized files now loaded: 0)
Loaded scene 'Temp/__Backupscenes/0.backup'
	Deserialize:            2.078 ms
	Integration:            15.388 ms
	Integration of assets:  0.001 ms
	Thread Wait Time:       0.004 ms
	Total Operation Time:   17.470 ms
Unloading 9 unused Assets / (340.3 KB). Loaded Objects now: 10414.
Memory consumption went from 380.2 MB to 379.9 MB.
Total: 22.318709 ms (FindLiveObjects: 0.324333 ms CreateObjectMapping: 0.079584 ms MarkObjects: 21.789375 ms  DeleteObjects: 0.044625 ms)

Thread 0x451eef000 may have been prematurely finalized
SpriteAtlasPacking completed in 0.002342 sec
Entering Playmode with Reload Domain disabled.
If you experience any issues, please disable "Enter Play Mode Options" in Editor Settings
Loaded scene 'Temp/__Backupscenes/0.backup'
	Deserialize:            2.420 ms
	Integration:            15.637 ms
	Integration of assets:  0.012 ms
	Thread Wait Time:       0.003 ms
	Total Operation Time:   18.072 ms
Thread 0x45505f000 may have been prematurely finalized
Unloading 10 Unused Serialized files (Serialized files now loaded: 0)
Loaded scene 'Temp/__Backupscenes/0.backup'
	Deserialize:            1.745 ms
	Integration:            14.140 ms
	Integration of assets:  0.001 ms
	Thread Wait Time:       0.006 ms
	Total Operation Time:   15.892 ms
Unloading 9 unused Assets / (332.5 KB). Loaded Objects now: 10414.
Memory consumption went from 379.7 MB to 379.4 MB.
Total: 19.981084 ms (FindLiveObjects: 0.303666 ms CreateObjectMapping: 0.066292 ms MarkObjects: 19.489042 ms  DeleteObjects: 0.034125 ms)

Importing 'GUID: 54b3c3c7b2f3340aabbc55a739e45d86 - Path: Assets/JSON/QuestionText.json' with importer (TextScriptImporter)
Imported 'GUID: 54b3c3c7b2f3340aabbc55a739e45d86' -> (Import Result ID: '021a75650b860a99354611b524436791') in 0.003 seconds [static dependencies only]. Details - ImportResultOutputID=ba2066326e061b0ba90abc856ccb79f8 DependenciesID=c8f0151f7fc22b137c809de5becf0e71 StaticDependenciesID=d2bf1147ab16607fd2b2978b762f36f7 
Asset Pipeline Refresh (id=1a79243b9189b4c12822fbe7d958a342): Total: 0.209 seconds - Initiated by RefreshV2(AllowForceSynchronousImport)
Thread 0x455aab000 may have been prematurely finalized
SpriteAtlasPacking completed in 0.002291 sec
Entering Playmode with Reload Domain disabled.
If you experience any issues, please disable "Enter Play Mode Options" in Editor Settings
Loaded scene 'Temp/__Backupscenes/0.backup'
	Deserialize:            2.281 ms
	Integration:            21.352 ms
	Integration of assets:  0.011 ms
	Thread Wait Time:       0.002 ms
	Total Operation Time:   23.647 ms
Thread 0x45505f000 may have been prematurely finalized
Unloading 9 Unused Serialized files (Serialized files now loaded: 0)
Loaded scene 'Temp/__Backupscenes/0.backup'
	Deserialize:            1.582 ms
	Integration:            14.276 ms
	Integration of assets:  0.001 ms
	Thread Wait Time:       0.006 ms
	Total Operation Time:   15.865 ms
Unloading 24 unused Assets / (0.6 MB). Loaded Objects now: 10414.
Memory consumption went from 379.3 MB to 378.6 MB.
Total: 19.859125 ms (FindLiveObjects: 0.351417 ms CreateObjectMapping: 0.108042 ms MarkObjects: 19.273416 ms  DeleteObjects: 0.040417 ms)

[Licensing::Client] Successfully resolved entitlement details
Thread 0x45221b000 may have been prematurely finalized
SpriteAtlasPacking completed in 0.002268 sec
Entering Playmode with Reload Domain disabled.
If you experience any issues, please disable "Enter Play Mode Options" in Editor Settings
Loaded scene 'Temp/__Backupscenes/0.backup'
	Deserialize:            1.771 ms
	Integration:            15.940 ms
	Integration of assets:  0.011 ms
	Thread Wait Time:       0.004 ms
	Total Operation Time:   17.726 ms
Importing 'GUID: 54b3c3c7b2f3340aabbc55a739e45d86 - Path: Assets/JSON/QuestionText.json' with importer (TextScriptImporter)
Imported 'GUID: 54b3c3c7b2f3340aabbc55a739e45d86' -> (Import Result ID: '741b4daff5dcefaae4e0c3eac974b50a') in 0.003 seconds [static dependencies only]. Details - ImportResultOutputID=2bb43d9ce1ea97986aca36364b62990a DependenciesID=f3310d911be5bdfb2ad69798c123c72d StaticDependenciesID=c6963768ea8226bc5cc58c07d9e82b67 
Asset Pipeline Refresh (id=d3c074b2b220547c6bbca8be64341bf4): Total: 0.188 seconds - Initiated by RefreshV2(NoUpdateAssetOptions)
Thread 0x45505f000 may have been prematurely finalized
Unloading 0 Unused Serialized files (Serialized files now loaded: 0)
Loaded scene 'Temp/__Backupscenes/0.backup'
	Deserialize:            1.798 ms
	Integration:            14.748 ms
	Integration of assets:  0.001 ms
	Thread Wait Time:       0.007 ms
	Total Operation Time:   16.554 ms
Unloading 24 unused Assets / (0.8 MB). Loaded Objects now: 10414.
Memory consumption went from 379.2 MB to 378.5 MB.
Total: 18.296625 ms (FindLiveObjects: 0.333709 ms CreateObjectMapping: 0.082958 ms MarkObjects: 17.764917 ms  DeleteObjects: 0.034000 ms)

Thread 0x45505f000 may have been prematurely finalized
SpriteAtlasPacking completed in 0.002651 sec
Entering Playmode with Reload Domain disabled.
If you experience any issues, please disable "Enter Play Mode Options" in Editor Settings
Loaded scene 'Temp/__Backupscenes/0.backup'
	Deserialize:            2.587 ms
	Integration:            21.100 ms
	Integration of assets:  0.011 ms
	Thread Wait Time:       0.004 ms
	Total Operation Time:   23.702 ms
Thread 0x45505f000 may have been prematurely finalized
Unloading 10 Unused Serialized files (Serialized files now loaded: 0)
Loaded scene 'Temp/__Backupscenes/0.backup'
	Deserialize:            1.606 ms
	Integration:            14.966 ms
	Integration of assets:  0.001 ms
	Thread Wait Time:       0.006 ms
	Total Operation Time:   16.579 ms
Unloading 9 unused Assets / (0.6 MB). Loaded Objects now: 10414.
Memory consumption went from 379.5 MB to 378.9 MB.
Total: 19.896000 ms (FindLiveObjects: 0.326084 ms CreateObjectMapping: 0.086167 ms MarkObjects: 19.369458 ms  DeleteObjects: 0.033708 ms)

Importing 'GUID: 54b3c3c7b2f3340aabbc55a739e45d86 - Path: Assets/JSON/QuestionText.json' with importer (TextScriptImporter)
Imported 'GUID: 54b3c3c7b2f3340aabbc55a739e45d86' -> (Import Result ID: '3c802687386321a9fb5dffadb394a521') in 0.001 seconds [static dependencies only]. Details - ImportResultOutputID=4801e18e6f5199232f227f137ef9da26 DependenciesID=6b71ff0ff0cb1204be4fbf76e67dc777 StaticDependenciesID=7871733bef04701ff9aabe4ed44bb24c 
Asset Pipeline Refresh (id=824afc3908340417b8cc02deecf68007): Total: 0.178 seconds - Initiated by RefreshV2(AllowForceSynchronousImport)
Thread 0x452983000 may have been prematurely finalized
SpriteAtlasPacking completed in 0.003363 sec
Entering Playmode with Reload Domain disabled.
If you experience any issues, please disable "Enter Play Mode Options" in Editor Settings
Loaded scene 'Temp/__Backupscenes/0.backup'
	Deserialize:            2.710 ms
	Integration:            36.725 ms
	Integration of assets:  0.013 ms
	Thread Wait Time:       0.006 ms
	Total Operation Time:   39.453 ms
Thread 0x45298b000 may have been prematurely finalized
Unloading 9 Unused Serialized files (Serialized files now loaded: 0)
Loaded scene 'Temp/__Backupscenes/0.backup'
	Deserialize:            1.575 ms
	Integration:            14.948 ms
	Integration of assets:  0.001 ms
	Thread Wait Time:       0.006 ms
	Total Operation Time:   16.531 ms
Unloading 24 unused Assets / (0.6 MB). Loaded Objects now: 10414.
Memory consumption went from 379.4 MB to 378.9 MB.
Total: 22.969541 ms (FindLiveObjects: 0.325541 ms CreateObjectMapping: 0.090625 ms MarkObjects: 22.426000 ms  DeleteObjects: 0.042667 ms)

Thread 0x4208d3000 may have been prematurely finalized
SpriteAtlasPacking completed in 0.002380 sec
Entering Playmode with Reload Domain disabled.
If you experience any issues, please disable "Enter Play Mode Options" in Editor Settings
Loaded scene 'Temp/__Backupscenes/0.backup'
	Deserialize:            1.858 ms
	Integration:            16.253 ms
	Integration of assets:  0.011 ms
	Thread Wait Time:       0.004 ms
	Total Operation Time:   18.126 ms
Thread 0x455aab000 may have been prematurely finalized
Unloading 10 Unused Serialized files (Serialized files now loaded: 0)
Loaded scene 'Temp/__Backupscenes/0.backup'
	Deserialize:            1.700 ms
	Integration:            14.462 ms
	Integration of assets:  0.001 ms
	Thread Wait Time:       0.007 ms
	Total Operation Time:   16.170 ms
Unloading 9 unused Assets / (486.6 KB). Loaded Objects now: 10414.
Memory consumption went from 379.4 MB to 379.0 MB.
Total: 19.012583 ms (FindLiveObjects: 0.356917 ms CreateObjectMapping: 0.072250 ms MarkObjects: 18.463125 ms  DeleteObjects: 0.029875 ms)

Scanning for USB devices : 0.809ms
[Licensing::Client] Successfully resolved entitlement details
[Licensing::Client] Successfully resolved entitlement details
Curl error 6: Could not resolve: cdp.cloud.unity3d.com:443
Curl error 6: Could not resolve host: cdp.cloud.unity3d.com
Curl error 6: Could not resolve host: cdp.cloud.unity3d.com
Curl error 6: Could not resolve: cdp.cloud.unity3d.com:443
[Licensing::Client] Successfully updated the access token
[Licensing::Module] Successfully updated access token: "tIX4VnXw"... (expires: 2026-09-13T00:57:24Z)
[Licensing::Client] Successfully resolved entitlement details
[Licensing::Client] Successfully resolved entitlement details
[Licensing::Client] Successfully resolved entitlement details
[Licensing::Client] Successfully resolved entitlement details
[Licensing::Client] Successfully resolved entitlement details
[Licensing::Client] Successfully updated the access token
[Licensing::Module] Successfully updated access token: "S6LJ_fNX"... (expires: 2026-09-13T03:26:59Z)
[Licensing::Client] Successfully resolved entitlement details
[Licensing::Client] Successfully resolved entitlement details
[Licensing::Client] Successfully resolved entitlement details
[Licensing::Client] Successfully resolved entitlement details
[Licensing::Client] Successfully updated the access token
[Licensing::Module] Successfully updated access token: "umlOGzSO"... (expires: 2026-09-13T05:42:04Z)
[Licensing::Client] Successfully resolved entitlement details
[Licensing::Client] Successfully resolved entitlement details
Curl error 6: Could not resolve: cdp.cloud.unity3d.com:443
Curl error 6: Could not resolve host: cdp.cloud.unity3d.com
Curl error 6: Could not resolve host: cdp.cloud.unity3d.com
Curl error 6: Could not resolve: cdp.cloud.unity3d.com:443
Curl error 6: Could not resolve: cdp.cloud.unity3d.com:443
Curl error 6: Could not resolve: cdp.cloud.unity3d.com:443
[Licensing::Client] Successfully resolved entitlement details
[Licensing::Client] Successfully resolved entitlement details
[Licensing::Client] Successfully updated the access token
[Licensing::Module] Successfully updated access token: "pnPfXHm3"... (expires: 2026-09-13T07:43:26Z)
[Licensing::Client] Successfully resolved entitlement details
[Licensing::Client] Successfully resolved entitlement details
[Licensing::Client] Successfully resolved entitlement details
[Licensing::Client] Successfully resolved entitlement details
Curl error 6: Could not resolve: cdp.cloud.unity3d.com:443
Curl error 6: Could not resolve host: cdp.cloud.unity3d.com
Curl error 6: Could not resolve host: cdp.cloud.unity3d.com
Project ID request failed, Reason: The requested URL returned error: 401 (401).
Unknown Unity Connect error (400). Please contact support at support@unity.com while processing request "https://services.unity.com/api/unity/legacy/v1/projects/b1e31746-d8d5-4dd1-b346-428c91bb6578", HTTP error code 401
.[Licensing::Client] Successfully resolved entitlement details
[Licensing::Client] Successfully updated the access token
[Licensing::Module] Successfully updated access token: "qmtvVUZA"... (expires: 2026-09-13T09:42:39Z)
[Licensing::Client] Successfully resolved entitlement details
[Licensing::Client] Successfully resolved entitlement details
UPID Received 'b1e31746-d8d5-4dd1-b346-428c91bb6578'.
Asset Pipeline Refresh (id=f0faed04b0d8c4db6aeb4b17142ec9a4): Total: 0.285 seconds - Initiated by RefreshV2(AllowForceSynchronousImport)
Thread 0x451177000 may have been prematurely finalized
SpriteAtlasPacking completed in 0.045710 sec
Entering Playmode with Reload Domain disabled.
If you experience any issues, please disable "Enter Play Mode Options" in Editor Settings
Loaded scene 'Temp/__Backupscenes/0.backup'
	Deserialize:            6.609 ms
	Integration:            68.087 ms
	Integration of assets:  0.299 ms
	Thread Wait Time:       -0.083 ms
	Total Operation Time:   74.912 ms
Thread 0x451177000 may have been prematurely finalized
Unloading 9 Unused Serialized files (Serialized files now loaded: 0)
Loaded scene 'Temp/__Backupscenes/0.backup'
	Deserialize:            1.536 ms
	Integration:            13.694 ms
	Integration of assets:  0.001 ms
	Thread Wait Time:       0.006 ms
	Total Operation Time:   15.237 ms
Unloading 15 unused Assets / (415.9 KB). Loaded Objects now: 10390.
Memory consumption went from 378.1 MB to 377.7 MB.
Total: 20.595791 ms (FindLiveObjects: 0.340167 ms CreateObjectMapping: 0.086041 ms MarkObjects: 19.924333 ms  DeleteObjects: 0.154708 ms)

[Licensing::Client] Successfully resolved entitlement details
Asset Pipeline Refresh (id=ecddc0d35447b4670849993bc9f4133b): Total: 0.164 seconds - Initiated by RefreshV2(AllowForceSynchronousImport)
Asset Pipeline Refresh (id=6c6691556c8354bf7bd6921c034158ac): Total: 0.089 seconds - Initiated by RefreshV2(AllowForceSynchronousImport)
Thread 0x452983000 may have been prematurely finalized
SpriteAtlasPacking completed in 0.002973 sec
Entering Playmode with Reload Domain disabled.
If you experience any issues, please disable "Enter Play Mode Options" in Editor Settings
Loaded scene 'Temp/__Backupscenes/0.backup'
	Deserialize:            2.391 ms
	Integration:            61.829 ms
	Integration of assets:  0.012 ms
	Thread Wait Time:       0.003 ms
	Total Operation Time:   64.235 ms
Thread 0x4528ff000 may have been prematurely finalized
Unloading 8 Unused Serialized files (Serialized files now loaded: 0)
Loaded scene 'Temp/__Backupscenes/0.backup'
	Deserialize:            2.296 ms
	Integration:            16.351 ms
	Integration of assets:  0.002 ms
	Thread Wait Time:       0.008 ms
	Total Operation Time:   18.656 ms
Unloading 10 unused Assets / (5.1 KB). Loaded Objects now: 10309.
Memory consumption went from 359.6 MB to 359.6 MB.
Total: 24.178291 ms (FindLiveObjects: 0.336166 ms CreateObjectMapping: 0.087209 ms MarkObjects: 20.314458 ms  DeleteObjects: 3.348458 ms)

Thread 0x420487000 may have been prematurely finalized
SpriteAtlasPacking completed in 0.002507 sec
Entering Playmode with Reload Domain disabled.
If you experience any issues, please disable "Enter Play Mode Options" in Editor Settings
Loaded scene 'Temp/__Backupscenes/0.backup'
	Deserialize:            1.828 ms
	Integration:            21.577 ms
	Integration of assets:  0.012 ms
	Thread Wait Time:       0.003 ms
	Total Operation Time:   23.420 ms
Thread 0x451dd3000 may have been prematurely finalized
Unloading 9 Unused Serialized files (Serialized files now loaded: 0)
Loaded scene 'Temp/__Backupscenes/0.backup'
	Deserialize:            2.840 ms
	Integration:            17.103 ms
	Integration of assets:  0.003 ms
	Thread Wait Time:       0.004 ms
	Total Operation Time:   19.950 ms
Unloading 10 unused Assets / (0.5 MB). Loaded Objects now: 10314.
Memory consumption went from 362.4 MB to 361.9 MB.
Total: 20.464125 ms (FindLiveObjects: 0.331000 ms CreateObjectMapping: 0.082417 ms MarkObjects: 19.923792 ms  DeleteObjects: 0.040167 ms)

[Licensing::Client] Successfully resolved entitlement details
Thread 0x429f0f000 may have been prematurely finalized
SpriteAtlasPacking completed in 0.004053 sec
Entering Playmode with Reload Domain disabled.
If you experience any issues, please disable "Enter Play Mode Options" in Editor Settings
Loaded scene 'Temp/__Backupscenes/0.backup'
	Deserialize:            1.874 ms
	Integration:            26.098 ms
	Integration of assets:  0.012 ms
	Thread Wait Time:       0.005 ms
	Total Operation Time:   27.989 ms
Thread 0x451203000 may have been prematurely finalized
Unloading 9 Unused Serialized files (Serialized files now loaded: 0)
Loaded scene 'Temp/__Backupscenes/0.backup'
	Deserialize:            2.192 ms
	Integration:            48.003 ms
	Integration of assets:  0.001 ms
	Thread Wait Time:       0.005 ms
	Total Operation Time:   50.201 ms
Unloading 10 unused Assets / (0.5 MB). Loaded Objects now: 10319.
Memory consumption went from 362.8 MB to 362.3 MB.
Total: 20.902416 ms (FindLiveObjects: 0.302750 ms CreateObjectMapping: 0.072208 ms MarkObjects: 20.373833 ms  DeleteObjects: 0.073625 ms)

[Licensing::Client] Successfully resolved entitlement details
Importing 'GUID: 6c1c4637db19f44e08ebf3215f799c72 - Path: Assets/Inputs/PlayerControls.inputactions' with importer (ScriptedImporter : Unity.InputSystem:UnityEngine.InputSystem.Editor:InputActionImporter)
Imported 'GUID: 6c1c4637db19f44e08ebf3215f799c72' -> (Import Result ID: '530283bc71b29b898c13b07333b994bc') in 0.016 seconds [static and dynamic dependencies]. Details - ImportResultOutputID=75d0e1c62c32becbee84f8135db6ebce DependenciesID=3d3a4dcfb7abff1e3f6160309877c4d8 StaticDependenciesID=c84f998a85295de0c03c57d96f3b5fb8 
Asset Pipeline Refresh (id=eaebca19d5021441ab8781661253ee09): Total: 0.063 seconds - Initiated by StopAssetImportingV2(NoUpdateAssetOptions)
[Worker1] Imported GUID: 6c1c4637db19f44e08ebf3215f799c72 - Path: Assets/Inputs/PlayerControls.inputactions - Importer: PreviewImporter -> (Import Result ID: '582713702c76589d82e80a0ead8ac29a') in 0.039159334 seconds
[Worker0] Imported GUID: 54b3c3c7b2f3340aabbc55a739e45d86 - Path: Assets/JSON/QuestionText.json - Importer: PreviewImporter -> (Import Result ID: '80fc02fd50780e62833d89375888aec6') in 0.02378175 seconds
[ScriptCompilation] Requested script compilation because: AssetDatabase observed changes in script compilation related files
[Licensing::Client] Successfully resolved entitlement details
Starting: /Applications/Unity/Hub/Editor/6000.7.0a4/Unity.app/Contents/Resources/BuildPipeline/bee_backend --ipc --defer-dag-verification --dagfile="Library/Bee/200b0aE.dag" --continue-on-failure --profile="Library/Bee/backend1.traceevents" ScriptAssemblies
WorkingDir: /Users/isaac/UnityProjects/GameShowNight
ExitCode: 3 Duration: 1s541ms
[ 827/1105  0s] ILPP-Configuration Library/ilpp-configuration.nevergeneratedoutput
[1101/1105  1s] Csc Library/Bee/artifacts/200b0aE.dag/Assembly-CSharp.dll (+2 others)
##### CommandLine
"/Applications/Unity/Hub/Editor/6000.7.0a4/Unity.app/Contents/Resources/Scripting/DotNetSdk/dotnet" exec "/Applications/Unity/Hub/Editor/6000.7.0a4/Unity.app/Contents/Resources/Scripting/DotNetSdk/sdk/10.0.301/Roslyn/bincore/csc.dll" /nostdlib /noconfig /shared "@Library/Bee/artifacts/200b0aE.dag/Assembly-CSharp.rsp" "@Library/Bee/artifacts/200b0aE.dag/Assembly-CSharp.rsp2"
##### Contents of Library/Bee/artifacts/200b0aE.dag/Assembly-CSharp.rsp
-target:library
-out:"Library/Bee/artifacts/200b0aE.dag/Assembly-CSharp.dll"
-refout:"Library/Bee/artifacts/200b0aE.dag/Assembly-CSharp.ref.dll"
-define:UNITY_6000_7_0
-define:UNITY_6000_7
-define:UNITY_6000
-define:UNITY_5_3_OR_NEWER
-define:UNITY_5_4_OR_NEWER
-define:UNITY_5_5_OR_NEWER
-define:UNITY_5_6_OR_NEWER
-define:UNITY_2017_1_OR_NEWER
-define:UNITY_2017_2_OR_NEWER
-define:UNITY_2017_3_OR_NEWER
-define:UNITY_2017_4_OR_NEWER
-define:UNITY_2018_1_OR_NEWER
-define:UNITY_2018_2_OR_NEWER
-define:UNITY_2018_3_OR_NEWER
-define:UNITY_2018_4_OR_NEWER
-define:UNITY_2019_1_OR_NEWER
-define:UNITY_2019_2_OR_NEWER
-define:UNITY_2019_3_OR_NEWER
-define:UNITY_2019_4_OR_NEWER
-define:UNITY_2020_1_OR_NEWER
-define:UNITY_2020_2_OR_NEWER
-define:UNITY_2020_3_OR_NEWER
-define:UNITY_2021_1_OR_NEWER
-define:UNITY_2021_2_OR_NEWER
-define:UNITY_2021_3_OR_NEWER
-define:UNITY_2022_1_OR_NEWER
-define:UNITY_2022_2_OR_NEWER
-define:UNITY_2022_3_OR_NEWER
-define:UNITY_2023_1_OR_NEWER
-define:UNITY_2023_2_OR_NEWER
-define:UNITY_2023_3_OR_NEWER
-define:UNITY_6000_0_OR_NEWER
-define:UNITY_6000_1_OR_NEWER
-define:UNITY_6000_2_OR_NEWER
-define:UNITY_6000_3_OR_NEWER
-define:UNITY_6000_4_OR_NEWER
-define:UNITY_6000_5_OR_NEWER
-define:UNITY_6000_6_OR_NEWER
-define:UNITY_6000_7_OR_NEWER
-define:PLATFORM_ARCH_64
-define:UNITY_64
-define:UNITY_INCLUDE_TESTS
-define:UNITY_ENABLE_CLOUD_SERVICES_ENGINE_DIAGNOSTICS_MANAGED
-define:ENABLE_AR
-define:ENABLE_AUDIO
-define:ENABLE_AUDIO_SCRIPTABLE_PIPELINE
-define:ENABLE_BURST
-define:ENABLE_CACHING
-define:ENABLE_CLOTH
-define:ENABLE_MICROPHONE
-define:ENABLE_MULTIPLE_DISPLAYS
-define:ENABLE_PHYSICS
-define:ENABLE_TEXTURE_STREAMING
-define:ENABLE_VIRTUALTEXTURING
-define:ENABLE_LZMA
-define:ENABLE_UNITYEVENTS
-define:ENABLE_VR
-define:ENABLE_WEBCAM
-define:ENABLE_UNITYWEBREQUEST
-define:ENABLE_WWW
-define:ENABLE_CLOUD_SERVICES
-define:ENABLE_CLOUD_SERVICES_ADS
-define:ENABLE_CLOUD_SERVICES_USE_WEBREQUEST
-define:ENABLE_UNITY_CONSENT
-define:ENABLE_UNITY_CLOUD_IDENTIFIERS
-define:ENABLE_CLOUD_SERVICES_CRASH_REPORTING
-define:ENABLE_CLOUD_SERVICES_NATIVE_CRASH_REPORTING
-define:ENABLE_CLOUD_SERVICES_PURCHASING
-define:ENABLE_CLOUD_SERVICES_ANALYTICS
-define:ENABLE_CLOUD_SERVICES_BUILD
-define:ENABLE_EDITOR_GAME_SERVICES
-define:ENABLE_UNITY_GAME_SERVICES_ANALYTICS_SUPPORT
-define:ENABLE_CLOUD_LICENSE
-define:ENABLE_EDITOR_HUB_LICENSE
-define:ENABLE_WEBSOCKET_CLIENT
-define:ENABLE_GENERATE_NATIVE_PLUGINS_FOR_ASSEMBLIES_API
-define:ENABLE_DIRECTOR_AUDIO
-define:ENABLE_DIRECTOR_TEXTURE
-define:ENABLE_MANAGED_JOBS
-define:ENABLE_MANAGED_TRANSFORM_JOBS
-define:ENABLE_MANAGED_ANIMATION_JOBS
-define:ENABLE_MANAGED_AUDIO_JOBS
-define:ENABLE_MANAGED_UNITYTLS
-define:INCLUDE_DYNAMIC_GI
-define:ENABLE_SCRIPTING_GC_WBARRIERS
-define:PLATFORM_SUPPORTS_MONO
-define:RENDER_SOFTWARE_CURSOR
-define:ENABLE_MARSHALLING_TESTS
-define:ENABLE_VIDEO
-define:ENABLE_NAVIGATION_OFFMESHLINK_TO_NAVMESHLINK
-define:ENABLE_ACCELERATOR_CLIENT_DEBUGGING
-define:ENABLE_ACCESSIBILITY_SCREEN_READER
-define:ENABLE_SMARTSTRINGS
-define:TEXTCORE_1_0_OR_NEWER
-define:EDITOR_ONLY_NAVMESH_BUILDER_DEPRECATED
-define:INCLUDE_UNIFIED_RAYTRACING_COMPUTE_BACKEND
-define:INCLUDE_UNIFIED_RAYTRACING_HARDWARE_BACKEND
-define:PLATFORM_STANDALONE_OSX
-define:PLATFORM_STANDALONE
-define:UNITY_STANDALONE_OSX
-define:UNITY_STANDALONE
-define:ENABLE_RUNTIME_GI
-define:SURFACE_CACHE_SUPPORTED
-define:ENABLE_NETWORK
-define:ENABLE_CRUNCH_TEXTURE_COMPRESSION
-define:ENABLE_CLOUD_SERVICES_ENGINE_DIAGNOSTICS
-define:ENABLE_CLUSTER_SYNC
-define:ENABLE_CLUSTERINPUT
-define:ENABLE_SPATIALTRACKING
-define:PLATFORM_HAS_CUSTOM_MUTEX
-define:PLATFORM_UPDATES_TIME_OUTSIDE_OF_PLAYER_LOOP
-define:PLATFORM_SUPPORTS_SPLIT_GRAPHICS_JOBS
-define:PLATFORM_REQUIRES_PATH_NORMALIZATION
-define:ENABLE_MONO
-define:NET_STANDARD_2_0
-define:NET_STANDARD
-define:NET_STANDARD_2_1
-define:NETSTANDARD
-define:NETSTANDARD2_1
-define:ENABLE_PROFILER
-define:UNITY_INCLUDE_INSTRUMENTATION
-define:DEBUG
-define:TRACE
-define:UNITY_ASSERTIONS
-define:UNITY_ENABLE_CHECKS
-define:UNITY_EDITOR
-define:UNITY_EDITOR_64
-define:UNITY_EDITOR_OSX
-define:ENABLE_UNITY_COLLECTIONS_CHECKS
-define:ENABLE_BURST_AOT
-define:UNITY_TEAM_LICENSE
-define:ENABLE_CUSTOM_RENDER_TEXTURE
-define:ENABLE_DIRECTOR
-define:ENABLE_LOCALIZATION
-define:ENABLE_SPRITES
-define:ENABLE_TERRAIN
-define:ENABLE_TILEMAP
-define:ENABLE_TIMELINE
-define:ENABLE_INPUT_SYSTEM
-define:TEXTCORE_FONT_ENGINE_1_5_OR_NEWER
-define:TEXTCORE_TEXT_ENGINE_1_5_OR_NEWER
-define:TEXTCORE_FONT_ENGINE_1_6_OR_NEWER
-define:CSHARP_7_OR_LATER
-define:CSHARP_7_3_OR_NEWER
-define:UNITY_AUTOSTATICS_CLEANUP_ANALYSIS_ENABLED
-r:"/Applications/Unity/Hub/Editor/6000.7.0a4/Unity.app/Contents/Resources/Scripting/BCLExtensions/TargetingPacks/netstandard2.1/ref/Microsoft.Bcl.AsyncInterfaces.dll"
-r:"/Applications/Unity/Hub/Editor/6000.7.0a4/Unity.app/Contents/Resources/Scripting/BCLExtensions/TargetingPacks/netstandard2.1/ref/Microsoft.Extensions.DependencyInjection.Abstractions.dll"
-r:"/Applications/Unity/Hub/Editor/6000.7.0a4/Unity.app/Contents/Resources/Scripting/BCLExtensions/TargetingPacks/netstandard2.1/ref/Microsoft.Extensions.Logging.Abstractions.dll"
-r:"/Applications/Unity/Hub/Editor/6000.7.0a4/Unity.app/Contents/Resources/Scripting/BCLExtensions/TargetingPacks/netstandard2.1/ref/System.Collections.Immutable.dll"
-r:"/Applications/Unity/Hub/Editor/6000.7.0a4/Unity.app/Contents/Resources/Scripting/BCLExtensions/TargetingPacks/netstandard2.1/ref/System.Diagnostics.DiagnosticSource.dll"
-r:"/Applications/Unity/Hub/Editor/6000.7.0a4/Unity.app/Contents/Resources/Scripting/BCLExtensions/TargetingPacks/netstandard2.1/ref/System.IO.Hashing.dll"
-r:"/Applications/Unity/Hub/Editor/6000.7.0a4/Unity.app/Contents/Resources/Scripting/BCLExtensions/TargetingPacks/netstandard2.1/ref/System.IO.Pipelines.dll"
-r:"/Applications/Unity/Hub/Editor/6000.7.0a4/Unity.app/Contents/Resources/Scripting/BCLExtensions/TargetingPacks/netstandard2.1/ref/System.Reflection.Metadata.dll"
-r:"/Applications/Unity/Hub/Editor/6000.7.0a4/Unity.app/Contents/Resources/Scripting/BCLExtensions/TargetingPacks/netstandard2.1/ref/System.Runtime.CompilerServices.Unsafe.dll"
-r:"/Applications/Unity/Hub/Editor/6000.7.0a4/Unity.app/Contents/Resources/Scripting/BCLExtensions/TargetingPacks/netstandard2.1/ref/System.Text.Encodings.Web.dll"
-r:"/Applications/Unity/Hub/Editor/6000.7.0a4/Unity.app/Contents/Resources/Scripting/BCLExtensions/TargetingPacks/netstandard2.1/ref/System.Text.Json.dll"
-r:"/Applications/Unity/Hub/Editor/6000.7.0a4/PlaybackEngines/MacStandaloneSupport/UnityEditor.iOS.Extensions.Xcode.dll"
-r:"/Applications/Unity/Hub/Editor/6000.7.0a4/Unity.app/Contents/Resources/Scripting/Managed/UnityEngine/Unity.Scripting.dll"
-r:"/Applications/Unity/Hub/Editor/6000.7.0a4/Unity.app/Contents/Resources/Scripting/Managed/UnityEngine/UnityEditor.AIModule.dll"
-r:"/Applications/Unity/Hub/Editor/6000.7.0a4/Unity.app/Contents/Resources/Scripting/Managed/UnityEngine/UnityEditor.AccessibilityModule.dll"
-r:"/Applications/Unity/Hub/Editor/6000.7.0a4/Unity.app/Contents/Resources/Scripting/Managed/UnityEngine/UnityEditor.AdaptivePerformanceModule.dll"
-r:"/Applications/Unity/Hub/Editor/6000.7.0a4/Unity.app/Contents/Resources/Scripting/Managed/UnityEngine/UnityEditor.AnimationWindowModule.dll"
-r:"/Applications/Unity/Hub/Editor/6000.7.0a4/Unity.app/Contents/Resources/Scripting/Managed/UnityEngine/UnityEditor.AssetComplianceModule.dll"
-r:"/Applications/Unity/Hub/Editor/6000.7.0a4/Unity.app/Contents/Resources/Scripting/Managed/UnityEngine/UnityEditor.BuildAnalysisModule.dll"
-r:"/Applications/Unity/Hub/Editor/6000.7.0a4/Unity.app/Contents/Resources/Scripting/Managed/UnityEngine/UnityEditor.BuildProfileModule.dll"
-r:"/Applications/Unity/Hub/Editor/6000.7.0a4/Unity.app/Contents/Resources/Scripting/Managed/UnityEngine/UnityEditor.BurstModule.dll"
-r:"/Applications/Unity/Hub/Editor/6000.7.0a4/Unity.app/Contents/Resources/Scripting/Managed/UnityEngine/UnityEditor.ClothModule.dll"
-r:"/Applications/Unity/Hub/Editor/6000.7.0a4/Unity.app/Contents/Resources/Scripting/Managed/UnityEngine/UnityEditor.ContentLoadModule.dll"
-r:"/Applications/Unity/Hub/Editor/6000.7.0a4/Unity.app/Contents/Resources/Scripting/Managed/UnityEngine/UnityEditor.CoreBusinessMetricsModule.dll"
-r:"/Applications/Unity/Hub/Editor/6000.7.0a4/Unity.app/Contents/Resources/Scripting/Managed/UnityEngine/UnityEditor.CoreModule.dll"
-r:"/Applications/Unity/Hub/Editor/6000.7.0a4/Unity.app/Contents/Resources/Scripting/Managed/UnityEngine/UnityEditor.DeviceSimulatorModule.dll"
-r:"/Applications/Unity/Hub/Editor/6000.7.0a4/Unity.app/Contents/Resources/Scripting/Managed/UnityEngine/UnityEditor.DiagnosticsModule.dll"
-r:"/Applications/Unity/Hub/Editor/6000.7.0a4/Unity.app/Contents/Resources/Scripting/Managed/UnityEngine/UnityEditor.EditorToolbarModule.dll"
-r:"/Applications/Unity/Hub/Editor/6000.7.0a4/Unity.app/Contents/Resources/Scripting/Managed/UnityEngine/UnityEditor.EmbreeModule.dll"
-r:"/Applications/Unity/Hub/Editor/6000.7.0a4/Unity.app/Contents/Resources/Scripting/Managed/UnityEngine/UnityEditor.GIModule.dll"
-r:"/Applications/Unity/Hub/Editor/6000.7.0a4/Unity.app/Contents/Resources/Scripting/Managed/UnityEngine/UnityEditor.GenericRemoteModule.dll"
-r:"/Applications/Unity/Hub/Editor/6000.7.0a4/Unity.app/Contents/Resources/Scripting/Managed/UnityEngine/UnityEditor.GraphToolkitModule.dll"
-r:"/Applications/Unity/Hub/Editor/6000.7.0a4/Unity.app/Contents/Resources/Scripting/Managed/UnityEngine/UnityEditor.GraphViewModule.dll"
-r:"/Applications/Unity/Hub/Editor/6000.7.0a4/Unity.app/Contents/Resources/Scripting/Managed/UnityEngine/UnityEditor.GraphicsStateCollectionSerializerModule.dll"
-r:"/Applications/Unity/Hub/Editor/6000.7.0a4/Unity.app/Contents/Resources/Scripting/Managed/UnityEngine/UnityEditor.GridAndSnapModule.dll"
-r:"/Applications/Unity/Hub/Editor/6000.7.0a4/Unity.app/Contents/Resources/Scripting/Managed/UnityEngine/UnityEditor.GridModule.dll"
-r:"/Applications/Unity/Hub/Editor/6000.7.0a4/Unity.app/Contents/Resources/Scripting/Managed/UnityEngine/UnityEditor.HierarchyModule.dll"
-r:"/Applications/Unity/Hub/Editor/6000.7.0a4/Unity.app/Contents/Resources/Scripting/Managed/UnityEngine/UnityEditor.LightingModule.dll"
-r:"/Applications/Unity/Hub/Editor/6000.7.0a4/Unity.app/Contents/Resources/Scripting/Managed/UnityEngine/UnityEditor.MathematicsModule.dll"
-r:"/Applications/Unity/Hub/Editor/6000.7.0a4/Unity.app/Contents/Resources/Scripting/Managed/UnityEngine/UnityEditor.MediaModule.dll"
-r:"/Applications/Unity/Hub/Editor/6000.7.0a4/Unity.app/Contents/Resources/Scripting/Managed/UnityEngine/UnityEditor.MultiplayerModule.dll"
-r:"/Applications/Unity/Hub/Editor/6000.7.0a4/Unity.app/Contents/Resources/Scripting/Managed/UnityEngine/UnityEditor.Physics2DModule.dll"
-r:"/Applications/Unity/Hub/Editor/6000.7.0a4/Unity.app/Contents/Resources/Scripting/Managed/UnityEngine/UnityEditor.PhysicsCore2DModule.dll"
-r:"/Applications/Unity/Hub/Editor/6000.7.0a4/Unity.app/Contents/Resources/Scripting/Managed/UnityEngine/UnityEditor.PhysicsModule.dll"
-r:"/Applications/Unity/Hub/Editor/6000.7.0a4/Unity.app/Contents/Resources/Scripting/Managed/UnityEngine/UnityEditor.PlayModeModule.dll"
-r:"/Applications/Unity/Hub/Editor/6000.7.0a4/Unity.app/Contents/Resources/Scripting/Managed/UnityEngine/UnityEditor.PresetsUIModule.dll"
-r:"/Applications/Unity/Hub/Editor/6000.7.0a4/Unity.app/Contents/Resources/Scripting/Managed/UnityEngine/UnityEditor.ProjectAuditorModule.dll"
-r:"/Applications/Unity/Hub/Editor/6000.7.0a4/Unity.app/Contents/Resources/Scripting/Managed/UnityEngine/UnityEditor.PropertiesModule.dll"
-r:"/Applications/Unity/Hub/Editor/6000.7.0a4/Unity.app/Contents/Resources/Scripting/Managed/UnityEngine/UnityEditor.QuickInstallModule.dll"
-r:"/Applications/Unity/Hub/Editor/6000.7.0a4/Unity.app/Contents/Resources/Scripting/Managed/UnityEngine/UnityEditor.QuickSearchModule.dll"
-r:"/Applications/Unity/Hub/Editor/6000.7.0a4/Unity.app/Contents/Resources/Scripting/Managed/UnityEngine/UnityEditor.SafeModeModule.dll"
-r:"/Applications/Unity/Hub/Editor/6000.7.0a4/Unity.app/Contents/Resources/Scripting/Managed/UnityEngine/UnityEditor.SceneTemplateModule.dll"
-r:"/Applications/Unity/Hub/Editor/6000.7.0a4/Unity.app/Contents/Resources/Scripting/Managed/UnityEngine/UnityEditor.SceneViewModule.dll"
-r:"/Applications/Unity/Hub/Editor/6000.7.0a4/Unity.app/Contents/Resources/Scripting/Managed/UnityEngine/UnityEditor.ShaderBuildSettingsModule.dll"
-r:"/Applications/Unity/Hub/Editor/6000.7.0a4/Unity.app/Contents/Resources/Scripting/Managed/UnityEngine/UnityEditor.ShaderCompilationModule.dll"
-r:"/Applications/Unity/Hub/Editor/6000.7.0a4/Unity.app/Contents/Resources/Scripting/Managed/UnityEngine/UnityEditor.ShaderPreprocessorModule.dll"
-r:"/Applications/Unity/Hub/Editor/6000.7.0a4/Unity.app/Contents/Resources/Scripting/Managed/UnityEngine/UnityEditor.SketchUpModule.dll"
-r:"/Applications/Unity/Hub/Editor/6000.7.0a4/Unity.app/Contents/Resources/Scripting/Managed/UnityEngine/UnityEditor.SmartStringsModule.dll"
-r:"/Applications/Unity/Hub/Editor/6000.7.0a4/Unity.app/Contents/Resources/Scripting/Managed/UnityEngine/UnityEditor.SpriteMaskModule.dll"
-r:"/Applications/Unity/Hub/Editor/6000.7.0a4/Unity.app/Contents/Resources/Scripting/Managed/UnityEngine/UnityEditor.SpriteShapeModule.dll"
-r:"/Applications/Unity/Hub/Editor/6000.7.0a4/Unity.app/Contents/Resources/Scripting/Managed/UnityEngine/UnityEditor.TerrainModule.dll"
-r:"/Applications/Unity/Hub/Editor/6000.7.0a4/Unity.app/Contents/Resources/Scripting/Managed/UnityEngine/UnityEditor.TextCoreFontEngineModule.dll"
-r:"/Applications/Unity/Hub/Editor/6000.7.0a4/Unity.app/Contents/Resources/Scripting/Managed/UnityEngine/UnityEditor.TextCoreTextEngineModule.dll"
-r:"/Applications/Unity/Hub/Editor/6000.7.0a4/Unity.app/Contents/Resources/Scripting/Managed/UnityEngine/UnityEditor.TextRenderingModule.dll"
-r:"/Applications/Unity/Hub/Editor/6000.7.0a4/Unity.app/Contents/Resources/Scripting/Managed/UnityEngine/UnityEditor.TilemapModule.dll"
-r:"/Applications/Unity/Hub/Editor/6000.7.0a4/Unity.app/Contents/Resources/Scripting/Managed/UnityEngine/UnityEditor.TimelineFoundationModule.dll"
-r:"/Applications/Unity/Hub/Editor/6000.7.0a4/Unity.app/Contents/Resources/Scripting/Managed/UnityEngine/UnityEditor.TreeModule.dll"
-r:"/Applications/Unity/Hub/Editor/6000.7.0a4/Unity.app/Contents/Resources/Scripting/Managed/UnityEngine/UnityEditor.U2DModule.dll"
-r:"/Applications/Unity/Hub/Editor/6000.7.0a4/Unity.app/Contents/Resources/Scripting/Managed/UnityEngine/UnityEditor.UIAutomationModule.dll"
-r:"/Applications/Unity/Hub/Editor/6000.7.0a4/Unity.app/Contents/Resources/Scripting/Managed/UnityEngine/UnityEditor.UIBuilderModule.dll"
-r:"/Applications/Unity/Hub/Editor/6000.7.0a4/Unity.app/Contents/Resources/Scripting/Managed/UnityEngine/UnityEditor.UIElementsModule.dll"
-r:"/Applications/Unity/Hub/Editor/6000.7.0a4/Unity.app/Contents/Resources/Scripting/Managed/UnityEngine/UnityEditor.UIElementsSamplesModule.dll"
-r:"/Applications/Unity/Hub/Editor/6000.7.0a4/Unity.app/Contents/Resources/Scripting/Managed/UnityEngine/UnityEditor.UIToolkitAuthoringModule.dll"
-r:"/Applications/Unity/Hub/Editor/6000.7.0a4/Unity.app/Contents/Resources/Scripting/Managed/UnityEngine/UnityEditor.UmbraModule.dll"
-r:"/Applications/Unity/Hub/Editor/6000.7.0a4/Unity.app/Contents/Resources/Scripting/Managed/UnityEngine/UnityEditor.UnityConnectModule.dll"
-r:"/Applications/Unity/Hub/Editor/6000.7.0a4/Unity.app/Contents/Resources/Scripting/Managed/UnityEngine/UnityEditor.VFXModule.dll"
-r:"/Applications/Unity/Hub/Editor/6000.7.0a4/Unity.app/Contents/Resources/Scripting/Managed/UnityEngine/UnityEditor.VectorGraphicsModule.dll"
-r:"/Applications/Unity/Hub/Editor/6000.7.0a4/Unity.app/Contents/Resources/Scripting/Managed/UnityEngine/UnityEditor.VideoModule.dll"
-r:"/Applications/Unity/Hub/Editor/6000.7.0a4/Unity.app/Contents/Resources/Scripting/Managed/UnityEngine/UnityEditor.XRModule.dll"
-r:"/Applications/Unity/Hub/Editor/6000.7.0a4/Unity.app/Contents/Resources/Scripting/Managed/UnityEngine/UnityEditor.dll"
-r:"/Applications/Unity/Hub/Editor/6000.7.0a4/Unity.app/Contents/Resources/Scripting/Managed/UnityEngine/UnityEngine.AIModule.dll"
-r:"/Applications/Unity/Hub/Editor/6000.7.0a4/Unity.app/Contents/Resources/Scripting/Managed/UnityEngine/UnityEngine.ARModule.dll"
-r:"/Applications/Unity/Hub/Editor/6000.7.0a4/Unity.app/Contents/Resources/Scripting/Managed/UnityEngine/UnityEngine.AccessibilityModule.dll"
-r:"/Applications/Unity/Hub/Editor/6000.7.0a4/Unity.app/Contents/Resources/Scripting/Managed/UnityEngine/UnityEngine.AdaptivePerformanceModule.dll"
-r:"/Applications/Unity/Hub/Editor/6000.7.0a4/Unity.app/Contents/Resources/Scripting/Managed/UnityEngine/UnityEngine.AndroidJNIModule.dll"
-r:"/Applications/Unity/Hub/Editor/6000.7.0a4/Unity.app/Contents/Resources/Scripting/Managed/UnityEngine/UnityEngine.AnimationModule.dll"
-r:"/Applications/Unity/Hub/Editor/6000.7.0a4/Unity.app/Contents/Resources/Scripting/Managed/UnityEngine/UnityEngine.AssetBundleModule.dll"
-r:"/Applications/Unity/Hub/Editor/6000.7.0a4/Unity.app/Contents/Resources/Scripting/Managed/UnityEngine/UnityEngine.AudioModule.dll"
-r:"/Applications/Unity/Hub/Editor/6000.7.0a4/Unity.app/Contents/Resources/Scripting/Managed/UnityEngine/UnityEngine.BurstModule.dll"
-r:"/Applications/Unity/Hub/Editor/6000.7.0a4/Unity.app/Contents/Resources/Scripting/Managed/UnityEngine/UnityEngine.ClothModule.dll"
-r:"/Applications/Unity/Hub/Editor/6000.7.0a4/Unity.app/Contents/Resources/Scripting/Managed/UnityEngine/UnityEngine.ClusterInputModule.dll"
-r:"/Applications/Unity/Hub/Editor/6000.7.0a4/Unity.app/Contents/Resources/Scripting/Managed/UnityEngine/UnityEngine.ClusterRendererModule.dll"
-r:"/Applications/Unity/Hub/Editor/6000.7.0a4/Unity.app/Contents/Resources/Scripting/Managed/UnityEngine/UnityEngine.ContentLoadModule.dll"
-r:"/Applications/Unity/Hub/Editor/6000.7.0a4/Unity.app/Contents/Resources/Scripting/Managed/UnityEngine/UnityEngine.CoreModule.dll"
-r:"/Applications/Unity/Hub/Editor/6000.7.0a4/Unity.app/Contents/Resources/Scripting/Managed/UnityEngine/UnityEngine.CrashReportingModule.dll"
-r:"/Applications/Unity/Hub/Editor/6000.7.0a4/Unity.app/Contents/Resources/Scripting/Managed/UnityEngine/UnityEngine.DSPGraphModule.dll"
-r:"/Applications/Unity/Hub/Editor/6000.7.0a4/Unity.app/Contents/Resources/Scripting/Managed/UnityEngine/UnityEngine.DirectorModule.dll"
-r:"/Applications/Unity/Hub/Editor/6000.7.0a4/Unity.app/Contents/Resources/Scripting/Managed/UnityEngine/UnityEngine.GIModule.dll"
-r:"/Applications/Unity/Hub/Editor/6000.7.0a4/Unity.app/Contents/Resources/Scripting/Managed/UnityEngine/UnityEngine.GameCenterModule.dll"
-r:"/Applications/Unity/Hub/Editor/6000.7.0a4/Unity.app/Contents/Resources/Scripting/Managed/UnityEngine/UnityEngine.GraphicsStateCollectionSerializerModule.dll"
-r:"/Applications/Unity/Hub/Editor/6000.7.0a4/Unity.app/Contents/Resources/Scripting/Managed/UnityEngine/UnityEngine.GridModule.dll"
-r:"/Applications/Unity/Hub/Editor/6000.7.0a4/Unity.app/Contents/Resources/Scripting/Managed/UnityEngine/UnityEngine.HierarchyCoreModule.dll"
-r:"/Applications/Unity/Hub/Editor/6000.7.0a4/Unity.app/Contents/Resources/Scripting/Managed/UnityEngine/UnityEngine.HotReloadModule.dll"
-r:"/Applications/Unity/Hub/Editor/6000.7.0a4/Unity.app/Contents/Resources/Scripting/Managed/UnityEngine/UnityEngine.IMGUIModule.dll"
-r:"/Applications/Unity/Hub/Editor/6000.7.0a4/Unity.app/Contents/Resources/Scripting/Managed/UnityEngine/UnityEngine.IdentifiersModule.dll"
-r:"/Applications/Unity/Hub/Editor/6000.7.0a4/Unity.app/Contents/Resources/Scripting/Managed/UnityEngine/UnityEngine.ImageConversionModule.dll"
-r:"/Applications/Unity/Hub/Editor/6000.7.0a4/Unity.app/Contents/Resources/Scripting/Managed/UnityEngine/UnityEngine.InputForUIModule.dll"
-r:"/Applications/Unity/Hub/Editor/6000.7.0a4/Unity.app/Contents/Resources/Scripting/Managed/UnityEngine/UnityEngine.InputLegacyModule.dll"
-r:"/Applications/Unity/Hub/Editor/6000.7.0a4/Unity.app/Contents/Resources/Scripting/Managed/UnityEngine/UnityEngine.InputModule.dll"
-r:"/Applications/Unity/Hub/Editor/6000.7.0a4/Unity.app/Contents/Resources/Scripting/Managed/UnityEngine/UnityEngine.InsightsModule.dll"
-r:"/Applications/Unity/Hub/Editor/6000.7.0a4/Unity.app/Contents/Resources/Scripting/Managed/UnityEngine/UnityEngine.JSONSerializeModule.dll"
-r:"/Applications/Unity/Hub/Editor/6000.7.0a4/Unity.app/Contents/Resources/Scripting/Managed/UnityEngine/UnityEngine.LocalizationModule.dll"
-r:"/Applications/Unity/Hub/Editor/6000.7.0a4/Unity.app/Contents/Resources/Scripting/Managed/UnityEngine/UnityEngine.ManagedKernelModule.dll"
-r:"/Applications/Unity/Hub/Editor/6000.7.0a4/Unity.app/Contents/Resources/Scripting/Managed/UnityEngine/UnityEngine.MarshallingModule.dll"
-r:"/Applications/Unity/Hub/Editor/6000.7.0a4/Unity.app/Contents/Resources/Scripting/Managed/UnityEngine/UnityEngine.MathematicsModule.dll"
-r:"/Applications/Unity/Hub/Editor/6000.7.0a4/Unity.app/Contents/Resources/Scripting/Managed/UnityEngine/UnityEngine.MultiplayerModule.dll"
-r:"/Applications/Unity/Hub/Editor/6000.7.0a4/Unity.app/Contents/Resources/Scripting/Managed/UnityEngine/UnityEngine.ParticleSystemModule.dll"
-r:"/Applications/Unity/Hub/Editor/6000.7.0a4/Unity.app/Contents/Resources/Scripting/Managed/UnityEngine/UnityEngine.PerformanceReportingModule.dll"
-r:"/Applications/Unity/Hub/Editor/6000.7.0a4/Unity.app/Contents/Resources/Scripting/Managed/UnityEngine/UnityEngine.Physics2DModule.dll"
-r:"/Applications/Unity/Hub/Editor/6000.7.0a4/Unity.app/Contents/Resources/Scripting/Managed/UnityEngine/UnityEngine.PhysicsBackendPhysXModule.dll"
-r:"/Applications/Unity/Hub/Editor/6000.7.0a4/Unity.app/Contents/Resources/Scripting/Managed/UnityEngine/UnityEngine.PhysicsCore2DModule.dll"
-r:"/Applications/Unity/Hub/Editor/6000.7.0a4/Unity.app/Contents/Resources/Scripting/Managed/UnityEngine/UnityEngine.PhysicsModule.dll"
-r:"/Applications/Unity/Hub/Editor/6000.7.0a4/Unity.app/Contents/Resources/Scripting/Managed/UnityEngine/UnityEngine.PropertiesModule.dll"
-r:"/Applications/Unity/Hub/Editor/6000.7.0a4/Unity.app/Contents/Resources/Scripting/Managed/UnityEngine/UnityEngine.RenderAs2DModule.dll"
-r:"/Applications/Unity/Hub/Editor/6000.7.0a4/Unity.app/Contents/Resources/Scripting/Managed/UnityEngine/UnityEngine.RuntimeInitializeOnLoadManagerInitializerModule.dll"
-r:"/Applications/Unity/Hub/Editor/6000.7.0a4/Unity.app/Contents/Resources/Scripting/Managed/UnityEngine/UnityEngine.ScreenCaptureModule.dll"
-r:"/Applications/Unity/Hub/Editor/6000.7.0a4/Unity.app/Contents/Resources/Scripting/Managed/UnityEngine/UnityEngine.ScriptingModule.dll"
-r:"/Applications/Unity/Hub/Editor/6000.7.0a4/Unity.app/Contents/Resources/Scripting/Managed/UnityEngine/UnityEngine.ShaderVariantAnalyticsModule.dll"
-r:"/Applications/Unity/Hub/Editor/6000.7.0a4/Unity.app/Contents/Resources/Scripting/Managed/UnityEngine/UnityEngine.SmartStringsModule.dll"
-r:"/Applications/Unity/Hub/Editor/6000.7.0a4/Unity.app/Contents/Resources/Scripting/Managed/UnityEngine/UnityEngine.SpriteMaskModule.dll"
-r:"/Applications/Unity/Hub/Editor/6000.7.0a4/Unity.app/Contents/Resources/Scripting/Managed/UnityEngine/UnityEngine.SpriteShapeModule.dll"
-r:"/Applications/Unity/Hub/Editor/6000.7.0a4/Unity.app/Contents/Resources/Scripting/Managed/UnityEngine/UnityEngine.StreamingModule.dll"
-r:"/Applications/Unity/Hub/Editor/6000.7.0a4/Unity.app/Contents/Resources/Scripting/Managed/UnityEngine/UnityEngine.SubsystemsModule.dll"
-r:"/Applications/Unity/Hub/Editor/6000.7.0a4/Unity.app/Contents/Resources/Scripting/Managed/UnityEngine/UnityEngine.TLSModule.dll"
-r:"/Applications/Unity/Hub/Editor/6000.7.0a4/Unity.app/Contents/Resources/Scripting/Managed/UnityEngine/UnityEngine.TerrainModule.dll"
-r:"/Applications/Unity/Hub/Editor/6000.7.0a4/Unity.app/Contents/Resources/Scripting/Managed/UnityEngine/UnityEngine.TerrainPhysicsModule.dll"
-r:"/Applications/Unity/Hub/Editor/6000.7.0a4/Unity.app/Contents/Resources/Scripting/Managed/UnityEngine/UnityEngine.TetgenModule.dll"
-r:"/Applications/Unity/Hub/Editor/6000.7.0a4/Unity.app/Contents/Resources/Scripting/Managed/UnityEngine/UnityEngine.TextCoreFontEngineModule.dll"
-r:"/Applications/Unity/Hub/Editor/6000.7.0a4/Unity.app/Contents/Resources/Scripting/Managed/UnityEngine/UnityEngine.TextCoreTextEngineModule.dll"
-r:"/Applications/Unity/Hub/Editor/6000.7.0a4/Unity.app/Contents/Resources/Scripting/Managed/UnityEngine/UnityEngine.TextRenderingModule.dll"
-r:"/Applications/Unity/Hub/Editor/6000.7.0a4/Unity.app/Contents/Resources/Scripting/Managed/UnityEngine/UnityEngine.TilemapModule.dll"
-r:"/Applications/Unity/Hub/Editor/6000.7.0a4/Unity.app/Contents/Resources/Scripting/Managed/UnityEngine/UnityEngine.TimelineFoundationModule.dll"
-r:"/Applications/Unity/Hub/Editor/6000.7.0a4/Unity.app/Contents/Resources/Scripting/Managed/UnityEngine/UnityEngine.U2DRuntimeModule.dll"
-r:"/Applications/Unity/Hub/Editor/6000.7.0a4/Unity.app/Contents/Resources/Scripting/Managed/UnityEngine/UnityEngine.UIElementsModule.dll"
-r:"/Applications/Unity/Hub/Editor/6000.7.0a4/Unity.app/Contents/Resources/Scripting/Managed/UnityEngine/UnityEngine.UIModule.dll"
-r:"/Applications/Unity/Hub/Editor/6000.7.0a4/Unity.app/Contents/Resources/Scripting/Managed/UnityEngine/UnityEngine.UmbraModule.dll"
-r:"/Applications/Unity/Hub/Editor/6000.7.0a4/Unity.app/Contents/Resources/Scripting/Managed/UnityEngine/UnityEngine.UnityAnalyticsCommonModule.dll"
-r:"/Applications/Unity/Hub/Editor/6000.7.0a4/Unity.app/Contents/Resources/Scripting/Managed/UnityEngine/UnityEngine.UnityAnalyticsModule.dll"
-r:"/Applications/Unity/Hub/Editor/6000.7.0a4/Unity.app/Contents/Resources/Scripting/Managed/UnityEngine/UnityEngine.UnityConnectModule.dll"
-r:"/Applications/Unity/Hub/Editor/6000.7.0a4/Unity.app/Contents/Resources/Scripting/Managed/UnityEngine/UnityEngine.UnityConsentModule.dll"
-r:"/Applications/Unity/Hub/Editor/6000.7.0a4/Unity.app/Contents/Resources/Scripting/Managed/UnityEngine/UnityEngine.UnityCurlModule.dll"
-r:"/Applications/Unity/Hub/Editor/6000.7.0a4/Unity.app/Contents/Resources/Scripting/Managed/UnityEngine/UnityEngine.UnityWebRequestAssetBundleModule.dll"
-r:"/Applications/Unity/Hub/Editor/6000.7.0a4/Unity.app/Contents/Resources/Scripting/Managed/UnityEngine/UnityEngine.UnityWebRequestAudioModule.dll"
-r:"/Applications/Unity/Hub/Editor/6000.7.0a4/Unity.app/Contents/Resources/Scripting/Managed/UnityEngine/UnityEngine.UnityWebRequestModule.dll"
-r:"/Applications/Unity/Hub/Editor/6000.7.0a4/Unity.app/Contents/Resources/Scripting/Managed/UnityEngine/UnityEngine.UnityWebRequestTextureModule.dll"
-r:"/Applications/Unity/Hub/Editor/6000.7.0a4/Unity.app/Contents/Resources/Scripting/Managed/UnityEngine/UnityEngine.UnityWebRequestWWWModule.dll"
-r:"/Applications/Unity/Hub/Editor/6000.7.0a4/Unity.app/Contents/Resources/Scripting/Managed/UnityEngine/UnityEngine.VFXModule.dll"
-r:"/Applications/Unity/Hub/Editor/6000.7.0a4/Unity.app/Contents/Resources/Scripting/Managed/UnityEngine/UnityEngine.VectorGraphicsModule.dll"
-r:"/Applications/Unity/Hub/Editor/6000.7.0a4/Unity.app/Contents/Resources/Scripting/Managed/UnityEngine/UnityEngine.VehiclesModule.dll"
-r:"/Applications/Unity/Hub/Editor/6000.7.0a4/Unity.app/Contents/Resources/Scripting/Managed/UnityEngine/UnityEngine.VideoModule.dll"
-r:"/Applications/Unity/Hub/Editor/6000.7.0a4/Unity.app/Contents/Resources/Scripting/Managed/UnityEngine/UnityEngine.VirtualTexturingModule.dll"
-r:"/Applications/Unity/Hub/Editor/6000.7.0a4/Unity.app/Contents/Resources/Scripting/Managed/UnityEngine/UnityEngine.WindModule.dll"
-r:"/Applications/Unity/Hub/Editor/6000.7.0a4/Unity.app/Contents/Resources/Scripting/Managed/UnityEngine/UnityEngine.XRModule.dll"
-r:"/Applications/Unity/Hub/Editor/6000.7.0a4/Unity.app/Contents/Resources/Scripting/Managed/UnityEngine/UnityEngine.dll"
-r:"/Applications/Unity/Hub/Editor/6000.7.0a4/Unity.app/Contents/Resources/Scripting/NetStandard/Extensions/2.0.0/System.Runtime.InteropServices.WindowsRuntime.dll"
-r:"/Applications/Unity/Hub/Editor/6000.7.0a4/Unity.app/Contents/Resources/Scripting/NetStandard/compat/2.1.0/shims/netfx/System.ComponentModel.Composition.dll"
-r:"/Applications/Unity/Hub/Editor/6000.7.0a4/Unity.app/Contents/Resources/Scripting/NetStandard/compat/2.1.0/shims/netfx/System.Core.dll"
-r:"/Applications/Unity/Hub/Editor/6000.7.0a4/Unity.app/Contents/Resources/Scripting/NetStandard/compat/2.1.0/shims/netfx/System.Data.dll"
-r:"/Applications/Unity/Hub/Editor/6000.7.0a4/Unity.app/Contents/Resources/Scripting/NetStandard/compat/2.1.0/shims/netfx/System.Drawing.dll"
-r:"/Applications/Unity/Hub/Editor/6000.7.0a4/Unity.app/Contents/Resources/Scripting/NetStandard/compat/2.1.0/shims/netfx/System.IO.Compression.FileSystem.dll"
-r:"/Applications/Unity/Hub/Editor/6000.7.0a4/Unity.app/Contents/Resources/Scripting/NetStandard/compat/2.1.0/shims/netfx/System.Net.dll"
-r:"/Applications/Unity/Hub/Editor/6000.7.0a4/Unity.app/Contents/Resources/Scripting/NetStandard/compat/2.1.0/shims/netfx/System.Numerics.dll"
-r:"/Applications/Unity/Hub/Editor/6000.7.0a4/Unity.app/Contents/Resources/Scripting/NetStandard/compat/2.1.0/shims/netfx/System.Runtime.Serialization.dll"
-r:"/Applications/Unity/Hub/Editor/6000.7.0a4/Unity.app/Contents/Resources/Scripting/NetStandard/compat/2.1.0/shims/netfx/System.ServiceModel.Web.dll"
-r:"/Applications/Unity/Hub/Editor/6000.7.0a4/Unity.app/Contents/Resources/Scripting/NetStandard/compat/2.1.0/shims/netfx/System.Transactions.dll"
-r:"/Applications/Unity/Hub/Editor/6000.7.0a4/Unity.app/Contents/Resources/Scripting/NetStandard/compat/2.1.0/shims/netfx/System.Web.dll"
-r:"/Applications/Unity/Hub/Editor/6000.7.0a4/Unity.app/Contents/Resources/Scripting/NetStandard/compat/2.1.0/shims/netfx/System.Windows.dll"
-r:"/Applications/Unity/Hub/Editor/6000.7.0a4/Unity.app/Contents/Resources/Scripting/NetStandard/compat/2.1.0/shims/netfx/System.Xml.Linq.dll"
-r:"/Applications/Unity/Hub/Editor/6000.7.0a4/Unity.app/Contents/Resources/Scripting/NetStandard/compat/2.1.0/shims/netfx/System.Xml.Serialization.dll"
-r:"/Applications/Unity/Hub/Editor/6000.7.0a4/Unity.app/Contents/Resources/Scripting/NetStandard/compat/2.1.0/shims/netfx/System.Xml.dll"
-r:"/Applications/Unity/Hub/Editor/6000.7.0a4/Unity.app/Contents/Resources/Scripting/NetStandard/compat/2.1.0/shims/netfx/System.dll"
-r:"/Applications/Unity/Hub/Editor/6000.7.0a4/Unity.app/Contents/Resources/Scripting/NetStandard/compat/2.1.0/shims/netfx/mscorlib.dll"
-r:"/Applications/Unity/Hub/Editor/6000.7.0a4/Unity.app/Contents/Resources/Scripting/NetStandard/compat/2.1.0/shims/netstandard/Microsoft.Win32.Primitives.dll"
-r:"/Applications/Unity/Hub/Editor/6000.7.0a4/Unity.app/Contents/Resources/Scripting/NetStandard/compat/2.1.0/shims/netstandard/System.AppContext.dll"
-r:"/Applications/Unity/Hub/Editor/6000.7.0a4/Unity.app/Contents/Resources/Scripting/NetStandard/compat/2.1.0/shims/netstandard/System.Buffers.dll"
-r:"/Applications/Unity/Hub/Editor/6000.7.0a4/Unity.app/Contents/Resources/Scripting/NetStandard/compat/2.1.0/shims/netstandard/System.Collections.Concurrent.dll"
-r:"/Applications/Unity/Hub/Editor/6000.7.0a4/Unity.app/Contents/Resources/Scripting/NetStandard/compat/2.1.0/shims/netstandard/System.Collections.NonGeneric.dll"
-r:"/Applications/Unity/Hub/Editor/6000.7.0a4/Unity.app/Contents/Resources/Scripting/NetStandard/compat/2.1.0/shims/netstandard/System.Collections.Specialized.dll"
-r:"/Applications/Unity/Hub/Editor/6000.7.0a4/Unity.app/Contents/Resources/Scripting/NetStandard/compat/2.1.0/shims/netstandard/System.Collections.dll"
-r:"/Applications/Unity/Hub/Editor/6000.7.0a4/Unity.app/Contents/Resources/Scripting/NetStandard/compat/2.1.0/shims/netstandard/System.ComponentModel.EventBasedAsync.dll"
-r:"/Applications/Unity/Hub/Editor/6000.7.0a4/Unity.app/Contents/Resources/Scripting/NetStandard/compat/2.1.0/shims/netstandard/System.ComponentModel.Primitives.dll"
-r:"/Applications/Unity/Hub/Editor/6000.7.0a4/Unity.app/Contents/Resources/Scripting/NetStandard/compat/2.1.0/shims/netstandard/System.ComponentModel.TypeConverter.dll"
-r:"/Applications/Unity/Hub/Editor/6000.7.0a4/Unity.app/Contents/Resources/Scripting/NetStandard/compat/2.1.0/shims/netstandard/System.ComponentModel.dll"
-r:"/Applications/Unity/Hub/Editor/6000.7.0a4/Unity.app/Contents/Resources/Scripting/NetStandard/compat/2.1.0/shims/netstandard/System.Console.dll"
-r:"/Applications/Unity/Hub/Editor/6000.7.0a4/Unity.app/Contents/Resources/Scripting/NetStandard/compat/2.1.0/shims/netstandard/System.Data.Common.dll"
-r:"/Applications/Unity/Hub/Editor/6000.7.0a4/Unity.app/Contents/Resources/Scripting/NetStandard/compat/2.1.0/shims/netstandard/System.Diagnostics.Contracts.dll"
-r:"/Applications/Unity/Hub/Editor/6000.7.0a4/Unity.app/Contents/Resources/Scripting/NetStandard/compat/2.1.0/shims/netstandard/System.Diagnostics.Debug.dll"
-r:"/Applications/Unity/Hub/Editor/6000.7.0a4/Unity.app/Contents/Resources/Scripting/NetStandard/compat/2.1.0/shims/netstandard/System.Diagnostics.FileVersionInfo.dll"
-r:"/Applications/Unity/Hub/Editor/6000.7.0a4/Unity.app/Contents/Resources/Scripting/NetStandard/compat/2.1.0/shims/netstandard/System.Diagnostics.Process.dll"
-r:"/Applications/Unity/Hub/Editor/6000.7.0a4/Unity.app/Contents/Resources/Scripting/NetStandard/compat/2.1.0/shims/netstandard/System.Diagnostics.StackTrace.dll"
-r:"/Applications/Unity/Hub/Editor/6000.7.0a4/Unity.app/Contents/Resources/Scripting/NetStandard/compat/2.1.0/shims/netstandard/System.Diagnostics.TextWriterTraceListener.dll"
-r:"/Applications/Unity/Hub/Editor/6000.7.0a4/Unity.app/Contents/Resources/Scripting/NetStandard/compat/2.1.0/shims/netstandard/System.Diagnostics.Tools.dll"
-r:"/Applications/Unity/Hub/Editor/6000.7.0a4/Unity.app/Contents/Resources/Scripting/NetStandard/compat/2.1.0/shims/netstandard/System.Diagnostics.TraceSource.dll"
-r:"/Applications/Unity/Hub/Editor/6000.7.0a4/Unity.app/Contents/Resources/Scripting/NetStandard/compat/2.1.0/shims/netstandard/System.Diagnostics.Tracing.dll"
-r:"/Applications/Unity/Hub/Editor/6000.7.0a4/Unity.app/Contents/Resources/Scripting/NetStandard/compat/2.1.0/shims/netstandard/System.Drawing.Primitives.dll"
-r:"/Applications/Unity/Hub/Editor/6000.7.0a4/Unity.app/Contents/Resources/Scripting/NetStandard/compat/2.1.0/shims/netstandard/System.Dynamic.Runtime.dll"
-r:"/Applications/Unity/Hub/Editor/6000.7.0a4/Unity.app/Contents/Resources/Scripting/NetStandard/compat/2.1.0/shims/netstandard/System.Globalization.Calendars.dll"
-r:"/Applications/Unity/Hub/Editor/6000.7.0a4/Unity.app/Contents/Resources/Scripting/NetStandard/compat/2.1.0/shims/netstandard/System.Globalization.Extensions.dll"
-r:"/Applications/Unity/Hub/Editor/6000.7.0a4/Unity.app/Contents/Resources/Scripting/NetStandard/compat/2.1.0/shims/netstandard/System.Globalization.dll"
-r:"/Applications/Unity/Hub/Editor/6000.7.0a4/Unity.app/Contents/Resources/Scripting/NetStandard/compat/2.1.0/shims/netstandard/System.IO.Compression.ZipFile.dll"
-r:"/Applications/Unity/Hub/Editor/6000.7.0a4/Unity.app/Contents/Resources/Scripting/NetStandard/compat/2.1.0/shims/netstandard/System.IO.Compression.dll"
-r:"/Applications/Unity/Hub/Editor/6000.7.0a4/Unity.app/Contents/Resources/Scripting/NetStandard/compat/2.1.0/shims/netstandard/System.IO.FileSystem.DriveInfo.dll"
-r:"/Applications/Unity/Hub/Editor/6000.7.0a4/Unity.app/Contents/Resources/Scripting/NetStandard/compat/2.1.0/shims/netstandard/System.IO.FileSystem.Primitives.dll"
-r:"/Applications/Unity/Hub/Editor/6000.7.0a4/Unity.app/Contents/Resources/Scripting/NetStandard/compat/2.1.0/shims/netstandard/System.IO.FileSystem.Watcher.dll"
-r:"/Applications/Unity/Hub/Editor/6000.7.0a4/Unity.app/Contents/Resources/Scripting/NetStandard/compat/2.1.0/shims/netstandard/System.IO.FileSystem.dll"
-r:"/Applications/Unity/Hub/Editor/6000.7.0a4/Unity.app/Contents/Resources/Scripting/NetStandard/compat/2.1.0/shims/netstandard/System.IO.IsolatedStorage.dll"
-r:"/Applications/Unity/Hub/Editor/6000.7.0a4/Unity.app/Contents/Resources/Scripting/NetStandard/compat/2.1.0/shims/netstandard/System.IO.MemoryMappedFiles.dll"
-r:"/Applications/Unity/Hub/Editor/6000.7.0a4/Unity.app/Contents/Resources/Scripting/NetStandard/compat/2.1.0/shims/netstandard/System.IO.Pipes.dll"
-r:"/Applications/Unity/Hub/Editor/6000.7.0a4/Unity.app/Contents/Resources/Scripting/NetStandard/compat/2.1.0/shims/netstandard/System.IO.UnmanagedMemoryStream.dll"
-r:"/Applications/Unity/Hub/Editor/6000.7.0a4/Unity.app/Contents/Resources/Scripting/NetStandard/compat/2.1.0/shims/netstandard/System.IO.dll"
-r:"/Applications/Unity/Hub/Editor/6000.7.0a4/Unity.app/Contents/Resources/Scripting/NetStandard/compat/2.1.0/shims/netstandard/System.Linq.Expressions.dll"
-r:"/Applications/Unity/Hub/Editor/6000.7.0a4/Unity.app/Contents/Resources/Scripting/NetStandard/compat/2.1.0/shims/netstandard/System.Linq.Parallel.dll"
-r:"/Applications/Unity/Hub/Editor/6000.7.0a4/Unity.app/Contents/Resources/Scripting/NetStandard/compat/2.1.0/shims/netstandard/System.Linq.Queryable.dll"
-r:"/Applications/Unity/Hub/Editor/6000.7.0a4/Unity.app/Contents/Resources/Scripting/NetStandard/compat/2.1.0/shims/netstandard/System.Linq.dll"
-r:"/Applications/Unity/Hub/Editor/6000.7.0a4/Unity.app/Contents/Resources/Scripting/NetStandard/compat/2.1.0/shims/netstandard/System.Memory.dll"
-r:"/Applications/Unity/Hub/Editor/6000.7.0a4/Unity.app/Contents/Resources/Scripting/NetStandard/compat/2.1.0/shims/netstandard/System.Net.Http.dll"
-r:"/Applications/Unity/Hub/Editor/6000.7.0a4/Unity.app/Contents/Resources/Scripting/NetStandard/compat/2.1.0/shims/netstandard/System.Net.NameResolution.dll"
-r:"/Applications/Unity/Hub/Editor/6000.7.0a4/Unity.app/Contents/Resources/Scripting/NetStandard/compat/2.1.0/shims/netstandard/System.Net.NetworkInformation.dll"
-r:"/Applications/Unity/Hub/Editor/6000.7.0a4/Unity.app/Contents/Resources/Scripting/NetStandard/compat/2.1.0/shims/netstandard/System.Net.Ping.dll"
-r:"/Applications/Unity/Hub/Editor/6000.7.0a4/Unity.app/Contents/Resources/Scripting/NetStandard/compat/2.1.0/shims/netstandard/System.Net.Primitives.dll"
-r:"/Applications/Unity/Hub/Editor/6000.7.0a4/Unity.app/Contents/Resources/Scripting/NetStandard/compat/2.1.0/shims/netstandard/System.Net.Requests.dll"
-r:"/Applications/Unity/Hub/Editor/6000.7.0a4/Unity.app/Contents/Resources/Scripting/NetStandard/compat/2.1.0/shims/netstandard/System.Net.Security.dll"
-r:"/Applications/Unity/Hub/Editor/6000.7.0a4/Unity.app/Contents/Resources/Scripting/NetStandard/compat/2.1.0/shims/netstandard/System.Net.Sockets.dll"
-r:"/Applications/Unity/Hub/Editor/6000.7.0a4/Unity.app/Contents/Resources/Scripting/NetStandard/compat/2.1.0/shims/netstandard/System.Net.WebHeaderCollection.dll"
-r:"/Applications/Unity/Hub/Editor/6000.7.0a4/Unity.app/Contents/Resources/Scripting/NetStandard/compat/2.1.0/shims/netstandard/System.Net.WebSockets.Client.dll"
-r:"/Applications/Unity/Hub/Editor/6000.7.0a4/Unity.app/Contents/Resources/Scripting/NetStandard/compat/2.1.0/shims/netstandard/System.Net.WebSockets.dll"
-r:"/Applications/Unity/Hub/Editor/6000.7.0a4/Unity.app/Contents/Resources/Scripting/NetStandard/compat/2.1.0/shims/netstandard/System.Numerics.Vectors.dll"
-r:"/Applications/Unity/Hub/Editor/6000.7.0a4/Unity.app/Contents/Resources/Scripting/NetStandard/compat/2.1.0/shims/netstandard/System.ObjectModel.dll"
-r:"/Applications/Unity/Hub/Editor/6000.7.0a4/Unity.app/Contents/Resources/Scripting/NetStandard/compat/2.1.0/shims/netstandard/System.Reflection.DispatchProxy.dll"
-r:"/Applications/Unity/Hub/Editor/6000.7.0a4/Unity.app/Contents/Resources/Scripting/NetStandard/compat/2.1.0/shims/netstandard/System.Reflection.Emit.ILGeneration.dll"
-r:"/Applications/Unity/Hub/Editor/6000.7.0a4/Unity.app/Contents/Resources/Scripting/NetStandard/compat/2.1.0/shims/netstandard/System.Reflection.Emit.Lightweight.dll"
-r:"/Applications/Unity/Hub/Editor/6000.7.0a4/Unity.app/Contents/Resources/Scripting/NetStandard/compat/2.1.0/shims/netstandard/System.Reflection.Emit.dll"
-r:"/Applications/Unity/Hub/Editor/6000.7.0a4/Unity.app/Contents/Resources/Scripting/NetStandard/compat/2.1.0/shims/netstandard/System.Reflection.Extensions.dll"
-r:"/Applications/Unity/Hub/Editor/6000.7.0a4/Unity.app/Contents/Resources/Scripting/NetStandard/compat/2.1.0/shims/netstandard/System.Reflection.Primitives.dll"
-r:"/Applications/Unity/Hub/Editor/6000.7.0a4/Unity.app/Contents/Resources/Scripting/NetStandard/compat/2.1.0/shims/netstandard/System.Reflection.dll"
-r:"/Applications/Unity/Hub/Editor/6000.7.0a4/Unity.app/Contents/Resources/Scripting/NetStandard/compat/2.1.0/shims/netstandard/System.Resources.Reader.dll"
-r:"/Applications/Unity/Hub/Editor/6000.7.0a4/Unity.app/Contents/Resources/Scripting/NetStandard/compat/2.1.0/shims/netstandard/System.Resources.ResourceManager.dll"
-r:"/Applications/Unity/Hub/Editor/6000.7.0a4/Unity.app/Contents/Resources/Scripting/NetStandard/compat/2.1.0/shims/netstandard/System.Resources.Writer.dll"
-r:"/Applications/Unity/Hub/Editor/6000.7.0a4/Unity.app/Contents/Resources/Scripting/NetStandard/compat/2.1.0/shims/netstandard/System.Runtime.CompilerServices.VisualC.dll"
-r:"/Applications/Unity/Hub/Editor/6000.7.0a4/Unity.app/Contents/Resources/Scripting/NetStandard/compat/2.1.0/shims/netstandard/System.Runtime.Extensions.dll"
-r:"/Applications/Unity/Hub/Editor/6000.7.0a4/Unity.app/Contents/Resources/Scripting/NetStandard/compat/2.1.0/shims/netstandard/System.Runtime.Handles.dll"
-r:"/Applications/Unity/Hub/Editor/6000.7.0a4/Unity.app/Contents/Resources/Scripting/NetStandard/compat/2.1.0/shims/netstandard/System.Runtime.InteropServices.RuntimeInformation.dll"
-r:"/Applications/Unity/Hub/Editor/6000.7.0a4/Unity.app/Contents/Resources/Scripting/NetStandard/compat/2.1.0/shims/netstandard/System.Runtime.InteropServices.dll"
-r:"/Applications/Unity/Hub/Editor/6000.7.0a4/Unity.app/Contents/Resources/Scripting/NetStandard/compat/2.1.0/shims/netstandard/System.Runtime.Numerics.dll"
-r:"/Applications/Unity/Hub/Editor/6000.7.0a4/Unity.app/Contents/Resources/Scripting/NetStandard/compat/2.1.0/shims/netstandard/System.Runtime.Serialization.Formatters.dll"
-r:"/Applications/Unity/Hub/Editor/6000.7.0a4/Unity.app/Contents/Resources/Scripting/NetStandard/compat/2.1.0/shims/netstandard/System.Runtime.Serialization.Json.dll"
-r:"/Applications/Unity/Hub/Editor/6000.7.0a4/Unity.app/Contents/Resources/Scripting/NetStandard/compat/2.1.0/shims/netstandard/System.Runtime.Serialization.Primitives.dll"
-r:"/Applications/Unity/Hub/Editor/6000.7.0a4/Unity.app/Contents/Resources/Scripting/NetStandard/compat/2.1.0/shims/netstandard/System.Runtime.Serialization.Xml.dll"
-r:"/Applications/Unity/Hub/Editor/6000.7.0a4/Unity.app/Contents/Resources/Scripting/NetStandard/compat/2.1.0/shims/netstandard/System.Runtime.dll"
-r:"/Applications/Unity/Hub/Editor/6000.7.0a4/Unity.app/Contents/Resources/Scripting/NetStandard/compat/2.1.0/shims/netstandard/System.Security.Claims.dll"
-r:"/Applications/Unity/Hub/Editor/6000.7.0a4/Unity.app/Contents/Resources/Scripting/NetStandard/compat/2.1.0/shims/netstandard/System.Security.Cryptography.Algorithms.dll"
-r:"/Applications/Unity/Hub/Editor/6000.7.0a4/Unity.app/Contents/Resources/Scripting/NetStandard/compat/2.1.0/shims/netstandard/System.Security.Cryptography.Csp.dll"
-r:"/Applications/Unity/Hub/Editor/6000.7.0a4/Unity.app/Contents/Resources/Scripting/NetStandard/compat/2.1.0/shims/netstandard/System.Security.Cryptography.Encoding.dll"
-r:"/Applications/Unity/Hub/Editor/6000.7.0a4/Unity.app/Contents/Resources/Scripting/NetStandard/compat/2.1.0/shims/netstandard/System.Security.Cryptography.Primitives.dll"
-r:"/Applications/Unity/Hub/Editor/6000.7.0a4/Unity.app/Contents/Resources/Scripting/NetStandard/compat/2.1.0/shims/netstandard/System.Security.Cryptography.X509Certificates.dll"
-r:"/Applications/Unity/Hub/Editor/6000.7.0a4/Unity.app/Contents/Resources/Scripting/NetStandard/compat/2.1.0/shims/netstandard/System.Security.Principal.dll"
-r:"/Applications/Unity/Hub/Editor/6000.7.0a4/Unity.app/Contents/Resources/Scripting/NetStandard/compat/2.1.0/shims/netstandard/System.Security.SecureString.dll"
-r:"/Applications/Unity/Hub/Editor/6000.7.0a4/Unity.app/Contents/Resources/Scripting/NetStandard/compat/2.1.0/shims/netstandard/System.Text.Encoding.Extensions.dll"
-r:"/Applications/Unity/Hub/Editor/6000.7.0a4/Unity.app/Contents/Resources/Scripting/NetStandard/compat/2.1.0/shims/netstandard/System.Text.Encoding.dll"
-r:"/Applications/Unity/Hub/Editor/6000.7.0a4/Unity.app/Contents/Resources/Scripting/NetStandard/compat/2.1.0/shims/netstandard/System.Text.RegularExpressions.dll"
-r:"/Applications/Unity/Hub/Editor/6000.7.0a4/Unity.app/Contents/Resources/Scripting/NetStandard/compat/2.1.0/shims/netstandard/System.Threading.Overlapped.dll"
-r:"/Applications/Unity/Hub/Editor/6000.7.0a4/Unity.app/Contents/Resources/Scripting/NetStandard/compat/2.1.0/shims/netstandard/System.Threading.Tasks.Extensions.dll"
-r:"/Applications/Unity/Hub/Editor/6000.7.0a4/Unity.app/Contents/Resources/Scripting/NetStandard/compat/2.1.0/shims/netstandard/System.Threading.Tasks.Parallel.dll"
-r:"/Applications/Unity/Hub/Editor/6000.7.0a4/Unity.app/Contents/Resources/Scripting/NetStandard/compat/2.1.0/shims/netstandard/System.Threading.Tasks.dll"
-r:"/Applications/Unity/Hub/Editor/6000.7.0a4/Unity.app/Contents/Resources/Scripting/NetStandard/compat/2.1.0/shims/netstandard/System.Threading.Thread.dll"
-r:"/Applications/Unity/Hub/Editor/6000.7.0a4/Unity.app/Contents/Resources/Scripting/NetStandard/compat/2.1.0/shims/netstandard/System.Threading.ThreadPool.dll"
-r:"/Applications/Unity/Hub/Editor/6000.7.0a4/Unity.app/Contents/Resources/Scripting/NetStandard/compat/2.1.0/shims/netstandard/System.Threading.Timer.dll"
-r:"/Applications/Unity/Hub/Editor/6000.7.0a4/Unity.app/Contents/Resources/Scripting/NetStandard/compat/2.1.0/shims/netstandard/System.Threading.dll"
-r:"/Applications/Unity/Hub/Editor/6000.7.0a4/Unity.app/Contents/Resources/Scripting/NetStandard/compat/2.1.0/shims/netstandard/System.ValueTuple.dll"
-r:"/Applications/Unity/Hub/Editor/6000.7.0a4/Unity.app/Contents/Resources/Scripting/NetStandard/compat/2.1.0/shims/netstandard/System.Xml.ReaderWriter.dll"
-r:"/Applications/Unity/Hub/Editor/6000.7.0a4/Unity.app/Contents/Resources/Scripting/NetStandard/compat/2.1.0/shims/netstandard/System.Xml.XDocument.dll"
-r:"/Applications/Unity/Hub/Editor/6000.7.0a4/Unity.app/Contents/Resources/Scripting/NetStandard/compat/2.1.0/shims/netstandard/System.Xml.XPath.XDocument.dll"
-r:"/Applications/Unity/Hub/Editor/6000.7.0a4/Unity.app/Contents/Resources/Scripting/NetStandard/compat/2.1.0/shims/netstandard/System.Xml.XPath.dll"
-r:"/Applications/Unity/Hub/Editor/6000.7.0a4/Unity.app/Contents/Resources/Scripting/NetStandard/compat/2.1.0/shims/netstandard/System.Xml.XmlDocument.dll"
-r:"/Applications/Unity/Hub/Editor/6000.7.0a4/Unity.app/Contents/Resources/Scripting/NetStandard/compat/2.1.0/shims/netstandard/System.Xml.XmlSerializer.dll"
-r:"/Applications/Unity/Hub/Editor/6000.7.0a4/Unity.app/Contents/Resources/Scripting/NetStandard/ref/2.1.0/netstandard.dll"
-r:"Library/PackageCache/com.unity.collections@642e35c36221/Unity.Collections.LowLevel.ILSupport/Unity.Collections.LowLevel.ILSupport.dll"
-r:"Library/PackageCache/com.unity.ext.nunit@f6178be85c6e/net472/unity-custom/nunit.framework.dll"
-r:"Library/PackageCache/com.unity.nuget.mono-cecil@ecb9724e46ff/Mono.Cecil.dll"
-r:"Library/PackageCache/com.unity.visualscripting@4edfcc09512f/Runtime/VisualScripting.Flow/Dependencies/NCalc/Unity.VisualScripting.Antlr3.Runtime.dll"
-r:"Library/Bee/artifacts/200b0aE.dag/PsdPlugin.ref.dll"
-r:"Library/Bee/artifacts/200b0aE.dag/Unity.2D.Animation.Editor.ref.dll"
-r:"Library/Bee/artifacts/200b0aE.dag/Unity.2D.Animation.Profiler.Editor.ref.dll"
-r:"Library/Bee/artifacts/200b0aE.dag/Unity.2D.Animation.Profiler.ref.dll"
-r:"Library/Bee/artifacts/200b0aE.dag/Unity.2D.Animation.Runtime.ref.dll"
-r:"Library/Bee/artifacts/200b0aE.dag/Unity.2D.Aseprite.Common.ref.dll"
-r:"Library/Bee/artifacts/200b0aE.dag/Unity.2D.Aseprite.Editor.ref.dll"
-r:"Library/Bee/artifacts/200b0aE.dag/Unity.2D.Common.Editor.ref.dll"
-r:"Library/Bee/artifacts/200b0aE.dag/Unity.2D.Common.Path.Editor.ref.dll"
-r:"Library/Bee/artifacts/200b0aE.dag/Unity.2D.Common.Runtime.ref.dll"
-r:"Library/Bee/artifacts/200b0aE.dag/Unity.2D.IK.Editor.ref.dll"
-r:"Library/Bee/artifacts/200b0aE.dag/Unity.2D.IK.Runtime.ref.dll"
-r:"Library/Bee/artifacts/200b0aE.dag/Unity.2D.Psdimporter.Editor.ref.dll"
-r:"Library/Bee/artifacts/200b0aE.dag/Unity.2D.Sprite.Editor.ref.dll"
-r:"Library/Bee/artifacts/200b0aE.dag/Unity.2D.SpriteShape.Editor.ref.dll"
-r:"Library/Bee/artifacts/200b0aE.dag/Unity.2D.SpriteShape.Runtime.ref.dll"
-r:"Library/Bee/artifacts/200b0aE.dag/Unity.2D.Tilemap.Editor.ref.dll"
-r:"Library/Bee/artifacts/200b0aE.dag/Unity.2D.Tilemap.Extras.Editor.ref.dll"
-r:"Library/Bee/artifacts/200b0aE.dag/Unity.2D.Tilemap.Extras.ref.dll"
-r:"Library/Bee/artifacts/200b0aE.dag/Unity.2D.Tooling.Editor.ref.dll"
-r:"Library/Bee/artifacts/200b0aE.dag/Unity.2D.Welcome.ref.dll"
-r:"Library/Bee/artifacts/200b0aE.dag/Unity.Burst.ref.dll"
-r:"Library/Bee/artifacts/200b0aE.dag/Unity.Collections.Editor.ref.dll"
-r:"Library/Bee/artifacts/200b0aE.dag/Unity.Collections.ref.dll"
-r:"Library/Bee/artifacts/200b0aE.dag/Unity.EditorCoroutines.Editor.ref.dll"
-r:"Library/Bee/artifacts/200b0aE.dag/Unity.GraphAuthoring.Editor.ref.dll"
-r:"Library/Bee/artifacts/200b0aE.dag/Unity.InputSystem.ForUI.ref.dll"
-r:"Library/Bee/artifacts/200b0aE.dag/Unity.InputSystem.ref.dll"
-r:"Library/Bee/artifacts/200b0aE.dag/Unity.InternalAPIEditorBridge.001.ref.dll"
-r:"Library/Bee/artifacts/200b0aE.dag/Unity.InternalAPIEditorBridge.007.ref.dll"
-r:"Library/Bee/artifacts/200b0aE.dag/Unity.InternalAPIEditorBridge.ShaderGraph.Editor.ref.dll"
-r:"Library/Bee/artifacts/200b0aE.dag/Unity.InternalAPIEngineBridge.001.ref.dll"
-r:"Library/Bee/artifacts/200b0aE.dag/Unity.InternalAPIEngineBridge.004.ref.dll"
-r:"Library/Bee/artifacts/200b0aE.dag/Unity.InternalAPIEngineBridge.007.ref.dll"
-r:"Library/Bee/artifacts/200b0aE.dag/Unity.InternalAPIEngineBridge.ObjectDispatcher.Runtime.ref.dll"
-r:"Library/Bee/artifacts/200b0aE.dag/Unity.InternalAPIEngineBridge.RenderPipelines.Core.Editor.ref.dll"
-r:"Library/Bee/artifacts/200b0aE.dag/Unity.InternalAPIEngineBridge.RenderPipelines.Core.Runtime.Shared.ref.dll"
-r:"Library/Bee/artifacts/200b0aE.dag/Unity.Mathematics.ref.dll"
-r:"Library/Bee/artifacts/200b0aE.dag/Unity.PathTracing.Editor.ref.dll"
-r:"Library/Bee/artifacts/200b0aE.dag/Unity.PathTracing.Runtime.ref.dll"
-r:"Library/Bee/artifacts/200b0aE.dag/Unity.PlasticSCM.Editor.ref.dll"
-r:"Library/Bee/artifacts/200b0aE.dag/Unity.Profiling.Core.ref.dll"
-r:"Library/Bee/artifacts/200b0aE.dag/Unity.Rendering.LightTransport.Editor.ref.dll"
-r:"Library/Bee/artifacts/200b0aE.dag/Unity.RenderPipeline.Universal.ShaderLibrary.ref.dll"
-r:"Library/Bee/artifacts/200b0aE.dag/Unity.RenderPipelines.Core.Editor.ref.dll"
-r:"Library/Bee/artifacts/200b0aE.dag/Unity.RenderPipelines.Core.Editor.Shared.ref.dll"
-r:"Library/Bee/artifacts/200b0aE.dag/Unity.RenderPipelines.Core.Runtime.ref.dll"
-r:"Library/Bee/artifacts/200b0aE.dag/Unity.RenderPipelines.Core.Runtime.Shared.ref.dll"
-r:"Library/Bee/artifacts/200b0aE.dag/Unity.RenderPipelines.Core.ShaderLibrary.ref.dll"
-r:"Library/Bee/artifacts/200b0aE.dag/Unity.RenderPipelines.GPUDriven.Runtime.ref.dll"
-r:"Library/Bee/artifacts/200b0aE.dag/Unity.RenderPipelines.ShaderGraph.ShaderGraphLibrary.ref.dll"
-r:"Library/Bee/artifacts/200b0aE.dag/Unity.RenderPipelines.Universal.2D.Editor.Overrides.ref.dll"
-r:"Library/Bee/artifacts/200b0aE.dag/Unity.RenderPipelines.Universal.2D.Runtime.ref.dll"
-r:"Library/Bee/artifacts/200b0aE.dag/Unity.RenderPipelines.Universal.Config.Runtime.ref.dll"
-r:"Library/Bee/artifacts/200b0aE.dag/Unity.RenderPipelines.Universal.Editor.ref.dll"
-r:"Library/Bee/artifacts/200b0aE.dag/Unity.RenderPipelines.Universal.Runtime.ref.dll"
-r:"Library/Bee/artifacts/200b0aE.dag/Unity.RenderPipelines.Universal.Shaders.ref.dll"
-r:"Library/Bee/artifacts/200b0aE.dag/Unity.Rider.Editor.ref.dll"
-r:"Library/Bee/artifacts/200b0aE.dag/Unity.Searcher.Editor.ref.dll"
-r:"Library/Bee/artifacts/200b0aE.dag/Unity.Settings.Editor.ref.dll"
-r:"Library/Bee/artifacts/200b0aE.dag/Unity.ShaderGraph.Editor.ref.dll"
-r:"Library/Bee/artifacts/200b0aE.dag/Unity.SurfaceCache.Runtime.ref.dll"
-r:"Library/Bee/artifacts/200b0aE.dag/Unity.TextMeshPro.Editor.ref.dll"
-r:"Library/Bee/artifacts/200b0aE.dag/Unity.TextMeshPro.ref.dll"
-r:"Library/Bee/artifacts/200b0aE.dag/Unity.Timeline.Editor.ref.dll"
-r:"Library/Bee/artifacts/200b0aE.dag/Unity.Timeline.ref.dll"
-r:"Library/Bee/artifacts/200b0aE.dag/Unity.Tutorials.Editor.ref.dll"
-r:"Library/Bee/artifacts/200b0aE.dag/Unity.Tutorials.ref.dll"
-r:"Library/Bee/artifacts/200b0aE.dag/Unity.UnifiedRayTracing.Runtime.ref.dll"
-r:"Library/Bee/artifacts/200b0aE.dag/Unity.VisualScripting.Core.Editor.ref.dll"
-r:"Library/Bee/artifacts/200b0aE.dag/Unity.VisualScripting.Core.ref.dll"
-r:"Library/Bee/artifacts/200b0aE.dag/Unity.VisualScripting.Flow.Editor.ref.dll"
-r:"Library/Bee/artifacts/200b0aE.dag/Unity.VisualScripting.Flow.ref.dll"
-r:"Library/Bee/artifacts/200b0aE.dag/Unity.VisualScripting.SettingsProvider.Editor.ref.dll"
-r:"Library/Bee/artifacts/200b0aE.dag/Unity.VisualScripting.Shared.Editor.ref.dll"
-r:"Library/Bee/artifacts/200b0aE.dag/Unity.VisualScripting.State.Editor.ref.dll"
-r:"Library/Bee/artifacts/200b0aE.dag/Unity.VisualScripting.State.ref.dll"
-r:"Library/Bee/artifacts/200b0aE.dag/Unity.VisualStudio.Editor.ref.dll"
-r:"Library/Bee/artifacts/200b0aE.dag/UnityEditor.UI.Analytics.ref.dll"
-r:"Library/Bee/artifacts/200b0aE.dag/UnityEditor.UI.ref.dll"
-r:"Library/Bee/artifacts/200b0aE.dag/UnityEngine.UI.ref.dll"
-analyzer:"/Applications/Unity/Hub/Editor/6000.7.0a4/Unity.app/Contents/Resources/BuildPipeline/Unity.Analyzers/Unity.Analyzers.Common.dll"
-analyzer:"/Applications/Unity/Hub/Editor/6000.7.0a4/Unity.app/Contents/Resources/BuildPipeline/Unity.Analyzers/Unity.Analyzers.LongLiving.dll"
-analyzer:"/Applications/Unity/Hub/Editor/6000.7.0a4/Unity.app/Contents/Resources/BuildPipeline/Unity.SourceGenerators/Unity.Properties.SourceGenerator.dll"
-analyzer:"/Applications/Unity/Hub/Editor/6000.7.0a4/Unity.app/Contents/Resources/BuildPipeline/Unity.SourceGenerators/Unity.SourceGenerators.dll"
-analyzer:"/Applications/Unity/Hub/Editor/6000.7.0a4/Unity.app/Contents/Resources/BuildPipeline/Unity.SourceGenerators/Unity.UIToolkit.SourceGenerator.dll"
-analyzer:"/Applications/Unity/Hub/Editor/6000.7.0a4/Unity.app/Contents/Resources/Scripting/BCLExtensions/TargetingPacks/netstandard2.1/analyzers/dotnet/roslyn4.4/cs/Microsoft.Extensions.Logging.Generators.dll"
-analyzer:"/Applications/Unity/Hub/Editor/6000.7.0a4/Unity.app/Contents/Resources/Scripting/BCLExtensions/TargetingPacks/netstandard2.1/analyzers/dotnet/roslyn4.4/cs/System.Text.Json.SourceGeneration.dll"
"Assets/Scripts/Categories.cs"
"Assets/Scripts/Category.cs"
"Assets/Scripts/CategoryReader.cs"
"Assets/Scripts/Controllers/AnswerController.cs"
"Assets/Scripts/Controllers/QuestionController.cs"
"Assets/Scripts/Input.cs"
"Assets/Scripts/JSONReader.cs"
-langversion:9.0
/unsafe+
/deterministic
/optimize+
/debug:portable
/nologo
/RuntimeMetadataVersion:v4.0.30319
/nowarn:0169
/nowarn:0649
/nowarn:0282
/nowarn:1701
/nowarn:1702
/utf8output
/preferreduilang:en-US
/additionalfile:"Library/Bee/artifacts/200b0aE.dag/Assembly-CSharp.UnityAdditionalFile.txt"
##### Custom Environment Variables
DOTNET_HOST_PATH=/Applications/Unity/Hub/Editor/6000.7.0a4/Unity.app/Contents/Resources/Scripting/DotNetSdk/dotnet
DOTNET_MULTILEVEL_LOOKUP=0
DOTNET_ROOT=/Applications/Unity/Hub/Editor/6000.7.0a4/Unity.app/Contents/Resources/Scripting/DotNetSdk
##### ExitCode
1
##### Output
Assets/Scripts/Input.cs(22,1): error CS1519: Invalid token '}' in a member declaration
*** Tundra build failed (1.50 seconds), 2 items updated, 1105 evaluated
## Script Compilation Error for: Csc Library/Bee/artifacts/200b0aE.dag/Assembly-CSharp.dll (+2 others)
## CmdLine: "/Applications/Unity/Hub/Editor/6000.7.0a4/Unity.app/Contents/Resources/Scripting/DotNetSdk/dotnet" exec "/Applications/Unity/Hub/Editor/6000.7.0a4/Unity.app/Contents/Resources/Scripting/DotNetSdk/sdk/10.0.301/Roslyn/bincore/csc.dll" /nostdlib /noconfig /shared "@Library/Bee/artifacts/200b0aE.dag/Assembly-CSharp.rsp" "@Library/Bee/artifacts/200b0aE.dag/Assembly-CSharp.rsp2"
## Output:
Assets/Scripts/Input.cs(22,1): error CS1519: Invalid token '}' in a member declaration

Assets/Scripts/Input.cs(22,1): error CS1519: Invalid token '}' in a member declaration
Refreshing native plugins compatible for Editor in 2.10 ms, found 3 plugins.

Asset Pipeline Refresh (id=03d3834ce2af346d58d5a562a7720dfe): Total: 2.053 seconds - Initiated by RefreshV2(AllowForceSynchronousImport)
	(Values over 0.05ms)
	Summary:
		Imports: total=0 (actual=0, local cache=0, cache server=0)
		Asset DB Process Time: managed=0 ms, native=208 ms
		Asset DB Callback time: managed=6 ms, native=9 ms
		Scripting: domain reloads=0, domain reload time=0 ms, compile time=0 ms, other=0 ms
		Project Asset Count: scripts=1598, non-scripts=3295
		Asset File Changes: new=0, changed=1, moved=0, deleted=0
		Scan Filter Count: 1
	InvokePackagesCallback: 0.139ms
	ApplyChangesToAssetFolders: 0.077ms
	Scan: 69.028ms
	Collect global state as custom dependencies: 0.113ms
	ProcessAssetsWithTransientArtifactChanges: 0.386ms
	CategorizeAssets: 15.007ms
	ImportOutOfDateAssets: 1.166ms (0.180ms without children)
		UnloadImportedAssets: 0.145ms
		EnsureUptoDateAssetsAreRegisteredWithGuidPM: 0.423ms
		ImportSchedulerStart: 0.378ms
	PostProcessAllAssets: 6.532ms
		XRBuildSystem.XRAssetImported 0.105ms
		PostProcessCallbackCreateDeferredMaterials 0.051ms
		MonoPostProcessAllAssets: 6.264ms
			ConfigAssetsTracker.OnPostprocessAllAssets 2.726ms
			SyncVS.PostprocessSyncProject 1.939ms
			AssetChangedListener.OnPostprocessAllAssets 0.138ms
			SpriteEditorTexturePostprocessor.OnPostprocessAllAssets 0.119ms
			SpriteShapeAssetPostProcessor.OnPostprocessAllAssets 0.082ms
			AssetPostprocessor.OnPostprocessAllAssets 0.067ms
	PostAssetChangesProfiler: 8.319ms
	PersistCurrentRevisions: 0.092ms
	Untracked: 5.594ms

Total cache size 181821536
Total cache size after purge 181821536, took 00:00:00.1551896
[ScriptCompilation] Requested script compilation because: AssetDatabase observed changes in script compilation related files
[Licensing::Client] Successfully resolved entitlement details
Refreshing native plugins compatible for Editor in 4.63 ms, found 3 plugins.

Asset Pipeline Refresh (id=1bbab128fe94246bb8c938776ef8a214): Total: 0.587 seconds - Initiated by RefreshV2(NoUpdateAssetOptions)
	(Values over 0.05ms)
	Summary:
		Imports: total=0 (actual=0, local cache=0, cache server=0)
		Asset DB Process Time: managed=0 ms, native=335 ms
		Asset DB Callback time: managed=244 ms, native=7 ms
		Scripting: domain reloads=0, domain reload time=0 ms, compile time=0 ms, other=0 ms
		Project Asset Count: scripts=1598, non-scripts=3295
		Asset File Changes: new=1, changed=2, moved=0, deleted=0
		Scan Filter Count: 1
	ApplyChangesToAssetFolders: 0.441ms
	Scan: 160.889ms
	Collect global state as custom dependencies: 0.272ms
	OnSourceAssetsModified: 0.136ms
	CategorizeScriptCompilationAssets: 0.190ms
	ProcessAssetsWithTransientArtifactChanges: 0.904ms
	CategorizeAssets: 36.970ms
	CompileScripts: 0.125ms
	ImportOutOfDateAssets: 3.133ms (0.338ms without children)
		ReloadNativeAssets: 0.095ms
		UnloadImportedAssets: 0.184ms
		EnsureUptoDateAssetsAreRegisteredWithGuidPM: 1.093ms
		ImportSchedulerStart: 1.420ms
	PostProcessAllAssets: 239.586ms
		PostProcessCallbackCreateDeferredMaterials 0.457ms
		XRBuildSystem.XRAssetImported 0.364ms
		ShaderAssetModifiedCallback 0.061ms
		ObjectImages.AssetImported 0.054ms
		MonoPostProcessAllAssets: 238.373ms
			SyncVS.PostprocessSyncProject 218.327ms
			ConfigAssetsTracker.OnPostprocessAllAssets 12.393ms
			SpriteEditorTexturePostprocessor.OnPostprocessAllAssets 1.268ms
			AssetPostprocessor.OnPostprocessAllAssets 0.688ms
			SpriteShapeAssetPostProcessor.OnPostprocessAllAssets 0.518ms
			AssetChangedListener.OnPostprocessAllAssets 0.403ms
			ShaderGraphAssetPostProcessor.OnPostprocessAllAssets 0.263ms
			RenderPipelineGlobalSettingsPostprocessor.OnPostprocessAllAssets 0.207ms
			RetainedModeAssetPostprocessor.OnPostprocessAllAssets 0.181ms
			WindowAssetPostprocessingWatcher.OnPostprocessAllAssets 0.122ms
			AudioMixerPostprocessor.OnPostprocessAllAssets 0.108ms
			TMPro_TexturePostProcessor.OnPostprocessAllAssets 0.072ms
			BuilderAssetPostprocessor.OnPostprocessAllAssets 0.071ms
			TerrainToolbarOverlayPostProcessor.OnPostprocessAllAssets 0.061ms
			InputActionAssetPostprocessor.OnPostprocessAllAssets 0.059ms
			SpriteSlicePostprocessor.OnPostprocessAllAssets 0.053ms
			PostProcessor.OnPostprocessAllAssets 0.053ms
	PostAssetChangesProfiler: 11.685ms
	GatherAllCurrentPrimaryImportResultRevisions: 0.964ms
	PersistCurrentRevisions: 0.167ms
	Untracked: 131.805ms

Starting: /Applications/Unity/Hub/Editor/6000.7.0a4/Unity.app/Contents/Resources/BuildPipeline/bee_backend --ipc --defer-dag-verification --dagfile="Library/Bee/200b0aE.dag" --continue-on-failure --profile="Library/Bee/backend1.traceevents" ScriptAssemblies
WorkingDir: /Users/isaac/UnityProjects/GameShowNight
ExitCode: 4 Duration: 0s212ms
Rebuilding DAG because FileSignature timestamp changed: Library/Bee/200b0aE-inputdata.json
*** Tundra requires additional run (0.19 seconds), 0 items updated, 0 evaluated
Starting: /Applications/Unity/Hub/Editor/6000.7.0a4/Unity.app/Contents/Resources/Scripting/DotNetSdk/dotnet "/Applications/Unity/Hub/Editor/6000.7.0a4/Unity.app/Contents/Resources/BuildPipeline/ScriptCompilationBuildProgram.exe" "Library/Bee/200b0aE.dag.json" "Library/Bee/200b0aE-inputdata.json" "Library/Bee/buildprogram0.traceevents"
WorkingDir: /Users/isaac/UnityProjects/GameShowNight
ExitCode: 0 Duration: 1s27ms
Starting: /Applications/Unity/Hub/Editor/6000.7.0a4/Unity.app/Contents/Resources/BuildPipeline/bee_backend --ipc --defer-dag-verification --dagfile="Library/Bee/200b0aE.dag" --continue-on-failure --dagfilejson="Library/Bee/200b0aE.dag.json" --profile="Library/Bee/backend2.traceevents" ScriptAssemblies
WorkingDir: /Users/isaac/UnityProjects/GameShowNight
## Script Compilation Error for: Csc Library/Bee/artifacts/200b0aE.dag/Assembly-CSharp.dll (+2 others)
## CmdLine: "/Applications/Unity/Hub/Editor/6000.7.0a4/Unity.app/Contents/Resources/Scripting/DotNetSdk/dotnet" exec "/Applications/Unity/Hub/Editor/6000.7.0a4/Unity.app/Contents/Resources/Scripting/DotNetSdk/sdk/10.0.301/Roslyn/bincore/csc.dll" /nostdlib /noconfig /shared "@Library/Bee/artifacts/200b0aE.dag/Assembly-CSharp.rsp" "@Library/Bee/artifacts/200b0aE.dag/Assembly-CSharp.rsp2"
## Output:
Assets/Scripts/Input.cs(23,26): error CS1001: Identifier expected
Assets/Scripts/Input.cs(23,26): error CS1002: ; expected

Assets/Scripts/Input.cs(23,26): error CS1001: Identifier expected
Assets/Scripts/Input.cs(23,26): error CS1002: ; expected
ExitCode: 3 Duration: 0s508ms
Finished compiling graph: 1108 nodes, 24186 flattened edges (20318 ToBuild, 190 ToUse), maximum node priority 1334
[ 546/1105  0s] WriteText Library/Bee/artifacts/200b0aE.dag/Assembly-CSharp.rsp
[ 827/1105  0s] ILPP-Configuration Library/ilpp-configuration.nevergeneratedoutput
[1101/1105  0s] Csc Library/Bee/artifacts/200b0aE.dag/Assembly-CSharp.dll (+2 others)
##### CommandLine
"/Applications/Unity/Hub/Editor/6000.7.0a4/Unity.app/Contents/Resources/Scripting/DotNetSdk/dotnet" exec "/Applications/Unity/Hub/Editor/6000.7.0a4/Unity.app/Contents/Resources/Scripting/DotNetSdk/sdk/10.0.301/Roslyn/bincore/csc.dll" /nostdlib /noconfig /shared "@Library/Bee/artifacts/200b0aE.dag/Assembly-CSharp.rsp" "@Library/Bee/artifacts/200b0aE.dag/Assembly-CSharp.rsp2"
##### Contents of Library/Bee/artifacts/200b0aE.dag/Assembly-CSharp.rsp
-target:library
-out:"Library/Bee/artifacts/200b0aE.dag/Assembly-CSharp.dll"
-refout:"Library/Bee/artifacts/200b0aE.dag/Assembly-CSharp.ref.dll"
-define:UNITY_6000_7_0
-define:UNITY_6000_7
-define:UNITY_6000
-define:UNITY_5_3_OR_NEWER
-define:UNITY_5_4_OR_NEWER
-define:UNITY_5_5_OR_NEWER
-define:UNITY_5_6_OR_NEWER
-define:UNITY_2017_1_OR_NEWER
-define:UNITY_2017_2_OR_NEWER
-define:UNITY_2017_3_OR_NEWER
-define:UNITY_2017_4_OR_NEWER
-define:UNITY_2018_1_OR_NEWER
-define:UNITY_2018_2_OR_NEWER
-define:UNITY_2018_3_OR_NEWER
-define:UNITY_2018_4_OR_NEWER
-define:UNITY_2019_1_OR_NEWER
-define:UNITY_2019_2_OR_NEWER
-define:UNITY_2019_3_OR_NEWER
-define:UNITY_2019_4_OR_NEWER
-define:UNITY_2020_1_OR_NEWER
-define:UNITY_2020_2_OR_NEWER
-define:UNITY_2020_3_OR_NEWER
-define:UNITY_2021_1_OR_NEWER
-define:UNITY_2021_2_OR_NEWER
-define:UNITY_2021_3_OR_NEWER
-define:UNITY_2022_1_OR_NEWER
-define:UNITY_2022_2_OR_NEWER
-define:UNITY_2022_3_OR_NEWER
-define:UNITY_2023_1_OR_NEWER
-define:UNITY_2023_2_OR_NEWER
-define:UNITY_2023_3_OR_NEWER
-define:UNITY_6000_0_OR_NEWER
-define:UNITY_6000_1_OR_NEWER
-define:UNITY_6000_2_OR_NEWER
-define:UNITY_6000_3_OR_NEWER
-define:UNITY_6000_4_OR_NEWER
-define:UNITY_6000_5_OR_NEWER
-define:UNITY_6000_6_OR_NEWER
-define:UNITY_6000_7_OR_NEWER
-define:PLATFORM_ARCH_64
-define:UNITY_64
-define:UNITY_INCLUDE_TESTS
-define:UNITY_ENABLE_CLOUD_SERVICES_ENGINE_DIAGNOSTICS_MANAGED
-define:ENABLE_AR
-define:ENABLE_AUDIO
-define:ENABLE_AUDIO_SCRIPTABLE_PIPELINE
-define:ENABLE_BURST
-define:ENABLE_CACHING
-define:ENABLE_CLOTH
-define:ENABLE_MICROPHONE
-define:ENABLE_MULTIPLE_DISPLAYS
-define:ENABLE_PHYSICS
-define:ENABLE_TEXTURE_STREAMING
-define:ENABLE_VIRTUALTEXTURING
-define:ENABLE_LZMA
-define:ENABLE_UNITYEVENTS
-define:ENABLE_VR
-define:ENABLE_WEBCAM
-define:ENABLE_UNITYWEBREQUEST
-define:ENABLE_WWW
-define:ENABLE_CLOUD_SERVICES
-define:ENABLE_CLOUD_SERVICES_ADS
-define:ENABLE_CLOUD_SERVICES_USE_WEBREQUEST
-define:ENABLE_UNITY_CONSENT
-define:ENABLE_UNITY_CLOUD_IDENTIFIERS
-define:ENABLE_CLOUD_SERVICES_CRASH_REPORTING
-define:ENABLE_CLOUD_SERVICES_NATIVE_CRASH_REPORTING
-define:ENABLE_CLOUD_SERVICES_PURCHASING
-define:ENABLE_CLOUD_SERVICES_ANALYTICS
-define:ENABLE_CLOUD_SERVICES_BUILD
-define:ENABLE_EDITOR_GAME_SERVICES
-define:ENABLE_UNITY_GAME_SERVICES_ANALYTICS_SUPPORT
-define:ENABLE_CLOUD_LICENSE
-define:ENABLE_EDITOR_HUB_LICENSE
-define:ENABLE_WEBSOCKET_CLIENT
-define:ENABLE_GENERATE_NATIVE_PLUGINS_FOR_ASSEMBLIES_API
-define:ENABLE_DIRECTOR_AUDIO
-define:ENABLE_DIRECTOR_TEXTURE
-define:ENABLE_MANAGED_JOBS
-define:ENABLE_MANAGED_TRANSFORM_JOBS
-define:ENABLE_MANAGED_ANIMATION_JOBS
-define:ENABLE_MANAGED_AUDIO_JOBS
-define:ENABLE_MANAGED_UNITYTLS
-define:INCLUDE_DYNAMIC_GI
-define:ENABLE_SCRIPTING_GC_WBARRIERS
-define:PLATFORM_SUPPORTS_MONO
-define:RENDER_SOFTWARE_CURSOR
-define:ENABLE_MARSHALLING_TESTS
-define:ENABLE_VIDEO
-define:ENABLE_NAVIGATION_OFFMESHLINK_TO_NAVMESHLINK
-define:ENABLE_ACCELERATOR_CLIENT_DEBUGGING
-define:ENABLE_ACCESSIBILITY_SCREEN_READER
-define:ENABLE_SMARTSTRINGS
-define:TEXTCORE_1_0_OR_NEWER
-define:EDITOR_ONLY_NAVMESH_BUILDER_DEPRECATED
-define:INCLUDE_UNIFIED_RAYTRACING_COMPUTE_BACKEND
-define:INCLUDE_UNIFIED_RAYTRACING_HARDWARE_BACKEND
-define:PLATFORM_STANDALONE_OSX
-define:PLATFORM_STANDALONE
-define:UNITY_STANDALONE_OSX
-define:UNITY_STANDALONE
-define:ENABLE_RUNTIME_GI
-define:SURFACE_CACHE_SUPPORTED
-define:ENABLE_NETWORK
-define:ENABLE_CRUNCH_TEXTURE_COMPRESSION
-define:ENABLE_CLOUD_SERVICES_ENGINE_DIAGNOSTICS
-define:ENABLE_CLUSTER_SYNC
-define:ENABLE_CLUSTERINPUT
-define:ENABLE_SPATIALTRACKING
-define:PLATFORM_HAS_CUSTOM_MUTEX
-define:PLATFORM_UPDATES_TIME_OUTSIDE_OF_PLAYER_LOOP
-define:PLATFORM_SUPPORTS_SPLIT_GRAPHICS_JOBS
-define:PLATFORM_REQUIRES_PATH_NORMALIZATION
-define:ENABLE_MONO
-define:NET_STANDARD_2_0
-define:NET_STANDARD
-define:NET_STANDARD_2_1
-define:NETSTANDARD
-define:NETSTANDARD2_1
-define:ENABLE_PROFILER
-define:UNITY_INCLUDE_INSTRUMENTATION
-define:DEBUG
-define:TRACE
-define:UNITY_ASSERTIONS
-define:UNITY_ENABLE_CHECKS
-define:UNITY_EDITOR
-define:UNITY_EDITOR_64
-define:UNITY_EDITOR_OSX
-define:ENABLE_UNITY_COLLECTIONS_CHECKS
-define:ENABLE_BURST_AOT
-define:UNITY_TEAM_LICENSE
-define:ENABLE_CUSTOM_RENDER_TEXTURE
-define:ENABLE_DIRECTOR
-define:ENABLE_LOCALIZATION
-define:ENABLE_SPRITES
-define:ENABLE_TERRAIN
-define:ENABLE_TILEMAP
-define:ENABLE_TIMELINE
-define:ENABLE_INPUT_SYSTEM
-define:TEXTCORE_FONT_ENGINE_1_5_OR_NEWER
-define:TEXTCORE_TEXT_ENGINE_1_5_OR_NEWER
-define:TEXTCORE_FONT_ENGINE_1_6_OR_NEWER
-define:CSHARP_7_OR_LATER
-define:CSHARP_7_3_OR_NEWER
-define:UNITY_AUTOSTATICS_CLEANUP_ANALYSIS_ENABLED
-r:"/Applications/Unity/Hub/Editor/6000.7.0a4/Unity.app/Contents/Resources/Scripting/BCLExtensions/TargetingPacks/netstandard2.1/ref/Microsoft.Bcl.AsyncInterfaces.dll"
-r:"/Applications/Unity/Hub/Editor/6000.7.0a4/Unity.app/Contents/Resources/Scripting/BCLExtensions/TargetingPacks/netstandard2.1/ref/Microsoft.Extensions.DependencyInjection.Abstractions.dll"
-r:"/Applications/Unity/Hub/Editor/6000.7.0a4/Unity.app/Contents/Resources/Scripting/BCLExtensions/TargetingPacks/netstandard2.1/ref/Microsoft.Extensions.Logging.Abstractions.dll"
-r:"/Applications/Unity/Hub/Editor/6000.7.0a4/Unity.app/Contents/Resources/Scripting/BCLExtensions/TargetingPacks/netstandard2.1/ref/System.Collections.Immutable.dll"
-r:"/Applications/Unity/Hub/Editor/6000.7.0a4/Unity.app/Contents/Resources/Scripting/BCLExtensions/TargetingPacks/netstandard2.1/ref/System.Diagnostics.DiagnosticSource.dll"
-r:"/Applications/Unity/Hub/Editor/6000.7.0a4/Unity.app/Contents/Resources/Scripting/BCLExtensions/TargetingPacks/netstandard2.1/ref/System.IO.Hashing.dll"
-r:"/Applications/Unity/Hub/Editor/6000.7.0a4/Unity.app/Contents/Resources/Scripting/BCLExtensions/TargetingPacks/netstandard2.1/ref/System.IO.Pipelines.dll"
-r:"/Applications/Unity/Hub/Editor/6000.7.0a4/Unity.app/Contents/Resources/Scripting/BCLExtensions/TargetingPacks/netstandard2.1/ref/System.Reflection.Metadata.dll"
-r:"/Applications/Unity/Hub/Editor/6000.7.0a4/Unity.app/Contents/Resources/Scripting/BCLExtensions/TargetingPacks/netstandard2.1/ref/System.Runtime.CompilerServices.Unsafe.dll"
-r:"/Applications/Unity/Hub/Editor/6000.7.0a4/Unity.app/Contents/Resources/Scripting/BCLExtensions/TargetingPacks/netstandard2.1/ref/System.Text.Encodings.Web.dll"
-r:"/Applications/Unity/Hub/Editor/6000.7.0a4/Unity.app/Contents/Resources/Scripting/BCLExtensions/TargetingPacks/netstandard2.1/ref/System.Text.Json.dll"
-r:"/Applications/Unity/Hub/Editor/6000.7.0a4/PlaybackEngines/MacStandaloneSupport/UnityEditor.iOS.Extensions.Xcode.dll"
-r:"/Applications/Unity/Hub/Editor/6000.7.0a4/Unity.app/Contents/Resources/Scripting/Managed/UnityEngine/Unity.Scripting.dll"
-r:"/Applications/Unity/Hub/Editor/6000.7.0a4/Unity.app/Contents/Resources/Scripting/Managed/UnityEngine/UnityEditor.AIModule.dll"
-r:"/Applications/Unity/Hub/Editor/6000.7.0a4/Unity.app/Contents/Resources/Scripting/Managed/UnityEngine/UnityEditor.AccessibilityModule.dll"
-r:"/Applications/Unity/Hub/Editor/6000.7.0a4/Unity.app/Contents/Resources/Scripting/Managed/UnityEngine/UnityEditor.AdaptivePerformanceModule.dll"
-r:"/Applications/Unity/Hub/Editor/6000.7.0a4/Unity.app/Contents/Resources/Scripting/Managed/UnityEngine/UnityEditor.AnimationWindowModule.dll"
-r:"/Applications/Unity/Hub/Editor/6000.7.0a4/Unity.app/Contents/Resources/Scripting/Managed/UnityEngine/UnityEditor.AssetComplianceModule.dll"
-r:"/Applications/Unity/Hub/Editor/6000.7.0a4/Unity.app/Contents/Resources/Scripting/Managed/UnityEngine/UnityEditor.BuildAnalysisModule.dll"
-r:"/Applications/Unity/Hub/Editor/6000.7.0a4/Unity.app/Contents/Resources/Scripting/Managed/UnityEngine/UnityEditor.BuildProfileModule.dll"
-r:"/Applications/Unity/Hub/Editor/6000.7.0a4/Unity.app/Contents/Resources/Scripting/Managed/UnityEngine/UnityEditor.BurstModule.dll"
-r:"/Applications/Unity/Hub/Editor/6000.7.0a4/Unity.app/Contents/Resources/Scripting/Managed/UnityEngine/UnityEditor.ClothModule.dll"
-r:"/Applications/Unity/Hub/Editor/6000.7.0a4/Unity.app/Contents/Resources/Scripting/Managed/UnityEngine/UnityEditor.ContentLoadModule.dll"
-r:"/Applications/Unity/Hub/Editor/6000.7.0a4/Unity.app/Contents/Resources/Scripting/Managed/UnityEngine/UnityEditor.CoreBusinessMetricsModule.dll"
-r:"/Applications/Unity/Hub/Editor/6000.7.0a4/Unity.app/Contents/Resources/Scripting/Managed/UnityEngine/UnityEditor.CoreModule.dll"
-r:"/Applications/Unity/Hub/Editor/6000.7.0a4/Unity.app/Contents/Resources/Scripting/Managed/UnityEngine/UnityEditor.DeviceSimulatorModule.dll"
-r:"/Applications/Unity/Hub/Editor/6000.7.0a4/Unity.app/Contents/Resources/Scripting/Managed/UnityEngine/UnityEditor.DiagnosticsModule.dll"
-r:"/Applications/Unity/Hub/Editor/6000.7.0a4/Unity.app/Contents/Resources/Scripting/Managed/UnityEngine/UnityEditor.EditorToolbarModule.dll"
-r:"/Applications/Unity/Hub/Editor/6000.7.0a4/Unity.app/Contents/Resources/Scripting/Managed/UnityEngine/UnityEditor.EmbreeModule.dll"
-r:"/Applications/Unity/Hub/Editor/6000.7.0a4/Unity.app/Contents/Resources/Scripting/Managed/UnityEngine/UnityEditor.GIModule.dll"
-r:"/Applications/Unity/Hub/Editor/6000.7.0a4/Unity.app/Contents/Resources/Scripting/Managed/UnityEngine/UnityEditor.GenericRemoteModule.dll"
-r:"/Applications/Unity/Hub/Editor/6000.7.0a4/Unity.app/Contents/Resources/Scripting/Managed/UnityEngine/UnityEditor.GraphToolkitModule.dll"
-r:"/Applications/Unity/Hub/Editor/6000.7.0a4/Unity.app/Contents/Resources/Scripting/Managed/UnityEngine/UnityEditor.GraphViewModule.dll"
-r:"/Applications/Unity/Hub/Editor/6000.7.0a4/Unity.app/Contents/Resources/Scripting/Managed/UnityEngine/UnityEditor.GraphicsStateCollectionSerializerModule.dll"
-r:"/Applications/Unity/Hub/Editor/6000.7.0a4/Unity.app/Contents/Resources/Scripting/Managed/UnityEngine/UnityEditor.GridAndSnapModule.dll"
-r:"/Applications/Unity/Hub/Editor/6000.7.0a4/Unity.app/Contents/Resources/Scripting/Managed/UnityEngine/UnityEditor.GridModule.dll"
-r:"/Applications/Unity/Hub/Editor/6000.7.0a4/Unity.app/Contents/Resources/Scripting/Managed/UnityEngine/UnityEditor.HierarchyModule.dll"
-r:"/Applications/Unity/Hub/Editor/6000.7.0a4/Unity.app/Contents/Resources/Scripting/Managed/UnityEngine/UnityEditor.LightingModule.dll"
-r:"/Applications/Unity/Hub/Editor/6000.7.0a4/Unity.app/Contents/Resources/Scripting/Managed/UnityEngine/UnityEditor.MathematicsModule.dll"
-r:"/Applications/Unity/Hub/Editor/6000.7.0a4/Unity.app/Contents/Resources/Scripting/Managed/UnityEngine/UnityEditor.MediaModule.dll"
-r:"/Applications/Unity/Hub/Editor/6000.7.0a4/Unity.app/Contents/Resources/Scripting/Managed/UnityEngine/UnityEditor.MultiplayerModule.dll"
-r:"/Applications/Unity/Hub/Editor/6000.7.0a4/Unity.app/Contents/Resources/Scripting/Managed/UnityEngine/UnityEditor.Physics2DModule.dll"
-r:"/Applications/Unity/Hub/Editor/6000.7.0a4/Unity.app/Contents/Resources/Scripting/Managed/UnityEngine/UnityEditor.PhysicsCore2DModule.dll"
-r:"/Applications/Unity/Hub/Editor/6000.7.0a4/Unity.app/Contents/Resources/Scripting/Managed/UnityEngine/UnityEditor.PhysicsModule.dll"
-r:"/Applications/Unity/Hub/Editor/6000.7.0a4/Unity.app/Contents/Resources/Scripting/Managed/UnityEngine/UnityEditor.PlayModeModule.dll"
-r:"/Applications/Unity/Hub/Editor/6000.7.0a4/Unity.app/Contents/Resources/Scripting/Managed/UnityEngine/UnityEditor.PresetsUIModule.dll"
-r:"/Applications/Unity/Hub/Editor/6000.7.0a4/Unity.app/Contents/Resources/Scripting/Managed/UnityEngine/UnityEditor.ProjectAuditorModule.dll"
-r:"/Applications/Unity/Hub/Editor/6000.7.0a4/Unity.app/Contents/Resources/Scripting/Managed/UnityEngine/UnityEditor.PropertiesModule.dll"
-r:"/Applications/Unity/Hub/Editor/6000.7.0a4/Unity.app/Contents/Resources/Scripting/Managed/UnityEngine/UnityEditor.QuickInstallModule.dll"
-r:"/Applications/Unity/Hub/Editor/6000.7.0a4/Unity.app/Contents/Resources/Scripting/Managed/UnityEngine/UnityEditor.QuickSearchModule.dll"
-r:"/Applications/Unity/Hub/Editor/6000.7.0a4/Unity.app/Contents/Resources/Scripting/Managed/UnityEngine/UnityEditor.SafeModeModule.dll"
-r:"/Applications/Unity/Hub/Editor/6000.7.0a4/Unity.app/Contents/Resources/Scripting/Managed/UnityEngine/UnityEditor.SceneTemplateModule.dll"
-r:"/Applications/Unity/Hub/Editor/6000.7.0a4/Unity.app/Contents/Resources/Scripting/Managed/UnityEngine/UnityEditor.SceneViewModule.dll"
-r:"/Applications/Unity/Hub/Editor/6000.7.0a4/Unity.app/Contents/Resources/Scripting/Managed/UnityEngine/UnityEditor.ShaderBuildSettingsModule.dll"
-r:"/Applications/Unity/Hub/Editor/6000.7.0a4/Unity.app/Contents/Resources/Scripting/Managed/UnityEngine/UnityEditor.ShaderCompilationModule.dll"
-r:"/Applications/Unity/Hub/Editor/6000.7.0a4/Unity.app/Contents/Resources/Scripting/Managed/UnityEngine/UnityEditor.ShaderPreprocessorModule.dll"
-r:"/Applications/Unity/Hub/Editor/6000.7.0a4/Unity.app/Contents/Resources/Scripting/Managed/UnityEngine/UnityEditor.SketchUpModule.dll"
-r:"/Applications/Unity/Hub/Editor/6000.7.0a4/Unity.app/Contents/Resources/Scripting/Managed/UnityEngine/UnityEditor.SmartStringsModule.dll"
-r:"/Applications/Unity/Hub/Editor/6000.7.0a4/Unity.app/Contents/Resources/Scripting/Managed/UnityEngine/UnityEditor.SpriteMaskModule.dll"
-r:"/Applications/Unity/Hub/Editor/6000.7.0a4/Unity.app/Contents/Resources/Scripting/Managed/UnityEngine/UnityEditor.SpriteShapeModule.dll"
-r:"/Applications/Unity/Hub/Editor/6000.7.0a4/Unity.app/Contents/Resources/Scripting/Managed/UnityEngine/UnityEditor.TerrainModule.dll"
-r:"/Applications/Unity/Hub/Editor/6000.7.0a4/Unity.app/Contents/Resources/Scripting/Managed/UnityEngine/UnityEditor.TextCoreFontEngineModule.dll"
-r:"/Applications/Unity/Hub/Editor/6000.7.0a4/Unity.app/Contents/Resources/Scripting/Managed/UnityEngine/UnityEditor.TextCoreTextEngineModule.dll"
-r:"/Applications/Unity/Hub/Editor/6000.7.0a4/Unity.app/Contents/Resources/Scripting/Managed/UnityEngine/UnityEditor.TextRenderingModule.dll"
-r:"/Applications/Unity/Hub/Editor/6000.7.0a4/Unity.app/Contents/Resources/Scripting/Managed/UnityEngine/UnityEditor.TilemapModule.dll"
-r:"/Applications/Unity/Hub/Editor/6000.7.0a4/Unity.app/Contents/Resources/Scripting/Managed/UnityEngine/UnityEditor.TimelineFoundationModule.dll"
-r:"/Applications/Unity/Hub/Editor/6000.7.0a4/Unity.app/Contents/Resources/Scripting/Managed/UnityEngine/UnityEditor.TreeModule.dll"
-r:"/Applications/Unity/Hub/Editor/6000.7.0a4/Unity.app/Contents/Resources/Scripting/Managed/UnityEngine/UnityEditor.U2DModule.dll"
-r:"/Applications/Unity/Hub/Editor/6000.7.0a4/Unity.app/Contents/Resources/Scripting/Managed/UnityEngine/UnityEditor.UIAutomationModule.dll"
-r:"/Applications/Unity/Hub/Editor/6000.7.0a4/Unity.app/Contents/Resources/Scripting/Managed/UnityEngine/UnityEditor.UIBuilderModule.dll"
-r:"/Applications/Unity/Hub/Editor/6000.7.0a4/Unity.app/Contents/Resources/Scripting/Managed/UnityEngine/UnityEditor.UIElementsModule.dll"
-r:"/Applications/Unity/Hub/Editor/6000.7.0a4/Unity.app/Contents/Resources/Scripting/Managed/UnityEngine/UnityEditor.UIElementsSamplesModule.dll"
-r:"/Applications/Unity/Hub/Editor/6000.7.0a4/Unity.app/Contents/Resources/Scripting/Managed/UnityEngine/UnityEditor.UIToolkitAuthoringModule.dll"
-r:"/Applications/Unity/Hub/Editor/6000.7.0a4/Unity.app/Contents/Resources/Scripting/Managed/UnityEngine/UnityEditor.UmbraModule.dll"
-r:"/Applications/Unity/Hub/Editor/6000.7.0a4/Unity.app/Contents/Resources/Scripting/Managed/UnityEngine/UnityEditor.UnityConnectModule.dll"
-r:"/Applications/Unity/Hub/Editor/6000.7.0a4/Unity.app/Contents/Resources/Scripting/Managed/UnityEngine/UnityEditor.VFXModule.dll"
-r:"/Applications/Unity/Hub/Editor/6000.7.0a4/Unity.app/Contents/Resources/Scripting/Managed/UnityEngine/UnityEditor.VectorGraphicsModule.dll"
-r:"/Applications/Unity/Hub/Editor/6000.7.0a4/Unity.app/Contents/Resources/Scripting/Managed/UnityEngine/UnityEditor.VideoModule.dll"
-r:"/Applications/Unity/Hub/Editor/6000.7.0a4/Unity.app/Contents/Resources/Scripting/Managed/UnityEngine/UnityEditor.XRModule.dll"
-r:"/Applications/Unity/Hub/Editor/6000.7.0a4/Unity.app/Contents/Resources/Scripting/Managed/UnityEngine/UnityEditor.dll"
-r:"/Applications/Unity/Hub/Editor/6000.7.0a4/Unity.app/Contents/Resources/Scripting/Managed/UnityEngine/UnityEngine.AIModule.dll"
-r:"/Applications/Unity/Hub/Editor/6000.7.0a4/Unity.app/Contents/Resources/Scripting/Managed/UnityEngine/UnityEngine.ARModule.dll"
-r:"/Applications/Unity/Hub/Editor/6000.7.0a4/Unity.app/Contents/Resources/Scripting/Managed/UnityEngine/UnityEngine.AccessibilityModule.dll"
-r:"/Applications/Unity/Hub/Editor/6000.7.0a4/Unity.app/Contents/Resources/Scripting/Managed/UnityEngine/UnityEngine.AdaptivePerformanceModule.dll"
-r:"/Applications/Unity/Hub/Editor/6000.7.0a4/Unity.app/Contents/Resources/Scripting/Managed/UnityEngine/UnityEngine.AndroidJNIModule.dll"
-r:"/Applications/Unity/Hub/Editor/6000.7.0a4/Unity.app/Contents/Resources/Scripting/Managed/UnityEngine/UnityEngine.AnimationModule.dll"
-r:"/Applications/Unity/Hub/Editor/6000.7.0a4/Unity.app/Contents/Resources/Scripting/Managed/UnityEngine/UnityEngine.AssetBundleModule.dll"
-r:"/Applications/Unity/Hub/Editor/6000.7.0a4/Unity.app/Contents/Resources/Scripting/Managed/UnityEngine/UnityEngine.AudioModule.dll"
-r:"/Applications/Unity/Hub/Editor/6000.7.0a4/Unity.app/Contents/Resources/Scripting/Managed/UnityEngine/UnityEngine.BurstModule.dll"
-r:"/Applications/Unity/Hub/Editor/6000.7.0a4/Unity.app/Contents/Resources/Scripting/Managed/UnityEngine/UnityEngine.ClothModule.dll"
-r:"/Applications/Unity/Hub/Editor/6000.7.0a4/Unity.app/Contents/Resources/Scripting/Managed/UnityEngine/UnityEngine.ClusterInputModule.dll"
-r:"/Applications/Unity/Hub/Editor/6000.7.0a4/Unity.app/Contents/Resources/Scripting/Managed/UnityEngine/UnityEngine.ClusterRendererModule.dll"
-r:"/Applications/Unity/Hub/Editor/6000.7.0a4/Unity.app/Contents/Resources/Scripting/Managed/UnityEngine/UnityEngine.ContentLoadModule.dll"
-r:"/Applications/Unity/Hub/Editor/6000.7.0a4/Unity.app/Contents/Resources/Scripting/Managed/UnityEngine/UnityEngine.CoreModule.dll"
-r:"/Applications/Unity/Hub/Editor/6000.7.0a4/Unity.app/Contents/Resources/Scripting/Managed/UnityEngine/UnityEngine.CrashReportingModule.dll"
-r:"/Applications/Unity/Hub/Editor/6000.7.0a4/Unity.app/Contents/Resources/Scripting/Managed/UnityEngine/UnityEngine.DSPGraphModule.dll"
-r:"/Applications/Unity/Hub/Editor/6000.7.0a4/Unity.app/Contents/Resources/Scripting/Managed/UnityEngine/UnityEngine.DirectorModule.dll"
-r:"/Applications/Unity/Hub/Editor/6000.7.0a4/Unity.app/Contents/Resources/Scripting/Managed/UnityEngine/UnityEngine.GIModule.dll"
-r:"/Applications/Unity/Hub/Editor/6000.7.0a4/Unity.app/Contents/Resources/Scripting/Managed/UnityEngine/UnityEngine.GameCenterModule.dll"
-r:"/Applications/Unity/Hub/Editor/6000.7.0a4/Unity.app/Contents/Resources/Scripting/Managed/UnityEngine/UnityEngine.GraphicsStateCollectionSerializerModule.dll"
-r:"/Applications/Unity/Hub/Editor/6000.7.0a4/Unity.app/Contents/Resources/Scripting/Managed/UnityEngine/UnityEngine.GridModule.dll"
-r:"/Applications/Unity/Hub/Editor/6000.7.0a4/Unity.app/Contents/Resources/Scripting/Managed/UnityEngine/UnityEngine.HierarchyCoreModule.dll"
-r:"/Applications/Unity/Hub/Editor/6000.7.0a4/Unity.app/Contents/Resources/Scripting/Managed/UnityEngine/UnityEngine.HotReloadModule.dll"
-r:"/Applications/Unity/Hub/Editor/6000.7.0a4/Unity.app/Contents/Resources/Scripting/Managed/UnityEngine/UnityEngine.IMGUIModule.dll"
-r:"/Applications/Unity/Hub/Editor/6000.7.0a4/Unity.app/Contents/Resources/Scripting/Managed/UnityEngine/UnityEngine.IdentifiersModule.dll"
-r:"/Applications/Unity/Hub/Editor/6000.7.0a4/Unity.app/Contents/Resources/Scripting/Managed/UnityEngine/UnityEngine.ImageConversionModule.dll"
-r:"/Applications/Unity/Hub/Editor/6000.7.0a4/Unity.app/Contents/Resources/Scripting/Managed/UnityEngine/UnityEngine.InputForUIModule.dll"
-r:"/Applications/Unity/Hub/Editor/6000.7.0a4/Unity.app/Contents/Resources/Scripting/Managed/UnityEngine/UnityEngine.InputLegacyModule.dll"
-r:"/Applications/Unity/Hub/Editor/6000.7.0a4/Unity.app/Contents/Resources/Scripting/Managed/UnityEngine/UnityEngine.InputModule.dll"
-r:"/Applications/Unity/Hub/Editor/6000.7.0a4/Unity.app/Contents/Resources/Scripting/Managed/UnityEngine/UnityEngine.InsightsModule.dll"
-r:"/Applications/Unity/Hub/Editor/6000.7.0a4/Unity.app/Contents/Resources/Scripting/Managed/UnityEngine/UnityEngine.JSONSerializeModule.dll"
-r:"/Applications/Unity/Hub/Editor/6000.7.0a4/Unity.app/Contents/Resources/Scripting/Managed/UnityEngine/UnityEngine.LocalizationModule.dll"
-r:"/Applications/Unity/Hub/Editor/6000.7.0a4/Unity.app/Contents/Resources/Scripting/Managed/UnityEngine/UnityEngine.ManagedKernelModule.dll"
-r:"/Applications/Unity/Hub/Editor/6000.7.0a4/Unity.app/Contents/Resources/Scripting/Managed/UnityEngine/UnityEngine.MarshallingModule.dll"
-r:"/Applications/Unity/Hub/Editor/6000.7.0a4/Unity.app/Contents/Resources/Scripting/Managed/UnityEngine/UnityEngine.MathematicsModule.dll"
-r:"/Applications/Unity/Hub/Editor/6000.7.0a4/Unity.app/Contents/Resources/Scripting/Managed/UnityEngine/UnityEngine.MultiplayerModule.dll"
-r:"/Applications/Unity/Hub/Editor/6000.7.0a4/Unity.app/Contents/Resources/Scripting/Managed/UnityEngine/UnityEngine.ParticleSystemModule.dll"
-r:"/Applications/Unity/Hub/Editor/6000.7.0a4/Unity.app/Contents/Resources/Scripting/Managed/UnityEngine/UnityEngine.PerformanceReportingModule.dll"
-r:"/Applications/Unity/Hub/Editor/6000.7.0a4/Unity.app/Contents/Resources/Scripting/Managed/UnityEngine/UnityEngine.Physics2DModule.dll"
-r:"/Applications/Unity/Hub/Editor/6000.7.0a4/Unity.app/Contents/Resources/Scripting/Managed/UnityEngine/UnityEngine.PhysicsBackendPhysXModule.dll"
-r:"/Applications/Unity/Hub/Editor/6000.7.0a4/Unity.app/Contents/Resources/Scripting/Managed/UnityEngine/UnityEngine.PhysicsCore2DModule.dll"
-r:"/Applications/Unity/Hub/Editor/6000.7.0a4/Unity.app/Contents/Resources/Scripting/Managed/UnityEngine/UnityEngine.PhysicsModule.dll"
-r:"/Applications/Unity/Hub/Editor/6000.7.0a4/Unity.app/Contents/Resources/Scripting/Managed/UnityEngine/UnityEngine.PropertiesModule.dll"
-r:"/Applications/Unity/Hub/Editor/6000.7.0a4/Unity.app/Contents/Resources/Scripting/Managed/UnityEngine/UnityEngine.RenderAs2DModule.dll"
-r:"/Applications/Unity/Hub/Editor/6000.7.0a4/Unity.app/Contents/Resources/Scripting/Managed/UnityEngine/UnityEngine.RuntimeInitializeOnLoadManagerInitializerModule.dll"
-r:"/Applications/Unity/Hub/Editor/6000.7.0a4/Unity.app/Contents/Resources/Scripting/Managed/UnityEngine/UnityEngine.ScreenCaptureModule.dll"
-r:"/Applications/Unity/Hub/Editor/6000.7.0a4/Unity.app/Contents/Resources/Scripting/Managed/UnityEngine/UnityEngine.ScriptingModule.dll"
-r:"/Applications/Unity/Hub/Editor/6000.7.0a4/Unity.app/Contents/Resources/Scripting/Managed/UnityEngine/UnityEngine.ShaderVariantAnalyticsModule.dll"
-r:"/Applications/Unity/Hub/Editor/6000.7.0a4/Unity.app/Contents/Resources/Scripting/Managed/UnityEngine/UnityEngine.SmartStringsModule.dll"
-r:"/Applications/Unity/Hub/Editor/6000.7.0a4/Unity.app/Contents/Resources/Scripting/Managed/UnityEngine/UnityEngine.SpriteMaskModule.dll"
-r:"/Applications/Unity/Hub/Editor/6000.7.0a4/Unity.app/Contents/Resources/Scripting/Managed/UnityEngine/UnityEngine.SpriteShapeModule.dll"
-r:"/Applications/Unity/Hub/Editor/6000.7.0a4/Unity.app/Contents/Resources/Scripting/Managed/UnityEngine/UnityEngine.StreamingModule.dll"
-r:"/Applications/Unity/Hub/Editor/6000.7.0a4/Unity.app/Contents/Resources/Scripting/Managed/UnityEngine/UnityEngine.SubsystemsModule.dll"
-r:"/Applications/Unity/Hub/Editor/6000.7.0a4/Unity.app/Contents/Resources/Scripting/Managed/UnityEngine/UnityEngine.TLSModule.dll"
-r:"/Applications/Unity/Hub/Editor/6000.7.0a4/Unity.app/Contents/Resources/Scripting/Managed/UnityEngine/UnityEngine.TerrainModule.dll"
-r:"/Applications/Unity/Hub/Editor/6000.7.0a4/Unity.app/Contents/Resources/Scripting/Managed/UnityEngine/UnityEngine.TerrainPhysicsModule.dll"
-r:"/Applications/Unity/Hub/Editor/6000.7.0a4/Unity.app/Contents/Resources/Scripting/Managed/UnityEngine/UnityEngine.TetgenModule.dll"
-r:"/Applications/Unity/Hub/Editor/6000.7.0a4/Unity.app/Contents/Resources/Scripting/Managed/UnityEngine/UnityEngine.TextCoreFontEngineModule.dll"
-r:"/Applications/Unity/Hub/Editor/6000.7.0a4/Unity.app/Contents/Resources/Scripting/Managed/UnityEngine/UnityEngine.TextCoreTextEngineModule.dll"
-r:"/Applications/Unity/Hub/Editor/6000.7.0a4/Unity.app/Contents/Resources/Scripting/Managed/UnityEngine/UnityEngine.TextRenderingModule.dll"
-r:"/Applications/Unity/Hub/Editor/6000.7.0a4/Unity.app/Contents/Resources/Scripting/Managed/UnityEngine/UnityEngine.TilemapModule.dll"
-r:"/Applications/Unity/Hub/Editor/6000.7.0a4/Unity.app/Contents/Resources/Scripting/Managed/UnityEngine/UnityEngine.TimelineFoundationModule.dll"
-r:"/Applications/Unity/Hub/Editor/6000.7.0a4/Unity.app/Contents/Resources/Scripting/Managed/UnityEngine/UnityEngine.U2DRuntimeModule.dll"
-r:"/Applications/Unity/Hub/Editor/6000.7.0a4/Unity.app/Contents/Resources/Scripting/Managed/UnityEngine/UnityEngine.UIElementsModule.dll"
-r:"/Applications/Unity/Hub/Editor/6000.7.0a4/Unity.app/Contents/Resources/Scripting/Managed/UnityEngine/UnityEngine.UIModule.dll"
-r:"/Applications/Unity/Hub/Editor/6000.7.0a4/Unity.app/Contents/Resources/Scripting/Managed/UnityEngine/UnityEngine.UmbraModule.dll"
-r:"/Applications/Unity/Hub/Editor/6000.7.0a4/Unity.app/Contents/Resources/Scripting/Managed/UnityEngine/UnityEngine.UnityAnalyticsCommonModule.dll"
-r:"/Applications/Unity/Hub/Editor/6000.7.0a4/Unity.app/Contents/Resources/Scripting/Managed/UnityEngine/UnityEngine.UnityAnalyticsModule.dll"
-r:"/Applications/Unity/Hub/Editor/6000.7.0a4/Unity.app/Contents/Resources/Scripting/Managed/UnityEngine/UnityEngine.UnityConnectModule.dll"
-r:"/Applications/Unity/Hub/Editor/6000.7.0a4/Unity.app/Contents/Resources/Scripting/Managed/UnityEngine/UnityEngine.UnityConsentModule.dll"
-r:"/Applications/Unity/Hub/Editor/6000.7.0a4/Unity.app/Contents/Resources/Scripting/Managed/UnityEngine/UnityEngine.UnityCurlModule.dll"
-r:"/Applications/Unity/Hub/Editor/6000.7.0a4/Unity.app/Contents/Resources/Scripting/Managed/UnityEngine/UnityEngine.UnityWebRequestAssetBundleModule.dll"
-r:"/Applications/Unity/Hub/Editor/6000.7.0a4/Unity.app/Contents/Resources/Scripting/Managed/UnityEngine/UnityEngine.UnityWebRequestAudioModule.dll"
-r:"/Applications/Unity/Hub/Editor/6000.7.0a4/Unity.app/Contents/Resources/Scripting/Managed/UnityEngine/UnityEngine.UnityWebRequestModule.dll"
-r:"/Applications/Unity/Hub/Editor/6000.7.0a4/Unity.app/Contents/Resources/Scripting/Managed/UnityEngine/UnityEngine.UnityWebRequestTextureModule.dll"
-r:"/Applications/Unity/Hub/Editor/6000.7.0a4/Unity.app/Contents/Resources/Scripting/Managed/UnityEngine/UnityEngine.UnityWebRequestWWWModule.dll"
-r:"/Applications/Unity/Hub/Editor/6000.7.0a4/Unity.app/Contents/Resources/Scripting/Managed/UnityEngine/UnityEngine.VFXModule.dll"
-r:"/Applications/Unity/Hub/Editor/6000.7.0a4/Unity.app/Contents/Resources/Scripting/Managed/UnityEngine/UnityEngine.VectorGraphicsModule.dll"
-r:"/Applications/Unity/Hub/Editor/6000.7.0a4/Unity.app/Contents/Resources/Scripting/Managed/UnityEngine/UnityEngine.VehiclesModule.dll"
-r:"/Applications/Unity/Hub/Editor/6000.7.0a4/Unity.app/Contents/Resources/Scripting/Managed/UnityEngine/UnityEngine.VideoModule.dll"
-r:"/Applications/Unity/Hub/Editor/6000.7.0a4/Unity.app/Contents/Resources/Scripting/Managed/UnityEngine/UnityEngine.VirtualTexturingModule.dll"
-r:"/Applications/Unity/Hub/Editor/6000.7.0a4/Unity.app/Contents/Resources/Scripting/Managed/UnityEngine/UnityEngine.WindModule.dll"
-r:"/Applications/Unity/Hub/Editor/6000.7.0a4/Unity.app/Contents/Resources/Scripting/Managed/UnityEngine/UnityEngine.XRModule.dll"
-r:"/Applications/Unity/Hub/Editor/6000.7.0a4/Unity.app/Contents/Resources/Scripting/Managed/UnityEngine/UnityEngine.dll"
-r:"/Applications/Unity/Hub/Editor/6000.7.0a4/Unity.app/Contents/Resources/Scripting/NetStandard/Extensions/2.0.0/System.Runtime.InteropServices.WindowsRuntime.dll"
-r:"/Applications/Unity/Hub/Editor/6000.7.0a4/Unity.app/Contents/Resources/Scripting/NetStandard/compat/2.1.0/shims/netfx/System.ComponentModel.Composition.dll"
-r:"/Applications/Unity/Hub/Editor/6000.7.0a4/Unity.app/Contents/Resources/Scripting/NetStandard/compat/2.1.0/shims/netfx/System.Core.dll"
-r:"/Applications/Unity/Hub/Editor/6000.7.0a4/Unity.app/Contents/Resources/Scripting/NetStandard/compat/2.1.0/shims/netfx/System.Data.dll"
-r:"/Applications/Unity/Hub/Editor/6000.7.0a4/Unity.app/Contents/Resources/Scripting/NetStandard/compat/2.1.0/shims/netfx/System.Drawing.dll"
-r:"/Applications/Unity/Hub/Editor/6000.7.0a4/Unity.app/Contents/Resources/Scripting/NetStandard/compat/2.1.0/shims/netfx/System.IO.Compression.FileSystem.dll"
-r:"/Applications/Unity/Hub/Editor/6000.7.0a4/Unity.app/Contents/Resources/Scripting/NetStandard/compat/2.1.0/shims/netfx/System.Net.dll"
-r:"/Applications/Unity/Hub/Editor/6000.7.0a4/Unity.app/Contents/Resources/Scripting/NetStandard/compat/2.1.0/shims/netfx/System.Numerics.dll"
-r:"/Applications/Unity/Hub/Editor/6000.7.0a4/Unity.app/Contents/Resources/Scripting/NetStandard/compat/2.1.0/shims/netfx/System.Runtime.Serialization.dll"
-r:"/Applications/Unity/Hub/Editor/6000.7.0a4/Unity.app/Contents/Resources/Scripting/NetStandard/compat/2.1.0/shims/netfx/System.ServiceModel.Web.dll"
-r:"/Applications/Unity/Hub/Editor/6000.7.0a4/Unity.app/Contents/Resources/Scripting/NetStandard/compat/2.1.0/shims/netfx/System.Transactions.dll"
-r:"/Applications/Unity/Hub/Editor/6000.7.0a4/Unity.app/Contents/Resources/Scripting/NetStandard/compat/2.1.0/shims/netfx/System.Web.dll"
-r:"/Applications/Unity/Hub/Editor/6000.7.0a4/Unity.app/Contents/Resources/Scripting/NetStandard/compat/2.1.0/shims/netfx/System.Windows.dll"
-r:"/Applications/Unity/Hub/Editor/6000.7.0a4/Unity.app/Contents/Resources/Scripting/NetStandard/compat/2.1.0/shims/netfx/System.Xml.Linq.dll"
-r:"/Applications/Unity/Hub/Editor/6000.7.0a4/Unity.app/Contents/Resources/Scripting/NetStandard/compat/2.1.0/shims/netfx/System.Xml.Serialization.dll"
-r:"/Applications/Unity/Hub/Editor/6000.7.0a4/Unity.app/Contents/Resources/Scripting/NetStandard/compat/2.1.0/shims/netfx/System.Xml.dll"
-r:"/Applications/Unity/Hub/Editor/6000.7.0a4/Unity.app/Contents/Resources/Scripting/NetStandard/compat/2.1.0/shims/netfx/System.dll"
-r:"/Applications/Unity/Hub/Editor/6000.7.0a4/Unity.app/Contents/Resources/Scripting/NetStandard/compat/2.1.0/shims/netfx/mscorlib.dll"
-r:"/Applications/Unity/Hub/Editor/6000.7.0a4/Unity.app/Contents/Resources/Scripting/NetStandard/compat/2.1.0/shims/netstandard/Microsoft.Win32.Primitives.dll"
-r:"/Applications/Unity/Hub/Editor/6000.7.0a4/Unity.app/Contents/Resources/Scripting/NetStandard/compat/2.1.0/shims/netstandard/System.AppContext.dll"
-r:"/Applications/Unity/Hub/Editor/6000.7.0a4/Unity.app/Contents/Resources/Scripting/NetStandard/compat/2.1.0/shims/netstandard/System.Buffers.dll"
-r:"/Applications/Unity/Hub/Editor/6000.7.0a4/Unity.app/Contents/Resources/Scripting/NetStandard/compat/2.1.0/shims/netstandard/System.Collections.Concurrent.dll"
-r:"/Applications/Unity/Hub/Editor/6000.7.0a4/Unity.app/Contents/Resources/Scripting/NetStandard/compat/2.1.0/shims/netstandard/System.Collections.NonGeneric.dll"
-r:"/Applications/Unity/Hub/Editor/6000.7.0a4/Unity.app/Contents/Resources/Scripting/NetStandard/compat/2.1.0/shims/netstandard/System.Collections.Specialized.dll"
-r:"/Applications/Unity/Hub/Editor/6000.7.0a4/Unity.app/Contents/Resources/Scripting/NetStandard/compat/2.1.0/shims/netstandard/System.Collections.dll"
-r:"/Applications/Unity/Hub/Editor/6000.7.0a4/Unity.app/Contents/Resources/Scripting/NetStandard/compat/2.1.0/shims/netstandard/System.ComponentModel.EventBasedAsync.dll"
-r:"/Applications/Unity/Hub/Editor/6000.7.0a4/Unity.app/Contents/Resources/Scripting/NetStandard/compat/2.1.0/shims/netstandard/System.ComponentModel.Primitives.dll"
-r:"/Applications/Unity/Hub/Editor/6000.7.0a4/Unity.app/Contents/Resources/Scripting/NetStandard/compat/2.1.0/shims/netstandard/System.ComponentModel.TypeConverter.dll"
-r:"/Applications/Unity/Hub/Editor/6000.7.0a4/Unity.app/Contents/Resources/Scripting/NetStandard/compat/2.1.0/shims/netstandard/System.ComponentModel.dll"
-r:"/Applications/Unity/Hub/Editor/6000.7.0a4/Unity.app/Contents/Resources/Scripting/NetStandard/compat/2.1.0/shims/netstandard/System.Console.dll"
-r:"/Applications/Unity/Hub/Editor/6000.7.0a4/Unity.app/Contents/Resources/Scripting/NetStandard/compat/2.1.0/shims/netstandard/System.Data.Common.dll"
-r:"/Applications/Unity/Hub/Editor/6000.7.0a4/Unity.app/Contents/Resources/Scripting/NetStandard/compat/2.1.0/shims/netstandard/System.Diagnostics.Contracts.dll"
-r:"/Applications/Unity/Hub/Editor/6000.7.0a4/Unity.app/Contents/Resources/Scripting/NetStandard/compat/2.1.0/shims/netstandard/System.Diagnostics.Debug.dll"
-r:"/Applications/Unity/Hub/Editor/6000.7.0a4/Unity.app/Contents/Resources/Scripting/NetStandard/compat/2.1.0/shims/netstandard/System.Diagnostics.FileVersionInfo.dll"
-r:"/Applications/Unity/Hub/Editor/6000.7.0a4/Unity.app/Contents/Resources/Scripting/NetStandard/compat/2.1.0/shims/netstandard/System.Diagnostics.Process.dll"
-r:"/Applications/Unity/Hub/Editor/6000.7.0a4/Unity.app/Contents/Resources/Scripting/NetStandard/compat/2.1.0/shims/netstandard/System.Diagnostics.StackTrace.dll"
-r:"/Applications/Unity/Hub/Editor/6000.7.0a4/Unity.app/Contents/Resources/Scripting/NetStandard/compat/2.1.0/shims/netstandard/System.Diagnostics.TextWriterTraceListener.dll"
-r:"/Applications/Unity/Hub/Editor/6000.7.0a4/Unity.app/Contents/Resources/Scripting/NetStandard/compat/2.1.0/shims/netstandard/System.Diagnostics.Tools.dll"
-r:"/Applications/Unity/Hub/Editor/6000.7.0a4/Unity.app/Contents/Resources/Scripting/NetStandard/compat/2.1.0/shims/netstandard/System.Diagnostics.TraceSource.dll"
-r:"/Applications/Unity/Hub/Editor/6000.7.0a4/Unity.app/Contents/Resources/Scripting/NetStandard/compat/2.1.0/shims/netstandard/System.Diagnostics.Tracing.dll"
-r:"/Applications/Unity/Hub/Editor/6000.7.0a4/Unity.app/Contents/Resources/Scripting/NetStandard/compat/2.1.0/shims/netstandard/System.Drawing.Primitives.dll"
-r:"/Applications/Unity/Hub/Editor/6000.7.0a4/Unity.app/Contents/Resources/Scripting/NetStandard/compat/2.1.0/shims/netstandard/System.Dynamic.Runtime.dll"
-r:"/Applications/Unity/Hub/Editor/6000.7.0a4/Unity.app/Contents/Resources/Scripting/NetStandard/compat/2.1.0/shims/netstandard/System.Globalization.Calendars.dll"
-r:"/Applications/Unity/Hub/Editor/6000.7.0a4/Unity.app/Contents/Resources/Scripting/NetStandard/compat/2.1.0/shims/netstandard/System.Globalization.Extensions.dll"
-r:"/Applications/Unity/Hub/Editor/6000.7.0a4/Unity.app/Contents/Resources/Scripting/NetStandard/compat/2.1.0/shims/netstandard/System.Globalization.dll"
-r:"/Applications/Unity/Hub/Editor/6000.7.0a4/Unity.app/Contents/Resources/Scripting/NetStandard/compat/2.1.0/shims/netstandard/System.IO.Compression.ZipFile.dll"
-r:"/Applications/Unity/Hub/Editor/6000.7.0a4/Unity.app/Contents/Resources/Scripting/NetStandard/compat/2.1.0/shims/netstandard/System.IO.Compression.dll"
-r:"/Applications/Unity/Hub/Editor/6000.7.0a4/Unity.app/Contents/Resources/Scripting/NetStandard/compat/2.1.0/shims/netstandard/System.IO.FileSystem.DriveInfo.dll"
-r:"/Applications/Unity/Hub/Editor/6000.7.0a4/Unity.app/Contents/Resources/Scripting/NetStandard/compat/2.1.0/shims/netstandard/System.IO.FileSystem.Primitives.dll"
-r:"/Applications/Unity/Hub/Editor/6000.7.0a4/Unity.app/Contents/Resources/Scripting/NetStandard/compat/2.1.0/shims/netstandard/System.IO.FileSystem.Watcher.dll"
-r:"/Applications/Unity/Hub/Editor/6000.7.0a4/Unity.app/Contents/Resources/Scripting/NetStandard/compat/2.1.0/shims/netstandard/System.IO.FileSystem.dll"
-r:"/Applications/Unity/Hub/Editor/6000.7.0a4/Unity.app/Contents/Resources/Scripting/NetStandard/compat/2.1.0/shims/netstandard/System.IO.IsolatedStorage.dll"
-r:"/Applications/Unity/Hub/Editor/6000.7.0a4/Unity.app/Contents/Resources/Scripting/NetStandard/compat/2.1.0/shims/netstandard/System.IO.MemoryMappedFiles.dll"
-r:"/Applications/Unity/Hub/Editor/6000.7.0a4/Unity.app/Contents/Resources/Scripting/NetStandard/compat/2.1.0/shims/netstandard/System.IO.Pipes.dll"
-r:"/Applications/Unity/Hub/Editor/6000.7.0a4/Unity.app/Contents/Resources/Scripting/NetStandard/compat/2.1.0/shims/netstandard/System.IO.UnmanagedMemoryStream.dll"
-r:"/Applications/Unity/Hub/Editor/6000.7.0a4/Unity.app/Contents/Resources/Scripting/NetStandard/compat/2.1.0/shims/netstandard/System.IO.dll"
-r:"/Applications/Unity/Hub/Editor/6000.7.0a4/Unity.app/Contents/Resources/Scripting/NetStandard/compat/2.1.0/shims/netstandard/System.Linq.Expressions.dll"
-r:"/Applications/Unity/Hub/Editor/6000.7.0a4/Unity.app/Contents/Resources/Scripting/NetStandard/compat/2.1.0/shims/netstandard/System.Linq.Parallel.dll"
-r:"/Applications/Unity/Hub/Editor/6000.7.0a4/Unity.app/Contents/Resources/Scripting/NetStandard/compat/2.1.0/shims/netstandard/System.Linq.Queryable.dll"
-r:"/Applications/Unity/Hub/Editor/6000.7.0a4/Unity.app/Contents/Resources/Scripting/NetStandard/compat/2.1.0/shims/netstandard/System.Linq.dll"
-r:"/Applications/Unity/Hub/Editor/6000.7.0a4/Unity.app/Contents/Resources/Scripting/NetStandard/compat/2.1.0/shims/netstandard/System.Memory.dll"
-r:"/Applications/Unity/Hub/Editor/6000.7.0a4/Unity.app/Contents/Resources/Scripting/NetStandard/compat/2.1.0/shims/netstandard/System.Net.Http.dll"
-r:"/Applications/Unity/Hub/Editor/6000.7.0a4/Unity.app/Contents/Resources/Scripting/NetStandard/compat/2.1.0/shims/netstandard/System.Net.NameResolution.dll"
-r:"/Applications/Unity/Hub/Editor/6000.7.0a4/Unity.app/Contents/Resources/Scripting/NetStandard/compat/2.1.0/shims/netstandard/System.Net.NetworkInformation.dll"
-r:"/Applications/Unity/Hub/Editor/6000.7.0a4/Unity.app/Contents/Resources/Scripting/NetStandard/compat/2.1.0/shims/netstandard/System.Net.Ping.dll"
-r:"/Applications/Unity/Hub/Editor/6000.7.0a4/Unity.app/Contents/Resources/Scripting/NetStandard/compat/2.1.0/shims/netstandard/System.Net.Primitives.dll"
-r:"/Applications/Unity/Hub/Editor/6000.7.0a4/Unity.app/Contents/Resources/Scripting/NetStandard/compat/2.1.0/shims/netstandard/System.Net.Requests.dll"
-r:"/Applications/Unity/Hub/Editor/6000.7.0a4/Unity.app/Contents/Resources/Scripting/NetStandard/compat/2.1.0/shims/netstandard/System.Net.Security.dll"
-r:"/Applications/Unity/Hub/Editor/6000.7.0a4/Unity.app/Contents/Resources/Scripting/NetStandard/compat/2.1.0/shims/netstandard/System.Net.Sockets.dll"
-r:"/Applications/Unity/Hub/Editor/6000.7.0a4/Unity.app/Contents/Resources/Scripting/NetStandard/compat/2.1.0/shims/netstandard/System.Net.WebHeaderCollection.dll"
-r:"/Applications/Unity/Hub/Editor/6000.7.0a4/Unity.app/Contents/Resources/Scripting/NetStandard/compat/2.1.0/shims/netstandard/System.Net.WebSockets.Client.dll"
-r:"/Applications/Unity/Hub/Editor/6000.7.0a4/Unity.app/Contents/Resources/Scripting/NetStandard/compat/2.1.0/shims/netstandard/System.Net.WebSockets.dll"
-r:"/Applications/Unity/Hub/Editor/6000.7.0a4/Unity.app/Contents/Resources/Scripting/NetStandard/compat/2.1.0/shims/netstandard/System.Numerics.Vectors.dll"
-r:"/Applications/Unity/Hub/Editor/6000.7.0a4/Unity.app/Contents/Resources/Scripting/NetStandard/compat/2.1.0/shims/netstandard/System.ObjectModel.dll"
-r:"/Applications/Unity/Hub/Editor/6000.7.0a4/Unity.app/Contents/Resources/Scripting/NetStandard/compat/2.1.0/shims/netstandard/System.Reflection.DispatchProxy.dll"
-r:"/Applications/Unity/Hub/Editor/6000.7.0a4/Unity.app/Contents/Resources/Scripting/NetStandard/compat/2.1.0/shims/netstandard/System.Reflection.Emit.ILGeneration.dll"
-r:"/Applications/Unity/Hub/Editor/6000.7.0a4/Unity.app/Contents/Resources/Scripting/NetStandard/compat/2.1.0/shims/netstandard/System.Reflection.Emit.Lightweight.dll"
-r:"/Applications/Unity/Hub/Editor/6000.7.0a4/Unity.app/Contents/Resources/Scripting/NetStandard/compat/2.1.0/shims/netstandard/System.Reflection.Emit.dll"
-r:"/Applications/Unity/Hub/Editor/6000.7.0a4/Unity.app/Contents/Resources/Scripting/NetStandard/compat/2.1.0/shims/netstandard/System.Reflection.Extensions.dll"
-r:"/Applications/Unity/Hub/Editor/6000.7.0a4/Unity.app/Contents/Resources/Scripting/NetStandard/compat/2.1.0/shims/netstandard/System.Reflection.Primitives.dll"
-r:"/Applications/Unity/Hub/Editor/6000.7.0a4/Unity.app/Contents/Resources/Scripting/NetStandard/compat/2.1.0/shims/netstandard/System.Reflection.dll"
-r:"/Applications/Unity/Hub/Editor/6000.7.0a4/Unity.app/Contents/Resources/Scripting/NetStandard/compat/2.1.0/shims/netstandard/System.Resources.Reader.dll"
-r:"/Applications/Unity/Hub/Editor/6000.7.0a4/Unity.app/Contents/Resources/Scripting/NetStandard/compat/2.1.0/shims/netstandard/System.Resources.ResourceManager.dll"
-r:"/Applications/Unity/Hub/Editor/6000.7.0a4/Unity.app/Contents/Resources/Scripting/NetStandard/compat/2.1.0/shims/netstandard/System.Resources.Writer.dll"
-r:"/Applications/Unity/Hub/Editor/6000.7.0a4/Unity.app/Contents/Resources/Scripting/NetStandard/compat/2.1.0/shims/netstandard/System.Runtime.CompilerServices.VisualC.dll"
-r:"/Applications/Unity/Hub/Editor/6000.7.0a4/Unity.app/Contents/Resources/Scripting/NetStandard/compat/2.1.0/shims/netstandard/System.Runtime.Extensions.dll"
-r:"/Applications/Unity/Hub/Editor/6000.7.0a4/Unity.app/Contents/Resources/Scripting/NetStandard/compat/2.1.0/shims/netstandard/System.Runtime.Handles.dll"
-r:"/Applications/Unity/Hub/Editor/6000.7.0a4/Unity.app/Contents/Resources/Scripting/NetStandard/compat/2.1.0/shims/netstandard/System.Runtime.InteropServices.RuntimeInformation.dll"
-r:"/Applications/Unity/Hub/Editor/6000.7.0a4/Unity.app/Contents/Resources/Scripting/NetStandard/compat/2.1.0/shims/netstandard/System.Runtime.InteropServices.dll"
-r:"/Applications/Unity/Hub/Editor/6000.7.0a4/Unity.app/Contents/Resources/Scripting/NetStandard/compat/2.1.0/shims/netstandard/System.Runtime.Numerics.dll"
-r:"/Applications/Unity/Hub/Editor/6000.7.0a4/Unity.app/Contents/Resources/Scripting/NetStandard/compat/2.1.0/shims/netstandard/System.Runtime.Serialization.Formatters.dll"
-r:"/Applications/Unity/Hub/Editor/6000.7.0a4/Unity.app/Contents/Resources/Scripting/NetStandard/compat/2.1.0/shims/netstandard/System.Runtime.Serialization.Json.dll"
-r:"/Applications/Unity/Hub/Editor/6000.7.0a4/Unity.app/Contents/Resources/Scripting/NetStandard/compat/2.1.0/shims/netstandard/System.Runtime.Serialization.Primitives.dll"
-r:"/Applications/Unity/Hub/Editor/6000.7.0a4/Unity.app/Contents/Resources/Scripting/NetStandard/compat/2.1.0/shims/netstandard/System.Runtime.Serialization.Xml.dll"
-r:"/Applications/Unity/Hub/Editor/6000.7.0a4/Unity.app/Contents/Resources/Scripting/NetStandard/compat/2.1.0/shims/netstandard/System.Runtime.dll"
-r:"/Applications/Unity/Hub/Editor/6000.7.0a4/Unity.app/Contents/Resources/Scripting/NetStandard/compat/2.1.0/shims/netstandard/System.Security.Claims.dll"
-r:"/Applications/Unity/Hub/Editor/6000.7.0a4/Unity.app/Contents/Resources/Scripting/NetStandard/compat/2.1.0/shims/netstandard/System.Security.Cryptography.Algorithms.dll"
-r:"/Applications/Unity/Hub/Editor/6000.7.0a4/Unity.app/Contents/Resources/Scripting/NetStandard/compat/2.1.0/shims/netstandard/System.Security.Cryptography.Csp.dll"
-r:"/Applications/Unity/Hub/Editor/6000.7.0a4/Unity.app/Contents/Resources/Scripting/NetStandard/compat/2.1.0/shims/netstandard/System.Security.Cryptography.Encoding.dll"
-r:"/Applications/Unity/Hub/Editor/6000.7.0a4/Unity.app/Contents/Resources/Scripting/NetStandard/compat/2.1.0/shims/netstandard/System.Security.Cryptography.Primitives.dll"
-r:"/Applications/Unity/Hub/Editor/6000.7.0a4/Unity.app/Contents/Resources/Scripting/NetStandard/compat/2.1.0/shims/netstandard/System.Security.Cryptography.X509Certificates.dll"
-r:"/Applications/Unity/Hub/Editor/6000.7.0a4/Unity.app/Contents/Resources/Scripting/NetStandard/compat/2.1.0/shims/netstandard/System.Security.Principal.dll"
-r:"/Applications/Unity/Hub/Editor/6000.7.0a4/Unity.app/Contents/Resources/Scripting/NetStandard/compat/2.1.0/shims/netstandard/System.Security.SecureString.dll"
-r:"/Applications/Unity/Hub/Editor/6000.7.0a4/Unity.app/Contents/Resources/Scripting/NetStandard/compat/2.1.0/shims/netstandard/System.Text.Encoding.Extensions.dll"
-r:"/Applications/Unity/Hub/Editor/6000.7.0a4/Unity.app/Contents/Resources/Scripting/NetStandard/compat/2.1.0/shims/netstandard/System.Text.Encoding.dll"
-r:"/Applications/Unity/Hub/Editor/6000.7.0a4/Unity.app/Contents/Resources/Scripting/NetStandard/compat/2.1.0/shims/netstandard/System.Text.RegularExpressions.dll"
-r:"/Applications/Unity/Hub/Editor/6000.7.0a4/Unity.app/Contents/Resources/Scripting/NetStandard/compat/2.1.0/shims/netstandard/System.Threading.Overlapped.dll"
-r:"/Applications/Unity/Hub/Editor/6000.7.0a4/Unity.app/Contents/Resources/Scripting/NetStandard/compat/2.1.0/shims/netstandard/System.Threading.Tasks.Extensions.dll"
-r:"/Applications/Unity/Hub/Editor/6000.7.0a4/Unity.app/Contents/Resources/Scripting/NetStandard/compat/2.1.0/shims/netstandard/System.Threading.Tasks.Parallel.dll"
-r:"/Applications/Unity/Hub/Editor/6000.7.0a4/Unity.app/Contents/Resources/Scripting/NetStandard/compat/2.1.0/shims/netstandard/System.Threading.Tasks.dll"
-r:"/Applications/Unity/Hub/Editor/6000.7.0a4/Unity.app/Contents/Resources/Scripting/NetStandard/compat/2.1.0/shims/netstandard/System.Threading.Thread.dll"
-r:"/Applications/Unity/Hub/Editor/6000.7.0a4/Unity.app/Contents/Resources/Scripting/NetStandard/compat/2.1.0/shims/netstandard/System.Threading.ThreadPool.dll"
-r:"/Applications/Unity/Hub/Editor/6000.7.0a4/Unity.app/Contents/Resources/Scripting/NetStandard/compat/2.1.0/shims/netstandard/System.Threading.Timer.dll"
-r:"/Applications/Unity/Hub/Editor/6000.7.0a4/Unity.app/Contents/Resources/Scripting/NetStandard/compat/2.1.0/shims/netstandard/System.Threading.dll"
-r:"/Applications/Unity/Hub/Editor/6000.7.0a4/Unity.app/Contents/Resources/Scripting/NetStandard/compat/2.1.0/shims/netstandard/System.ValueTuple.dll"
-r:"/Applications/Unity/Hub/Editor/6000.7.0a4/Unity.app/Contents/Resources/Scripting/NetStandard/compat/2.1.0/shims/netstandard/System.Xml.ReaderWriter.dll"
-r:"/Applications/Unity/Hub/Editor/6000.7.0a4/Unity.app/Contents/Resources/Scripting/NetStandard/compat/2.1.0/shims/netstandard/System.Xml.XDocument.dll"
-r:"/Applications/Unity/Hub/Editor/6000.7.0a4/Unity.app/Contents/Resources/Scripting/NetStandard/compat/2.1.0/shims/netstandard/System.Xml.XPath.XDocument.dll"
-r:"/Applications/Unity/Hub/Editor/6000.7.0a4/Unity.app/Contents/Resources/Scripting/NetStandard/compat/2.1.0/shims/netstandard/System.Xml.XPath.dll"
-r:"/Applications/Unity/Hub/Editor/6000.7.0a4/Unity.app/Contents/Resources/Scripting/NetStandard/compat/2.1.0/shims/netstandard/System.Xml.XmlDocument.dll"
-r:"/Applications/Unity/Hub/Editor/6000.7.0a4/Unity.app/Contents/Resources/Scripting/NetStandard/compat/2.1.0/shims/netstandard/System.Xml.XmlSerializer.dll"
-r:"/Applications/Unity/Hub/Editor/6000.7.0a4/Unity.app/Contents/Resources/Scripting/NetStandard/ref/2.1.0/netstandard.dll"
-r:"Library/PackageCache/com.unity.collections@642e35c36221/Unity.Collections.LowLevel.ILSupport/Unity.Collections.LowLevel.ILSupport.dll"
-r:"Library/PackageCache/com.unity.ext.nunit@f6178be85c6e/net472/unity-custom/nunit.framework.dll"
-r:"Library/PackageCache/com.unity.nuget.mono-cecil@ecb9724e46ff/Mono.Cecil.dll"
-r:"Library/PackageCache/com.unity.visualscripting@4edfcc09512f/Runtime/VisualScripting.Flow/Dependencies/NCalc/Unity.VisualScripting.Antlr3.Runtime.dll"
-r:"Library/Bee/artifacts/200b0aE.dag/PsdPlugin.ref.dll"
-r:"Library/Bee/artifacts/200b0aE.dag/Unity.2D.Animation.Editor.ref.dll"
-r:"Library/Bee/artifacts/200b0aE.dag/Unity.2D.Animation.Profiler.Editor.ref.dll"
-r:"Library/Bee/artifacts/200b0aE.dag/Unity.2D.Animation.Profiler.ref.dll"
-r:"Library/Bee/artifacts/200b0aE.dag/Unity.2D.Animation.Runtime.ref.dll"
-r:"Library/Bee/artifacts/200b0aE.dag/Unity.2D.Aseprite.Common.ref.dll"
-r:"Library/Bee/artifacts/200b0aE.dag/Unity.2D.Aseprite.Editor.ref.dll"
-r:"Library/Bee/artifacts/200b0aE.dag/Unity.2D.Common.Editor.ref.dll"
-r:"Library/Bee/artifacts/200b0aE.dag/Unity.2D.Common.Path.Editor.ref.dll"
-r:"Library/Bee/artifacts/200b0aE.dag/Unity.2D.Common.Runtime.ref.dll"
-r:"Library/Bee/artifacts/200b0aE.dag/Unity.2D.IK.Editor.ref.dll"
-r:"Library/Bee/artifacts/200b0aE.dag/Unity.2D.IK.Runtime.ref.dll"
-r:"Library/Bee/artifacts/200b0aE.dag/Unity.2D.Psdimporter.Editor.ref.dll"
-r:"Library/Bee/artifacts/200b0aE.dag/Unity.2D.Sprite.Editor.ref.dll"
-r:"Library/Bee/artifacts/200b0aE.dag/Unity.2D.SpriteShape.Editor.ref.dll"
-r:"Library/Bee/artifacts/200b0aE.dag/Unity.2D.SpriteShape.Runtime.ref.dll"
-r:"Library/Bee/artifacts/200b0aE.dag/Unity.2D.Tilemap.Editor.ref.dll"
-r:"Library/Bee/artifacts/200b0aE.dag/Unity.2D.Tilemap.Extras.Editor.ref.dll"
-r:"Library/Bee/artifacts/200b0aE.dag/Unity.2D.Tilemap.Extras.ref.dll"
-r:"Library/Bee/artifacts/200b0aE.dag/Unity.2D.Tooling.Editor.ref.dll"
-r:"Library/Bee/artifacts/200b0aE.dag/Unity.2D.Welcome.ref.dll"
-r:"Library/Bee/artifacts/200b0aE.dag/Unity.Burst.ref.dll"
-r:"Library/Bee/artifacts/200b0aE.dag/Unity.Collections.Editor.ref.dll"
-r:"Library/Bee/artifacts/200b0aE.dag/Unity.Collections.ref.dll"
-r:"Library/Bee/artifacts/200b0aE.dag/Unity.EditorCoroutines.Editor.ref.dll"
-r:"Library/Bee/artifacts/200b0aE.dag/Unity.GraphAuthoring.Editor.ref.dll"
-r:"Library/Bee/artifacts/200b0aE.dag/Unity.InputSystem.ForUI.ref.dll"
-r:"Library/Bee/artifacts/200b0aE.dag/Unity.InputSystem.ref.dll"
-r:"Library/Bee/artifacts/200b0aE.dag/Unity.InternalAPIEditorBridge.001.ref.dll"
-r:"Library/Bee/artifacts/200b0aE.dag/Unity.InternalAPIEditorBridge.007.ref.dll"
-r:"Library/Bee/artifacts/200b0aE.dag/Unity.InternalAPIEditorBridge.ShaderGraph.Editor.ref.dll"
-r:"Library/Bee/artifacts/200b0aE.dag/Unity.InternalAPIEngineBridge.001.ref.dll"
-r:"Library/Bee/artifacts/200b0aE.dag/Unity.InternalAPIEngineBridge.004.ref.dll"
-r:"Library/Bee/artifacts/200b0aE.dag/Unity.InternalAPIEngineBridge.007.ref.dll"
-r:"Library/Bee/artifacts/200b0aE.dag/Unity.InternalAPIEngineBridge.ObjectDispatcher.Runtime.ref.dll"
-r:"Library/Bee/artifacts/200b0aE.dag/Unity.InternalAPIEngineBridge.RenderPipelines.Core.Editor.ref.dll"
-r:"Library/Bee/artifacts/200b0aE.dag/Unity.InternalAPIEngineBridge.RenderPipelines.Core.Runtime.Shared.ref.dll"
-r:"Library/Bee/artifacts/200b0aE.dag/Unity.Mathematics.ref.dll"
-r:"Library/Bee/artifacts/200b0aE.dag/Unity.PathTracing.Editor.ref.dll"
-r:"Library/Bee/artifacts/200b0aE.dag/Unity.PathTracing.Runtime.ref.dll"
-r:"Library/Bee/artifacts/200b0aE.dag/Unity.PlasticSCM.Editor.ref.dll"
-r:"Library/Bee/artifacts/200b0aE.dag/Unity.Profiling.Core.ref.dll"
-r:"Library/Bee/artifacts/200b0aE.dag/Unity.Rendering.LightTransport.Editor.ref.dll"
-r:"Library/Bee/artifacts/200b0aE.dag/Unity.RenderPipeline.Universal.ShaderLibrary.ref.dll"
-r:"Library/Bee/artifacts/200b0aE.dag/Unity.RenderPipelines.Core.Editor.ref.dll"
-r:"Library/Bee/artifacts/200b0aE.dag/Unity.RenderPipelines.Core.Editor.Shared.ref.dll"
-r:"Library/Bee/artifacts/200b0aE.dag/Unity.RenderPipelines.Core.Runtime.ref.dll"
-r:"Library/Bee/artifacts/200b0aE.dag/Unity.RenderPipelines.Core.Runtime.Shared.ref.dll"
-r:"Library/Bee/artifacts/200b0aE.dag/Unity.RenderPipelines.Core.ShaderLibrary.ref.dll"
-r:"Library/Bee/artifacts/200b0aE.dag/Unity.RenderPipelines.GPUDriven.Runtime.ref.dll"
-r:"Library/Bee/artifacts/200b0aE.dag/Unity.RenderPipelines.ShaderGraph.ShaderGraphLibrary.ref.dll"
-r:"Library/Bee/artifacts/200b0aE.dag/Unity.RenderPipelines.Universal.2D.Editor.Overrides.ref.dll"
-r:"Library/Bee/artifacts/200b0aE.dag/Unity.RenderPipelines.Universal.2D.Runtime.ref.dll"
-r:"Library/Bee/artifacts/200b0aE.dag/Unity.RenderPipelines.Universal.Config.Runtime.ref.dll"
-r:"Library/Bee/artifacts/200b0aE.dag/Unity.RenderPipelines.Universal.Editor.ref.dll"
-r:"Library/Bee/artifacts/200b0aE.dag/Unity.RenderPipelines.Universal.Runtime.ref.dll"
-r:"Library/Bee/artifacts/200b0aE.dag/Unity.RenderPipelines.Universal.Shaders.ref.dll"
-r:"Library/Bee/artifacts/200b0aE.dag/Unity.Rider.Editor.ref.dll"
-r:"Library/Bee/artifacts/200b0aE.dag/Unity.Searcher.Editor.ref.dll"
-r:"Library/Bee/artifacts/200b0aE.dag/Unity.Settings.Editor.ref.dll"
-r:"Library/Bee/artifacts/200b0aE.dag/Unity.ShaderGraph.Editor.ref.dll"
-r:"Library/Bee/artifacts/200b0aE.dag/Unity.SurfaceCache.Runtime.ref.dll"
-r:"Library/Bee/artifacts/200b0aE.dag/Unity.TextMeshPro.Editor.ref.dll"
-r:"Library/Bee/artifacts/200b0aE.dag/Unity.TextMeshPro.ref.dll"
-r:"Library/Bee/artifacts/200b0aE.dag/Unity.Timeline.Editor.ref.dll"
-r:"Library/Bee/artifacts/200b0aE.dag/Unity.Timeline.ref.dll"
-r:"Library/Bee/artifacts/200b0aE.dag/Unity.Tutorials.Editor.ref.dll"
-r:"Library/Bee/artifacts/200b0aE.dag/Unity.Tutorials.ref.dll"
-r:"Library/Bee/artifacts/200b0aE.dag/Unity.UnifiedRayTracing.Runtime.ref.dll"
-r:"Library/Bee/artifacts/200b0aE.dag/Unity.VisualScripting.Core.Editor.ref.dll"
-r:"Library/Bee/artifacts/200b0aE.dag/Unity.VisualScripting.Core.ref.dll"
-r:"Library/Bee/artifacts/200b0aE.dag/Unity.VisualScripting.Flow.Editor.ref.dll"
-r:"Library/Bee/artifacts/200b0aE.dag/Unity.VisualScripting.Flow.ref.dll"
-r:"Library/Bee/artifacts/200b0aE.dag/Unity.VisualScripting.SettingsProvider.Editor.ref.dll"
-r:"Library/Bee/artifacts/200b0aE.dag/Unity.VisualScripting.Shared.Editor.ref.dll"
-r:"Library/Bee/artifacts/200b0aE.dag/Unity.VisualScripting.State.Editor.ref.dll"
-r:"Library/Bee/artifacts/200b0aE.dag/Unity.VisualScripting.State.ref.dll"
-r:"Library/Bee/artifacts/200b0aE.dag/Unity.VisualStudio.Editor.ref.dll"
-r:"Library/Bee/artifacts/200b0aE.dag/UnityEditor.UI.Analytics.ref.dll"
-r:"Library/Bee/artifacts/200b0aE.dag/UnityEditor.UI.ref.dll"
-r:"Library/Bee/artifacts/200b0aE.dag/UnityEngine.UI.ref.dll"
-analyzer:"/Applications/Unity/Hub/Editor/6000.7.0a4/Unity.app/Contents/Resources/BuildPipeline/Unity.Analyzers/Unity.Analyzers.Common.dll"
-analyzer:"/Applications/Unity/Hub/Editor/6000.7.0a4/Unity.app/Contents/Resources/BuildPipeline/Unity.Analyzers/Unity.Analyzers.LongLiving.dll"
-analyzer:"/Applications/Unity/Hub/Editor/6000.7.0a4/Unity.app/Contents/Resources/BuildPipeline/Unity.SourceGenerators/Unity.Properties.SourceGenerator.dll"
-analyzer:"/Applications/Unity/Hub/Editor/6000.7.0a4/Unity.app/Contents/Resources/BuildPipeline/Unity.SourceGenerators/Unity.SourceGenerators.dll"
-analyzer:"/Applications/Unity/Hub/Editor/6000.7.0a4/Unity.app/Contents/Resources/BuildPipeline/Unity.SourceGenerators/Unity.UIToolkit.SourceGenerator.dll"
-analyzer:"/Applications/Unity/Hub/Editor/6000.7.0a4/Unity.app/Contents/Resources/Scripting/BCLExtensions/TargetingPacks/netstandard2.1/analyzers/dotnet/roslyn4.4/cs/Microsoft.Extensions.Logging.Generators.dll"
-analyzer:"/Applications/Unity/Hub/Editor/6000.7.0a4/Unity.app/Contents/Resources/Scripting/BCLExtensions/TargetingPacks/netstandard2.1/analyzers/dotnet/roslyn4.4/cs/System.Text.Json.SourceGeneration.dll"
"Assets/Scripts/Categories.cs"
"Assets/Scripts/Category.cs"
"Assets/Scripts/CategoryReader.cs"
"Assets/Scripts/Controllers/AnswerController.cs"
"Assets/Scripts/Controllers/QuestionController.cs"
"Assets/Scripts/Controllers/RemoveQuestionController.cs"
"Assets/Scripts/Input.cs"
"Assets/Scripts/JSONReader.cs"
-langversion:9.0
/unsafe+
/deterministic
/optimize+
/debug:portable
/nologo
/RuntimeMetadataVersion:v4.0.30319
/nowarn:0169
/nowarn:0649
/nowarn:0282
/nowarn:1701
/nowarn:1702
/utf8output
/preferreduilang:en-US
/additionalfile:"Library/Bee/artifacts/200b0aE.dag/Assembly-CSharp.UnityAdditionalFile.txt"
##### Custom Environment Variables
DOTNET_HOST_PATH=/Applications/Unity/Hub/Editor/6000.7.0a4/Unity.app/Contents/Resources/Scripting/DotNetSdk/dotnet
DOTNET_MULTILEVEL_LOOKUP=0
DOTNET_ROOT=/Applications/Unity/Hub/Editor/6000.7.0a4/Unity.app/Contents/Resources/Scripting/DotNetSdk
##### ExitCode
1
##### Output
Assets/Scripts/Input.cs(23,26): error CS1001: Identifier expected
Assets/Scripts/Input.cs(23,26): error CS1002: ; expected
*** Tundra build failed (0.41 seconds), 3 items updated, 1105 evaluated
Total cache size 181821536
Total cache size after purge 181821536, took 00:00:00.0428954
[ScriptCompilation] Requested script compilation because: AssetDatabase observed changes in script compilation related files
[Licensing::Client] Successfully resolved entitlement details
Starting: /Applications/Unity/Hub/Editor/6000.7.0a4/Unity.app/Contents/Resources/BuildPipeline/bee_backend --ipc --defer-dag-verification --dagfile="Library/Bee/200b0aE.dag" --continue-on-failure --profile="Library/Bee/backend1.traceevents" ScriptAssemblies
WorkingDir: /Users/isaac/UnityProjects/GameShowNight
ExitCode: 0 Duration: 0s719ms
[ 827/1105  0s] ILPP-Configuration Library/ilpp-configuration.nevergeneratedoutput
[1101/1105  0s] Csc Library/Bee/artifacts/200b0aE.dag/Assembly-CSharp.dll (+2 others)
[1102/1105  0s] ILPostProcess Library/Bee/artifacts/200b0aE.dag/post-processed/Assembly-CSharp.dll (+pdb)
Processing assembly Library/Bee/artifacts/200b0aE.dag/Assembly-CSharp.dll, with 145 defines and 371 references
processors: Unity.Jobs.CodeGen.JobsILPostProcessor, zzzUnity.Burst.CodeGen.BurstILPostProcessor
1 processor(s) skipped this assembly
running Unity.Jobs.CodeGen.JobsILPostProcessor
[1103/1105  0s] CopyFiles Library/ScriptAssemblies/Assembly-CSharp.pdb
[1104/1105  0s] CopyFiles Library/ScriptAssemblies/Assembly-CSharp.dll
*** Tundra build success (0.64 seconds), 5 items updated, 1105 evaluated
2026-09-13 09:56:29.170 Unity[60376:1602523] NSEventModifierFlagFunction specified to -setKeyEquivalentModifierMask: for item <NSMenuItem: 0x8dc08fd40 SDF, ke='Command-F12'>, but is only supported for system-provided menu items; will not be used
2026-09-13 09:56:29.172 Unity[60376:1602523] NSEventModifierFlagFunction specified to -setKeyEquivalentModifierMask: for item <NSMenuItem: 0x8dc08e800 SDF, ke='Command-F12'>, but is only supported for system-provided menu items; will not be used
2026-09-13 09:56:29.175 Unity[60376:1602523] NSEventModifierFlagFunction specified to -setKeyEquivalentModifierMask: for item <NSMenuItem: 0x8dc05bc00 SDF, ke='Command-F12'>, but is only supported for system-provided menu items; will not be used
2026-09-13 09:56:29.177 Unity[60376:1602523] NSEventModifierFlagFunction specified to -setKeyEquivalentModifierMask: for item <NSMenuItem: 0x8dc08c820 SDF, ke='Command-F12'>, but is only supported for system-provided menu items; will not be used
2026-09-13 09:56:29.179 Unity[60376:1602523] NSEventModifierFlagFunction specified to -setKeyEquivalentModifierMask: for item <NSMenuItem: 0x8d2176760 SDF, ke='Command-F12'>, but is only supported for system-provided menu items; will not be used
2026-09-13 09:56:29.181 Unity[60376:1602523] NSEventModifierFlagFunction specified to -setKeyEquivalentModifierMask: for item <NSMenuItem: 0x8dc08dc20 SDF, ke='Command-F12'>, but is only supported for system-provided menu items; will not be used
Reloading assemblies after forced synchronous recompile.
Begin MonoManager ReloadAssembly
Total cache size 181821536
Total cache size after purge 181821536, took 00:00:00.1842865
Thread 0x42865f000 may have been prematurely finalized
Refreshing native plugins compatible for Editor in 2.09 ms, found 3 plugins.
[MODES] ModeService[none].Initialize
[MODES] ModeService[none].LoadModes
Native extension for OSXStandalone target not found
2026-09-13 09:56:30.223 Unity[60376:1602523] NSEventModifierFlagFunction specified to -setKeyEquivalentModifierMask: for item <NSMenuItem: 0x8d28a4140 SDF, ke='Command-F12'>, but is only supported for system-provided menu items; will not be used
ScheduleIndexationOnStartup MainProcess:True IndexOnStartup:True
Scripting: successfully reloaded assembly
- Finished resetting the current domain, in  0.958 seconds
Domain Reload Profiling: 1606ms
	BeginReloadAssembly (420ms)
		DisableScriptedObjects (63ms)
		CreateAndSetChildDomain (191ms)
	RebuildCommonClasses (4ms)
	RebuildNativeTypeToScriptingClass (6ms)
	initialDomainReloadingComplete (25ms)
	LoadAllAssembliesAndSetupDomain (192ms)
		LoadAssemblies (89ms)
		TypeCache.Refresh (7ms)
		AnalyzeDomain (79ms)
			BuildScriptInfoCaches (75ms)
			ResolveRequiredComponents (3ms)
	FinalizeReload (958ms)
		SetupLoadedEditorAssemblies (0ms)
			BeforeProcessingInitializeOnLoad (59ms)
			ProcessInitializeOnLoadAttributes (152ms)
			ProcessInitializeOnLoadMethodAttributes (34ms)
		AwakeInstancesAfterBackupRestoration (419ms)
Refreshing native plugins compatible for Editor in 3.04 ms, found 3 plugins.

Asset Pipeline Refresh (id=18752d23f3b1e4ddd9f253ce73168322): Total: 3.568 seconds - Initiated by RefreshV2(AllowForceSynchronousImport)
	(Values over 0.05ms)
	Summary:
		Imports: total=0 (actual=0, local cache=0, cache server=0)
		Asset DB Process Time: managed=0 ms, native=1461 ms
		Asset DB Callback time: managed=25 ms, native=16 ms
		Scripting: domain reloads=1, domain reload time=695 ms, compile time=4 ms, other=0 ms
		Project Asset Count: scripts=1598, non-scripts=3295
		Asset File Changes: new=0, changed=2, moved=0, deleted=0
		Scan Filter Count: 1
	InvokePackagesCallback: 0.488ms
	ApplyChangesToAssetFolders: 0.152ms
	Scan: 262.847ms
	Collect global state as custom dependencies: 4.898ms
	ProcessAssetsWithTransientArtifactChanges: 2.311ms
	CategorizeAssets: 41.447ms
	CompileScripts: 3.641ms
	ImportOutOfDateAssets: 967.741ms (966.199ms without children)
		CollectScriptTypesHashes: 1.472ms
		ReloadNativeAssets: 0.643ms
		UnloadImportedAssets: 0.122ms
		EnsureUptoDateAssetsAreRegisteredWithGuidPM: 0.426ms
		ImportSchedulerStart: 0.332ms
	PostProcessAllAssets: 25.348ms
		XRBuildSystem.XRAssetImported 0.116ms
		MonoPostProcessAllAssets: 24.994ms
			SyncVS.PostprocessSyncProject 3.465ms
			UniversalRenderPipelineGlobalSettingsPostprocessor.OnPostprocessAllAssets 3.357ms
			BuilderAssetPostprocessor.OnPostprocessAllAssets 2.796ms
			AssetChangedListener.OnPostprocessAllAssets 1.877ms
			AssetPostprocessor.OnPostprocessAllAssets 1.602ms
			SpriteSlicePostprocessor.OnPostprocessAllAssets 1.025ms
			WindowAssetPostprocessingWatcher.OnPostprocessAllAssets 0.667ms
			ShaderGraphAssetPostProcessor.OnPostprocessAllAssets 0.634ms
			EditModeScopePostprocessor.OnPostprocessAllAssets 0.572ms
			RetainedModeAssetPostprocessor.OnPostprocessAllAssets 0.435ms
			MaterialPostprocessor.OnPostprocessAllAssets 0.339ms
			SpeedTree9Postprocessor.OnPostprocessAllAssets 0.334ms
			SpriteShapeAssetPostProcessor.OnPostprocessAllAssets 0.288ms
			RenderPipelineGlobalSettingsPostprocessor.OnPostprocessAllAssets 0.266ms
			ArtifactBrowserPostProcessor.OnPostprocessAllAssets 0.248ms
			SpriteEditorTexturePostprocessor.OnPostprocessAllAssets 0.241ms
			TMPro_TexturePostProcessor.OnPostprocessAllAssets 0.206ms
			ShaderReflectionAssetPostProcessor.OnPostprocessAllAssets 0.185ms
			AudioMixerPostprocessor.OnPostprocessAllAssets 0.165ms
			InputActionAssetPostprocessor.OnPostprocessAllAssets 0.133ms
			UVCSAssetPostprocessor.OnPostprocessAllAssets 0.121ms
			PostProcessor.OnPostprocessAllAssets 0.121ms
			ReferencedClipsPostProcessor.OnPostprocessAllAssets 0.116ms
			TextAssetPostProcessor.OnPostprocessAllAssets 0.115ms
			InputActionJsonNameModifierAssetProcessor.OnPostprocessAllAssets 0.114ms
			AssetEvents.OnPostprocessAllAssets 0.091ms
			StyleCatalogPostProcessor.OnPostprocessAllAssets 0.083ms
			SpriteLibraryAssetPostprocessor.OnPostprocessAllAssets 0.065ms
			TerrainToolbarOverlayPostProcessor.OnPostprocessAllAssets 0.065ms
			ProjectSettingsPostprocessor.OnPostprocessAllAssets 0.063ms
			ThemePostprocessor.OnPostprocessAllAssets 0.063ms
			ConfigAssetsTracker.OnPostprocessAllAssets 0.062ms
			AudioContainerPostProcessor.OnPostprocessAllAssets 0.056ms
			SpeedTreePostProcessor.OnPostprocessAllAssets 0.055ms
			PSDImportPostProcessor.OnPostprocessAllAssets 0.051ms
			AssetDatabaseCallbacks.OnPostprocessAllAssets 0.051ms
	PostAssetChangesProfiler: 12.567ms
	PersistCurrentRevisions: 0.090ms
	GenerateScriptTypeHashes: 1.451ms
	GenerateScriptTypeSerializationHashes: 2.699ms
	Untracked: 725.675ms

[Licensing::Client] Successfully resolved entitlement details
[Licensing::Client] Successfully resolved entitlement details
[Licensing::Client] Successfully resolved entitlement details
SpriteAtlasPacking completed in 0.003202 sec
Entering Playmode with Reload Domain disabled.
If you experience any issues, please disable "Enter Play Mode Options" in Editor Settings
Loaded scene 'Temp/__Backupscenes/0.backup'
	Deserialize:            5.540 ms
	Integration:            228.100 ms
	Integration of assets:  0.012 ms
	Thread Wait Time:       0.004 ms
	Total Operation Time:   233.657 ms
Thread 0x455d03000 may have been prematurely finalized
Unloading 11 Unused Serialized files (Serialized files now loaded: 0)
Loaded scene 'Temp/__Backupscenes/0.backup'
	Deserialize:            2.596 ms
	Integration:            14.459 ms
	Integration of assets:  0.001 ms
	Thread Wait Time:       0.006 ms
	Total Operation Time:   17.063 ms
Unloading 54 unused Assets / (50.1 KB). Loaded Objects now: 10352.
Memory consumption went from 363.8 MB to 363.7 MB.
Total: 22.176791 ms (FindLiveObjects: 0.308791 ms CreateObjectMapping: 0.074084 ms MarkObjects: 20.649959 ms  DeleteObjects: 1.054541 ms)

[Licensing::Client] Successfully resolved entitlement details
Curl error 42: Callback aborted
Asset Pipeline Refresh (id=23b52989ed8224996b7833ede8884c1f): Total: 0.247 seconds - Initiated by RefreshV2(AllowForceSynchronousImport)
Asset Pipeline Refresh (id=8679fad7cd3a9475991f946d24ddd4de): Total: 0.131 seconds - Initiated by RefreshV2(AllowForceSynchronousImport)
[ScriptCompilation] Requested script compilation because: AssetDatabase observed changes in script compilation related files
[Licensing::Client] Successfully resolved entitlement details
Starting: /Applications/Unity/Hub/Editor/6000.7.0a4/Unity.app/Contents/Resources/BuildPipeline/bee_backend --ipc --defer-dag-verification --dagfile="Library/Bee/200b0aE.dag" --continue-on-failure --profile="Library/Bee/backend1.traceevents" ScriptAssemblies
WorkingDir: /Users/isaac/UnityProjects/GameShowNight
ExitCode: 0 Duration: 0s459ms
[ 827/1105  0s] ILPP-Configuration Library/ilpp-configuration.nevergeneratedoutput
[ 929/1105  0s] Csc Library/Bee/artifacts/200b0aE.dag/Assembly-CSharp.dll (+2 others)
[1102/1105  0s] ILPostProcess Library/Bee/artifacts/200b0aE.dag/post-processed/Assembly-CSharp.dll (+pdb)
Processing assembly Library/Bee/artifacts/200b0aE.dag/Assembly-CSharp.dll, with 145 defines and 371 references
processors: Unity.Jobs.CodeGen.JobsILPostProcessor, zzzUnity.Burst.CodeGen.BurstILPostProcessor
1 processor(s) skipped this assembly
running Unity.Jobs.CodeGen.JobsILPostProcessor
[1103/1105  0s] CopyFiles Library/ScriptAssemblies/Assembly-CSharp.dll
[1104/1105  0s] CopyFiles Library/ScriptAssemblies/Assembly-CSharp.pdb
*** Tundra build success (0.43 seconds), 5 items updated, 1105 evaluated
Reloading assemblies after forced synchronous recompile.
Total cache size 181821536
2026-09-13 10:03:26.723 Unity[60376:1602523] NSEventModifierFlagFunction specified to -setKeyEquivalentModifierMask: for item <NSMenuItem: 0x8e13e7160 SDF, ke='Command-F12'>, but is only supported for system-provided menu items; will not be used
2026-09-13 10:03:26.726 Unity[60376:1602523] NSEventModifierFlagFunction specified to -setKeyEquivalentModifierMask: for item <NSMenuItem: 0x8dc094a00 SDF, ke='Command-F12'>, but is only supported for system-provided menu items; will not be used
2026-09-13 10:03:26.732 Unity[60376:1602523] NSEventModifierFlagFunction specified to -setKeyEquivalentModifierMask: for item <NSMenuItem: 0x8e1be7e80 SDF, ke='Command-F12'>, but is only supported for system-provided menu items; will not be used
2026-09-13 10:03:26.734 Unity[60376:1602523] NSEventModifierFlagFunction specified to -setKeyEquivalentModifierMask: for item <NSMenuItem: 0x8d2175400 SDF, ke='Command-F12'>, but is only supported for system-provided menu items; will not be used
2026-09-13 10:03:26.736 Unity[60376:1602523] NSEventModifierFlagFunction specified to -setKeyEquivalentModifierMask: for item <NSMenuItem: 0x8dc08e3a0 SDF, ke='Command-F12'>, but is only supported for system-provided menu items; will not be used
2026-09-13 10:03:26.738 Unity[60376:1602523] NSEventModifierFlagFunction specified to -setKeyEquivalentModifierMask: for item <NSMenuItem: 0x8e13e68a0 SDF, ke='Command-F12'>, but is only supported for system-provided menu items; will not be used
Thread 0x42865f000 may have been prematurely finalized
Total cache size after purge 181821536, took 00:00:00.1415029
Begin MonoManager ReloadAssembly
[MODES] ModeService[none].Initialize
[MODES] ModeService[none].LoadModes
Native extension for OSXStandalone target not found
2026-09-13 10:03:27.739 Unity[60376:1602523] NSEventModifierFlagFunction specified to -setKeyEquivalentModifierMask: for item <NSMenuItem: 0x8d22bdf40 SDF, ke='Command-F12'>, but is only supported for system-provided menu items; will not be used
ScheduleIndexationOnStartup MainProcess:True IndexOnStartup:True
Scripting: successfully reloaded assembly
- Finished resetting the current domain, in  0.931 seconds
Domain Reload Profiling: 1541ms
	BeginReloadAssembly (371ms)
		DisableScriptedObjects (38ms)
		CreateAndSetChildDomain (181ms)
	RebuildCommonClasses (4ms)
	RebuildNativeTypeToScriptingClass (7ms)
	initialDomainReloadingComplete (23ms)
	LoadAllAssembliesAndSetupDomain (205ms)
		LoadAssemblies (97ms)
		TypeCache.Refresh (7ms)
		AnalyzeDomain (84ms)
			BuildScriptInfoCaches (79ms)
			ResolveRequiredComponents (3ms)
	FinalizeReload (932ms)
		SetupLoadedEditorAssemblies (0ms)
			BeforeProcessingInitializeOnLoad (69ms)
			ProcessInitializeOnLoadAttributes (146ms)
			ProcessInitializeOnLoadMethodAttributes (33ms)
		AwakeInstancesAfterBackupRestoration (411ms)
Refreshing native plugins compatible for Editor in 2.42 ms, found 3 plugins.

Asset Pipeline Refresh (id=dcb113cdd45cf48b1b43da66f6d416e2): Total: 2.869 seconds - Initiated by RefreshV2(AllowForceSynchronousImport)
	(Values over 0.05ms)
	Summary:
		Imports: total=0 (actual=0, local cache=0, cache server=0)
		Asset DB Process Time: managed=0 ms, native=1425 ms
		Asset DB Callback time: managed=30 ms, native=14 ms
		Scripting: domain reloads=1, domain reload time=668 ms, compile time=1 ms, other=0 ms
		Project Asset Count: scripts=1598, non-scripts=3295
		Asset File Changes: new=0, changed=1, moved=0, deleted=0
		Scan Filter Count: 1
	InvokePackagesCallback: 0.460ms
	ApplyChangesToAssetFolders: 0.127ms
	Scan: 260.370ms
	Collect global state as custom dependencies: 2.808ms
	ProcessAssetsWithTransientArtifactChanges: 4.193ms
	CategorizeAssets: 37.740ms
	CompileScripts: 0.740ms
	ImportOutOfDateAssets: 937.152ms (935.850ms without children)
		CollectScriptTypesHashes: 4.924ms
		ReloadNativeAssets: 0.532ms
		UnloadImportedAssets: 0.103ms
		EnsureUptoDateAssetsAreRegisteredWithGuidPM: 0.371ms
		ImportSchedulerStart: 0.277ms
	PostProcessAllAssets: 29.464ms
		XRBuildSystem.XRAssetImported 0.080ms
		MonoPostProcessAllAssets: 29.186ms
			SyncVS.PostprocessSyncProject 4.683ms
			BuilderAssetPostprocessor.OnPostprocessAllAssets 3.938ms
			UniversalRenderPipelineGlobalSettingsPostprocessor.OnPostprocessAllAssets 3.517ms
			AssetChangedListener.OnPostprocessAllAssets 1.752ms
			AssetPostprocessor.OnPostprocessAllAssets 1.628ms
			SpriteSlicePostprocessor.OnPostprocessAllAssets 1.256ms
			ShaderGraphAssetPostProcessor.OnPostprocessAllAssets 1.142ms
			WindowAssetPostprocessingWatcher.OnPostprocessAllAssets 0.691ms
			EditModeScopePostprocessor.OnPostprocessAllAssets 0.592ms
			MaterialPostprocessor.OnPostprocessAllAssets 0.588ms
			RetainedModeAssetPostprocessor.OnPostprocessAllAssets 0.476ms
			SpriteShapeAssetPostProcessor.OnPostprocessAllAssets 0.429ms
			SpeedTree9Postprocessor.OnPostprocessAllAssets 0.382ms
			SpriteEditorTexturePostprocessor.OnPostprocessAllAssets 0.284ms
			RenderPipelineGlobalSettingsPostprocessor.OnPostprocessAllAssets 0.275ms
			ArtifactBrowserPostProcessor.OnPostprocessAllAssets 0.271ms
			InputActionAssetPostprocessor.OnPostprocessAllAssets 0.243ms
			TMPro_TexturePostProcessor.OnPostprocessAllAssets 0.207ms
			ShaderReflectionAssetPostProcessor.OnPostprocessAllAssets 0.206ms
			InputActionJsonNameModifierAssetProcessor.OnPostprocessAllAssets 0.198ms
			AudioMixerPostprocessor.OnPostprocessAllAssets 0.175ms
			UVCSAssetPostprocessor.OnPostprocessAllAssets 0.142ms
			TextAssetPostProcessor.OnPostprocessAllAssets 0.127ms
			ReferencedClipsPostProcessor.OnPostprocessAllAssets 0.121ms
			ThemePostprocessor.OnPostprocessAllAssets 0.116ms
			ProjectSettingsPostprocessor.OnPostprocessAllAssets 0.103ms
			AssetEvents.OnPostprocessAllAssets 0.094ms
			PostProcessor.OnPostprocessAllAssets 0.086ms
			StyleCatalogPostProcessor.OnPostprocessAllAssets 0.082ms
			SpriteLibraryAssetPostprocessor.OnPostprocessAllAssets 0.072ms
			SpeedTreePostProcessor.OnPostprocessAllAssets 0.067ms
			ConfigAssetsTracker.OnPostprocessAllAssets 0.067ms
			TerrainToolbarOverlayPostProcessor.OnPostprocessAllAssets 0.066ms
			AudioContainerPostProcessor.OnPostprocessAllAssets 0.055ms
			SamplePostprocessor.OnPostprocessAllAssets 0.051ms
	PostAssetChangesProfiler: 13.379ms
	PersistCurrentRevisions: 0.103ms
	GenerateScriptTypeHashes: 1.369ms
	GenerateScriptTypeSerializationHashes: 2.558ms
	Untracked: 704.620ms

[Licensing::Client] Successfully resolved entitlement details
[Licensing::Client] Successfully resolved entitlement details
[Licensing::Client] Successfully resolved entitlement details
Asset Pipeline Refresh (id=1f3eeaebb48964999bccb30132f1596d): Total: 0.116 seconds - Initiated by RefreshV2(AllowForceSynchronousImport)
[Worker0] Imported GUID: 36329c74e6b3449acb168e2918f9dac2 - Path: Assets/Scripts/Controllers/RemoveQuestionController.cs - Importer: PreviewImporter -> (Import Result ID: '426095f6b006aa62c73a86573c0654c1') in 0.011465375 seconds
SpriteAtlasPacking completed in 0.003419 sec
Entering Playmode with Reload Domain disabled.
If you experience any issues, please disable "Enter Play Mode Options" in Editor Settings
Loaded scene 'Temp/__Backupscenes/0.backup'
	Deserialize:            9.540 ms
	Integration:            241.646 ms
	Integration of assets:  0.014 ms
	Thread Wait Time:       0.004 ms
	Total Operation Time:   251.205 ms
Thread 0x459c73000 may have been prematurely finalized
Unloading 11 Unused Serialized files (Serialized files now loaded: 0)
Loaded scene 'Temp/__Backupscenes/0.backup'
	Deserialize:            2.388 ms
	Integration:            14.145 ms
	Integration of assets:  0.001 ms
	Thread Wait Time:       0.006 ms
	Total Operation Time:   16.540 ms
Unloading 63 unused Assets / (0.6 MB). Loaded Objects now: 10364.
Memory consumption went from 364.8 MB to 364.3 MB.
Total: 21.051709 ms (FindLiveObjects: 0.323084 ms CreateObjectMapping: 0.068125 ms MarkObjects: 19.589958 ms  DeleteObjects: 0.984125 ms)

[Licensing::Client] Successfully resolved entitlement details
Thread 0x43bdd3000 may have been prematurely finalized
SpriteAtlasPacking completed in 0.002373 sec
Entering Playmode with Reload Domain disabled.
If you experience any issues, please disable "Enter Play Mode Options" in Editor Settings
Loaded scene 'Temp/__Backupscenes/0.backup'
	Deserialize:            1.975 ms
	Integration:            23.409 ms
	Integration of assets:  0.012 ms
	Thread Wait Time:       0.004 ms
	Total Operation Time:   25.399 ms
Thread 0x45657b000 may have been prematurely finalized
Unloading 11 Unused Serialized files (Serialized files now loaded: 0)
Loaded scene 'Temp/__Backupscenes/0.backup'
	Deserialize:            2.101 ms
	Integration:            16.394 ms
	Integration of assets:  0.004 ms
	Thread Wait Time:       0.004 ms
	Total Operation Time:   18.502 ms
Unloading 12 unused Assets / (0.9 MB). Loaded Objects now: 10369.
Memory consumption went from 367.4 MB to 366.6 MB.
Total: 19.062125 ms (FindLiveObjects: 0.317583 ms CreateObjectMapping: 0.072208 ms MarkObjects: 18.545375 ms  DeleteObjects: 0.038334 ms)

Thread 0x429f0f000 may have been prematurely finalized
SpriteAtlasPacking completed in 0.002320 sec
Entering Playmode with Reload Domain disabled.
If you experience any issues, please disable "Enter Play Mode Options" in Editor Settings
Loaded scene 'Temp/__Backupscenes/0.backup'
	Deserialize:            1.603 ms
	Integration:            22.911 ms
	Integration of assets:  0.010 ms
	Thread Wait Time:       0.003 ms
	Total Operation Time:   24.528 ms
Thread 0x45657b000 may have been prematurely finalized
Unloading 11 Unused Serialized files (Serialized files now loaded: 0)
Loaded scene 'Temp/__Backupscenes/0.backup'
	Deserialize:            1.831 ms
	Integration:            16.479 ms
	Integration of assets:  0.001 ms
	Thread Wait Time:       0.003 ms
	Total Operation Time:   18.314 ms
Unloading 12 unused Assets / (0.9 MB). Loaded Objects now: 10374.
Memory consumption went from 367.9 MB to 367.1 MB.
Total: 21.874625 ms (FindLiveObjects: 0.327375 ms CreateObjectMapping: 0.075875 ms MarkObjects: 21.347958 ms  DeleteObjects: 0.037125 ms)

Thread 0x429f0f000 may have been prematurely finalized
SpriteAtlasPacking completed in 0.002240 sec
Entering Playmode with Reload Domain disabled.
If you experience any issues, please disable "Enter Play Mode Options" in Editor Settings
Loaded scene 'Temp/__Backupscenes/0.backup'
	Deserialize:            1.576 ms
	Integration:            23.503 ms
	Integration of assets:  0.011 ms
	Thread Wait Time:       0.007 ms
	Total Operation Time:   25.097 ms
[Licensing::Client] Successfully resolved entitlement details

Asset Pipeline Refresh (id=5dd2bb91f772a41268e7ba5f90a3b17b): Total: 0.431 seconds - Initiated by RefreshV2(NoUpdateAssetOptions)
	(Values over 0.05ms)
	Summary:
		Imports: total=0 (actual=0, local cache=0, cache server=0)
		Asset DB Process Time: managed=0 ms, native=430 ms
		Asset DB Callback time: managed=0 ms, native=0 ms
		Scripting: domain reloads=0, domain reload time=0 ms, compile time=0 ms, other=0 ms
		Project Asset Count: scripts=1598, non-scripts=3295
		Asset File Changes: new=0, changed=0, moved=0, deleted=0
		Scan Filter Count: 1
	ApplyChangesToAssetFolders: 0.725ms
	Scan: 404.539ms
	Collect global state as custom dependencies: 0.394ms
	ProcessAssetsWithTransientArtifactChanges: 0.253ms
	CategorizeAssets: 3.540ms
	ImportOutOfDateAssets: 1.347ms (0.179ms without children)
		ReloadNativeAssets: 0.075ms
		UnloadImportedAssets: 0.103ms
		EnsureUptoDateAssetsAreRegisteredWithGuidPM: 0.614ms
		ImportSchedulerStart: 0.373ms
	GatherAllCurrentPrimaryImportResultRevisions: 3.219ms
	UnloadStreamsBegin: 5.196ms
	PersistCurrentRevisions: 0.147ms
	Untracked: 10.319ms

Asset Pipeline Refresh (id=48c8adfcbe18144f2802d6b5c1008aba): Total: 0.152 seconds - Initiated by RefreshV2(NoUpdateAssetOptions)
Asset Pipeline Refresh (id=1277a49460e0444d8add568ffd15abdb): Total: 0.109 seconds - Initiated by RefreshV2(NoUpdateAssetOptions)
Asset Pipeline Refresh (id=2199941a750e040e58557efd16e78005): Total: 0.132 seconds - Initiated by RefreshV2(NoUpdateAssetOptions)
Scanning for USB devices : 0.232ms
Asset Pipeline Refresh (id=e70784ab2e1134f77b05931300fee416): Total: 0.164 seconds - Initiated by RefreshV2(NoUpdateAssetOptions)
Asset Pipeline Refresh (id=ce21cfe1aa04b4592b100ed73fa8fe74): Total: 0.105 seconds - Initiated by RefreshV2(NoUpdateAssetOptions)
Thread 0x456247000 may have been prematurely finalized
Unloading 0 Unused Serialized files (Serialized files now loaded: 0)
Loaded scene 'Temp/__Backupscenes/0.backup'
	Deserialize:            4.417 ms
	Integration:            58.865 ms
	Integration of assets:  0.002 ms
	Thread Wait Time:       0.003 ms
	Total Operation Time:   63.288 ms
Unloading 12 unused Assets / (8.5 KB). Loaded Objects now: 10379.
Memory consumption went from 367.9 MB to 367.9 MB.
Total: 52.752417 ms (FindLiveObjects: 0.362000 ms CreateObjectMapping: 0.144333 ms MarkObjects: 51.927375 ms  DeleteObjects: 0.223083 ms)

[Licensing::Client] Successfully resolved entitlement details
2026-09-13 11:25:29.385 Unity[60376:1602523] NSEventModifierFlagFunction specified to -setKeyEquivalentModifierMask: for item <NSMenuItem: 0x8d2320500 SDF, ke='Command-F12'>, but is only supported for system-provided menu items; will not be used
[Worker1] Imported GUID: 54b3c3c7b2f3340aabbc55a739e45d86 - Path: Assets/JSON/QuestionText.json - Importer: ScriptedImporter/UnityEditor.QuickSearchModule:UnityEditor.Search:ASIAI0B -> (Import Result ID: 'a2aa2148f8adff9f360b93162174e95b') in 0.078281458 seconds
[Worker0] Imported GUID: 0e0e3437e2d0e4c7c938a9bdd68df3a3 - Path: Assets/Scripts/Controllers/QuestionController.cs - Importer: ScriptedImporter/UnityEditor.QuickSearchModule:UnityEditor.Search:ASIAI0B -> (Import Result ID: '84eafc82b5ac34ba5a762696142f5535') in 0.103159917 seconds
[Worker1] Imported GUID: ca84b3dddcacf410b96a28a96effecdd - Path: Assets/Scripts/Controllers/AnswerController.cs - Importer: ScriptedImporter/UnityEditor.QuickSearchModule:UnityEditor.Search:ASIAI0B -> (Import Result ID: 'c5787b77256c7158668d75e19b26ea8a') in 0.030432917 seconds
[Worker1] Imported GUID: 134f4e2a0b3c94d41b6d7ecaef984b51 - Path: Assets/Prefab/CategoryTitle.prefab - Importer: ScriptedImporter/UnityEditor.QuickSearchModule:UnityEditor.Search:ASIAI0B -> (Import Result ID: '617c587a7784044fe3191437b8880520') in 0.078224958 seconds
[Worker0] Imported GUID: 6c1c4637db19f44e08ebf3215f799c72 - Path: Assets/Inputs/PlayerControls.inputactions - Importer: ScriptedImporter/UnityEditor.QuickSearchModule:UnityEditor.Search:ASIAI0B -> (Import Result ID: '453487cde2f6648ec4d59e07deb991fc') in 0.114380375 seconds
[Worker0] Imported GUID: 36329c74e6b3449acb168e2918f9dac2 - Path: Assets/Scripts/Controllers/RemoveQuestionController.cs - Importer: ScriptedImporter/UnityEditor.QuickSearchModule:UnityEditor.Search:ASIAI0B -> (Import Result ID: 'fa06181c5c6fbc622d7fc607d5c398ff') in 0.012582083 seconds
[Worker1] Imported GUID: 9b261ffa1c9034a35941ac557bc1c5de - Path: Assets/Prefab/CategoryCardOne.prefab - Importer: ScriptedImporter/UnityEditor.QuickSearchModule:UnityEditor.Search:ASIAI0B -> (Import Result ID: '8a8cec49f422eecdec1662a31621be84') in 0.041203584 seconds
[Worker0] Imported GUID: e02a493624edc416d80c6007e1a1a982 - Path: Assets/Scenes/Game.unity - Importer: ScriptedImporter/UnityEditor.QuickSearchModule:UnityEditor.Search:ASIAI0B -> (Import Result ID: '08dd3ee3500eda3e938069e5d7a797d6') in 0.0158215 seconds
[Worker1] Imported GUID: aa95a51e7a27b44738865a2546c266ab - Path: Assets/Scripts/Input.cs - Importer: ScriptedImporter/UnityEditor.QuickSearchModule:UnityEditor.Search:ASIAI0B -> (Import Result ID: 'c9f0eab00f434ff5a87298cda781bb53') in 0.011664625 seconds
Importing 'GUID: cfaef698b34c640d5a98acb8abe5a0a8 - Path: Assets/Images' with importer (DefaultImporter)
Imported 'GUID: cfaef698b34c640d5a98acb8abe5a0a8' -> (Import Result ID: '0ce4cd735cbfe4ca086c24a2bd0be295') in 0.003 seconds [static dependencies only]. Details - ImportResultOutputID=daf1e429e5e6af04baf1a2dfb637f967 DependenciesID=46744ea81a552c312f6967cf17793b9d StaticDependenciesID=f61034e61c4330cc5243ea6f2464786a 
Asset Pipeline Refresh (id=4b472e67e4f254fea976596217614126): Total: 0.046 seconds - Initiated by StopAssetImportingV2(NoUpdateAssetOptions)
[Worker1] Imported GUID: cfaef698b34c640d5a98acb8abe5a0a8 - Path: Assets/Images - Importer: PreviewImporter -> (Import Result ID: 'fe73eecbf1d1288f19310160ae29e69f') in 0.0094895 seconds
[Worker0] Imported GUID: cfaef698b34c640d5a98acb8abe5a0a8 - Path: Assets/Images - Importer: ScriptedImporter/UnityEditor.QuickSearchModule:UnityEditor.Search:ASIAI0B -> (Import Result ID: 'fcc82fa48a7bed1d27ba0475974dfb52') in 0.010770125 seconds
Importing 'GUID: da929110cc0fb4c8a898bd22eba187f5 - Path: Assets/Images/jeopardy.png' with importer (TextureImporter)
Imported 'GUID: da929110cc0fb4c8a898bd22eba187f5' -> (Import Result ID: '98b95d8acb59c78e2ba7fda45d4aa6bb') in 0.244 seconds [static and dynamic dependencies]. Details - ImportResultOutputID=a2ea52ed0f73f5a0bc5dcd51ae1fc0ef DependenciesID=3cb00fe86d07a1a10a0be220f5849289 StaticDependenciesID=f57ea3e25b611b77847ced5644ac3fee 

Asset Pipeline Refresh (id=ef49750bfac6f40cfb2650996f6f00cb): Total: 0.367 seconds - Initiated by RefreshV2(NoUpdateAssetOptions)
	(Values over 0.05ms)
	Summary:
		Imports: total=1 (actual=1, local cache=0, cache server=0)
		Asset DB Process Time: managed=9 ms, native=349 ms
		Asset DB Callback time: managed=4 ms, native=2 ms
		Scripting: domain reloads=0, domain reload time=0 ms, compile time=0 ms, other=0 ms
		Project Asset Count: scripts=1599, non-scripts=3296
		Asset File Changes: new=1, changed=1, moved=0, deleted=0
		Scan Filter Count: 1
	ApplyChangesToAssetFolders: 0.258ms
	Scan: 89.494ms
	Collect global state as custom dependencies: 0.107ms
	ProcessAssetsWithTransientArtifactChanges: 0.085ms
	CategorizeAssets: 15.075ms
	ImportOutOfDateAssets: 246.673ms (0.971ms without children)
		ImportManagerImport: 244.689ms (0.216ms without children)
		UnloadImportedAssets: 0.060ms
		EnsureUptoDateAssetsAreRegisteredWithGuidPM: 0.280ms
		InitializingProgressBar: 0.395ms
		ImportSchedulerStart: 0.247ms
	PostProcessAllAssets: 3.411ms
		XRBuildSystem.XRAssetImported 0.098ms
		MonoPostProcessAllAssets: 3.242ms
			SpriteSlicePostprocessor.OnPostprocessAllAssets 0.768ms
			SyncVS.PostprocessSyncProject 0.735ms
			ConfigAssetsTracker.OnPostprocessAllAssets 0.656ms
			TextAssetPostProcessor.OnPostprocessAllAssets 0.237ms
			ShaderGraphAssetPostProcessor.OnPostprocessAllAssets 0.201ms
			TMPro_TexturePostProcessor.OnPostprocessAllAssets 0.151ms
			SpriteShapeAssetPostProcessor.OnPostprocessAllAssets 0.059ms
	PostAssetChangesProfiler: 3.972ms
	GatherAllCurrentPrimaryImportResultRevisions: 0.675ms
	UnloadStreamsBegin: 2.779ms
	PersistCurrentRevisions: 0.113ms
	Untracked: 3.885ms

Asset Pipeline Refresh (id=7df09b5dd91b34f6d99960eb360e1dbc): Total: 0.094 seconds - Initiated by RefreshV2(AllowForceSynchronousImport)
[Worker0] Imported GUID: da929110cc0fb4c8a898bd22eba187f5 - Path: Assets/Images/jeopardy.png - Importer: ScriptedImporter/UnityEditor.QuickSearchModule:UnityEditor.Search:ASIAI0B -> (Import Result ID: '399a01b1c6e4759942d61b9909e36ef2') in 0.039591167 seconds
[Worker0] Imported GUID: da929110cc0fb4c8a898bd22eba187f5 - Path: Assets/Images/jeopardy.png - Importer: PreviewImporter -> (Import Result ID: 'afc469f15b8721d09386745f31efded4') in 0.070073875 seconds
[Licensing::Client] Successfully resolved entitlement details
Asset Pipeline Refresh (id=0f1d72c9682fb45a0bb928a041a580d3): Total: 0.099 seconds - Initiated by RefreshV2(AllowForceSynchronousImport)
2026-09-13 11:39:27.088 Unity[60376:1602523] NSEventModifierFlagFunction specified to -setKeyEquivalentModifierMask: for item <NSMenuItem: 0x8d2321220 SDF, ke='Command-F12'>, but is only supported for system-provided menu items; will not be used
Refreshing native plugins compatible for Editor in 4.49 ms, found 3 plugins.
Asset Pipeline Refresh (id=bcc9cd850f2144681a5f221deeb5b4fd): Total: 0.055 seconds - Initiated by StopAssetImportingV2(NoUpdateAssetOptions)
Asset Pipeline Refresh (id=5f30b244275fb48b7978b514c32dae90): Total: 0.137 seconds - Initiated by RefreshV2(ForceSynchronousImport)
Importing 'GUID: e1723f452f5f5425a80f3b10a1f5db3a - Path: Assets/Images/200.webp' with importer (DefaultImporter)
Imported 'GUID: e1723f452f5f5425a80f3b10a1f5db3a' -> (Import Result ID: 'f2ad9f03c9666595c7b65e654bd13635') in 0.615 seconds [static dependencies only]. Details - ImportResultOutputID=079a0fe40822a78c830098bff1456c43 DependenciesID=0d3f046e8b86b448585923b9f77bc43b StaticDependenciesID=4424fc3f3c6192e6e1c9b96c4ac9f4cb 
Importing 'GUID: 9771eb462e22140ad9d3b4600b547e9a - Path: Assets/Images/800.webp' with importer (DefaultImporter)
Imported 'GUID: 9771eb462e22140ad9d3b4600b547e9a' -> (Import Result ID: '6cdecdafa0f8d8fe4979032caa79d6aa') in 0.003 seconds [static dependencies only]. Details - ImportResultOutputID=6ef3f83ad671171da9b1e246c56c49f0 DependenciesID=a6953d57c08294789a7ee2e222a5da20 StaticDependenciesID=cacae954d11ef99b2f4ab28259b23814 
Importing 'GUID: 8afe8610b9db644efa77bca218d982ca - Path: Assets/Images/400.webp' with importer (DefaultImporter)
Imported 'GUID: 8afe8610b9db644efa77bca218d982ca' -> (Import Result ID: 'ff0d9eff3c65d8d5d5a84440af81a27a') in 0.001 seconds [static dependencies only]. Details - ImportResultOutputID=d13e93b6e2323e4e8bc16efbcafd6482 DependenciesID=002e88c66c483aa8c4f45d08401a3d08 StaticDependenciesID=eecae8566b88b9da501a9db74ef4e176 
Importing 'GUID: 4ccd054e989554c72bf6411d6ca5ef5c - Path: Assets/Images/1000.webp' with importer (DefaultImporter)
Imported 'GUID: 4ccd054e989554c72bf6411d6ca5ef5c' -> (Import Result ID: 'cb04e12d891b3ff62b3630a405b7d867') in 0.001 seconds [static dependencies only]. Details - ImportResultOutputID=bbc0fca8327c6defff4c454c8cbcd5d7 DependenciesID=d4e10709db43fbe074cc7b5c69c416c7 StaticDependenciesID=7def31921f88e81419aa445c67632cc8 
Importing 'GUID: 3db3ce2c0cc1f4805833e295d2c633e7 - Path: Assets/Images/600.webp' with importer (DefaultImporter)
Imported 'GUID: 3db3ce2c0cc1f4805833e295d2c633e7' -> (Import Result ID: '282df47bfa0322bbeb2b22060de30bff') in 0.001 seconds [static dependencies only]. Details - ImportResultOutputID=5eea35920fed47242769cd56a04ffcef DependenciesID=777774d6a4fd23b9ab02303a943756d1 StaticDependenciesID=c695cc9e58f759aaaf325362b0c20299 
Refreshing native plugins compatible for Editor in 2.13 ms, found 3 plugins.

Asset Pipeline Refresh (id=2e222663b6f1d439b890fb12e96aaa04): Total: 0.739 seconds - Initiated by RefreshV2(NoUpdateAssetOptions)
	(Values over 0.05ms)
	Summary:
		Imports: total=5 (actual=5, local cache=0, cache server=0)
		Asset DB Process Time: managed=0 ms, native=731 ms
		Asset DB Callback time: managed=4 ms, native=2 ms
		Scripting: domain reloads=0, domain reload time=0 ms, compile time=0 ms, other=0 ms
		Project Asset Count: scripts=1599, non-scripts=3300
		Asset File Changes: new=5, changed=5, moved=0, deleted=0
		Scan Filter Count: 1
	ApplyChangesToAssetFolders: 0.159ms
	Scan: 88.343ms
	Collect global state as custom dependencies: 0.069ms
	CategorizeAssets: 12.858ms
	ImportOutOfDateAssets: 627.718ms (0.180ms without children)
		ImportManagerImport: 626.410ms (0.314ms without children)
		UnloadImportedAssets: 0.054ms
		EnsureUptoDateAssetsAreRegisteredWithGuidPM: 0.306ms
		InitializingProgressBar: 0.565ms
		ImportSchedulerStart: 0.176ms
	PostProcessAllAssets: 2.826ms
		XRBuildSystem.XRAssetImported 0.140ms
		MonoPostProcessAllAssets: 2.480ms
			SyncVS.PostprocessSyncProject 0.783ms
			ConfigAssetsTracker.OnPostprocessAllAssets 0.492ms
			AssetChangedListener.OnPostprocessAllAssets 0.363ms
			ShaderGraphAssetPostProcessor.OnPostprocessAllAssets 0.147ms
			SpriteEditorTexturePostprocessor.OnPostprocessAllAssets 0.128ms
			SpriteShapeAssetPostProcessor.OnPostprocessAllAssets 0.076ms
			AssetPostprocessor.OnPostprocessAllAssets 0.075ms
	PostAssetChangesProfiler: 4.294ms
	GatherAllCurrentPrimaryImportResultRevisions: 0.203ms
	PersistCurrentRevisions: 0.200ms
	Untracked: 2.314ms

[Worker1] Imported GUID: 8afe8610b9db644efa77bca218d982ca - Path: Assets/Images/400.webp - Importer: ScriptedImporter/UnityEditor.QuickSearchModule:UnityEditor.Search:ASIAI0B -> (Import Result ID: '6db85968bbe2ce8a7dc4ff8e54fe4e53') in 0.030801417 seconds
[Worker0] Imported GUID: 4ccd054e989554c72bf6411d6ca5ef5c - Path: Assets/Images/1000.webp - Importer: ScriptedImporter/UnityEditor.QuickSearchModule:UnityEditor.Search:ASIAI0B -> (Import Result ID: '77a19779678b711707987ec3b66e8266') in 0.031153209 seconds
[Worker1] Imported GUID: 9771eb462e22140ad9d3b4600b547e9a - Path: Assets/Images/800.webp - Importer: ScriptedImporter/UnityEditor.QuickSearchModule:UnityEditor.Search:ASIAI0B -> (Import Result ID: '97f0a92417e3ff0592715e1a9cb96547') in 0.013906916 seconds
[Worker0] Imported GUID: 3db3ce2c0cc1f4805833e295d2c633e7 - Path: Assets/Images/600.webp - Importer: ScriptedImporter/UnityEditor.QuickSearchModule:UnityEditor.Search:ASIAI0B -> (Import Result ID: '6b453af94a180f11eabb862d13f66523') in 0.013058875 seconds
[Worker1] Imported GUID: e1723f452f5f5425a80f3b10a1f5db3a - Path: Assets/Images/200.webp - Importer: ScriptedImporter/UnityEditor.QuickSearchModule:UnityEditor.Search:ASIAI0B -> (Import Result ID: '228c84925633f406e8d993dfb6a293ce') in 0.010720084 seconds
Asset Pipeline Refresh (id=5c2891b034b2b4d218d1c05a698e15df): Total: 0.090 seconds - Initiated by RefreshV2(AllowForceSynchronousImport)
[Worker0] Imported GUID: e1723f452f5f5425a80f3b10a1f5db3a - Path: Assets/Images/200.webp - Importer: PreviewImporter -> (Import Result ID: 'abd60fc6a39cc84929f8b639049b27d4') in 0.010959333 seconds
[Worker0] Imported GUID: 8afe8610b9db644efa77bca218d982ca - Path: Assets/Images/400.webp - Importer: PreviewImporter -> (Import Result ID: '2722093bbe2bb25771c416d8a49563e8') in 0.009646875 seconds
Asset Pipeline Refresh (id=15227e98efc5c49ca95f01bdb391029c): Total: 0.087 seconds - Initiated by RefreshV2(AllowForceSynchronousImport)
[Worker0] Imported GUID: 4ccd054e989554c72bf6411d6ca5ef5c - Path: Assets/Images/1000.webp - Importer: PreviewImporter -> (Import Result ID: '6dcc61a019a4f47d220e123939ef6fe5') in 0.010064125 seconds
2026-09-13 11:40:02.458 Unity[60376:1602523] NSEventModifierFlagFunction specified to -setKeyEquivalentModifierMask: for item <NSMenuItem: 0x8e1af1c20 SDF, ke='Command-F12'>, but is only supported for system-provided menu items; will not be used
Refreshing native plugins compatible for Editor in 2.35 ms, found 3 plugins.
Asset Pipeline Refresh (id=5e0593eb870584be6845e52c0bf80999): Total: 0.045 seconds - Initiated by StopAssetImportingV2(NoUpdateAssetOptions)
Asset Pipeline Refresh (id=8c349f712d417442d8d11d2688be1eca): Total: 0.140 seconds - Initiated by RefreshV2(ForceSynchronousImport)
Importing 'GUID: ad65cb39db9364e16bbe0b59bda5e5b4 - Path: Assets/JSON/git.ignore.json' with importer (TextScriptImporter)
Imported 'GUID: ad65cb39db9364e16bbe0b59bda5e5b4' -> (Import Result ID: 'f72dc191fdc5dcbe32a29818ff6dc232') in 0.002 seconds [static dependencies only]. Details - ImportResultOutputID=0b4811610f4046860d31c4833a821d03 DependenciesID=d5bea733e05d839253c82de2e6186745 StaticDependenciesID=53e3914cce8140c43c070bd87a8e06d5 
Refreshing native plugins compatible for Editor in 3.98 ms, found 3 plugins.
Asset Pipeline Refresh (id=d93d23ed9b6f940aaa470e8e7d44ce89): Total: 0.176 seconds - Initiated by RefreshV2(AllowForceSynchronousImport)
[Worker0] Imported GUID: ad65cb39db9364e16bbe0b59bda5e5b4 - Path: Assets/JSON/git.ignore.json - Importer: ScriptedImporter/UnityEditor.QuickSearchModule:UnityEditor.Search:ASIAI0B -> (Import Result ID: '627bbffa6b0d927c6089a9e8728e6c66') in 0.011856375 seconds
Asset Pipeline Refresh (id=28f9b22b8dcc94e11af76bd8cf3205db): Total: 0.087 seconds - Initiated by RefreshV2(AllowForceSynchronousImport)
Importing 'GUID: 028a4d631087a46968efe313af5869ac - Path: Assets/Images/800.png' with importer (TextureImporter)
Imported 'GUID: 028a4d631087a46968efe313af5869ac' -> (Import Result ID: 'b4268611197e98034a849676f7d12c36') in 0.010 seconds [static and dynamic dependencies]. Details - ImportResultOutputID=978983ab55c0a0f0f5e03945b29e0cb3 DependenciesID=1b6938573017cc092e4e09a2cd332d12 StaticDependenciesID=e89a00b01aa4c95c54eecd6ff38f1a84 
Importing 'GUID: a4199067dbc0e45f3ad448e2196ea529 - Path: Assets/Images/400.png' with importer (TextureImporter)
Imported 'GUID: a4199067dbc0e45f3ad448e2196ea529' -> (Import Result ID: '0c975cf76ab011a6fa2e5dbe556bb7ca') in 0.009 seconds [static and dynamic dependencies]. Details - ImportResultOutputID=4f8954d864324b54a565f79de3f416af DependenciesID=9463950e37cac417f0145de65b3588a2 StaticDependenciesID=0e79333a2c066d0cd4e960c4ba30e7d7 
Importing 'GUID: bc9c4a813061d48ba9654ec94bbd1931 - Path: Assets/Images/600.png' with importer (TextureImporter)
Imported 'GUID: bc9c4a813061d48ba9654ec94bbd1931' -> (Import Result ID: '2cc03cc9d826b19185a0196c71b6b3ba') in 0.008 seconds [static and dynamic dependencies]. Details - ImportResultOutputID=fbe3684fd5c9f6e465edcc72dca3ec82 DependenciesID=743f36e6b7c35d2dd07f40b5142742a9 StaticDependenciesID=effc37b5887bb48126472b874f8cefd6 
Importing 'GUID: dc927e22c86544638bc5050a5ab72036 - Path: Assets/Images/1000.png' with importer (TextureImporter)
Imported 'GUID: dc927e22c86544638bc5050a5ab72036' -> (Import Result ID: 'a57f67906eb8f5587222007ee30202ea') in 0.008 seconds [static and dynamic dependencies]. Details - ImportResultOutputID=c6153e44a0e3a491d5817f67044fac0d DependenciesID=00b35952ccfa4718bfef072f135c47b6 StaticDependenciesID=603639de8086e7732f9c84059b358baf 
Importing 'GUID: ec75b70ab1215410781c126d8457e45c - Path: Assets/Images/200.png' with importer (TextureImporter)
Imported 'GUID: ec75b70ab1215410781c126d8457e45c' -> (Import Result ID: 'c6b447b1e50c20bedf8cd9727de1ec64') in 0.008 seconds [static and dynamic dependencies]. Details - ImportResultOutputID=4a581cdedbf3b557733281a6848407f6 DependenciesID=59fa96d84496dc075af4b621c41cc661 StaticDependenciesID=d111cbdaa3d25f83499e6486d311aa1d 
Asset Pipeline Refresh (id=5150a33659b90481cb0e92f982278ea4): Total: 0.143 seconds - Initiated by RefreshV2(NoUpdateAssetOptions)
[Worker0] Imported GUID: a4199067dbc0e45f3ad448e2196ea529 - Path: Assets/Images/400.png - Importer: ScriptedImporter/UnityEditor.QuickSearchModule:UnityEditor.Search:ASIAI0B -> (Import Result ID: 'e9c581d1c8e68729e8057abab1b9c3f0') in 0.0131315 seconds
[Worker0] Imported GUID: ec75b70ab1215410781c126d8457e45c - Path: Assets/Images/200.png - Importer: ScriptedImporter/UnityEditor.QuickSearchModule:UnityEditor.Search:ASIAI0B -> (Import Result ID: '37d3e7551713b8e81097d93e6167e6c3') in 0.016379875 seconds
[Worker0] Imported GUID: 028a4d631087a46968efe313af5869ac - Path: Assets/Images/800.png - Importer: ScriptedImporter/UnityEditor.QuickSearchModule:UnityEditor.Search:ASIAI0B -> (Import Result ID: '83e43a27ef3851fd21caa55341ef3fc3') in 0.012254416 seconds
[Worker1] Imported GUID: bc9c4a813061d48ba9654ec94bbd1931 - Path: Assets/Images/600.png - Importer: ScriptedImporter/UnityEditor.QuickSearchModule:UnityEditor.Search:ASIAI0B -> (Import Result ID: '89f24ab5f047e7fa8be2bffe7657d5a9') in 0.052756042 seconds
[Worker0] Imported GUID: dc927e22c86544638bc5050a5ab72036 - Path: Assets/Images/1000.png - Importer: ScriptedImporter/UnityEditor.QuickSearchModule:UnityEditor.Search:ASIAI0B -> (Import Result ID: 'b63580f605bc1970387b8ae33401f9c3') in 0.015917792 seconds
[Worker0] Imported GUID: ec75b70ab1215410781c126d8457e45c - Path: Assets/Images/200.png - Importer: PreviewImporter -> (Import Result ID: 'b0ce5a6d271fa991fd95cfe99208e3d0') in 0.018626666 seconds
Asset Pipeline Refresh (id=413bfae8d66984979bbaa1db4576261b): Total: 0.090 seconds - Initiated by RefreshV2(AllowForceSynchronousImport)
Importing 'GUID: ec75b70ab1215410781c126d8457e45c - Path: Assets/Images/200.png' with importer (TextureImporter)
Imported 'GUID: ec75b70ab1215410781c126d8457e45c' -> (Import Result ID: '47a850d3bba71ec6b995c474446f3a21') in 0.006 seconds [static and dynamic dependencies]. Details - ImportResultOutputID=a2152d1e799ebc7bdb720e574cb6ddb4 DependenciesID=53f13c803b22d59f0faf551030b647b1 StaticDependenciesID=b8dbdec01c2a00061bfbb5c984e05ed0 
Asset Pipeline Refresh (id=00993c62238564c2c8ebf06b3fc34e79): Total: 0.031 seconds - Initiated by StopAssetImportingV2(NoUpdateAssetOptions)
[Worker0] Imported GUID: ec75b70ab1215410781c126d8457e45c - Path: Assets/Images/200.png - Importer: PreviewImporter -> (Import Result ID: '726002eef31b5cb8a8ceb7211e015e6a') in 0.023817875 seconds
[Worker0] Imported GUID: ec75b70ab1215410781c126d8457e45c - Path: Assets/Images/200.png - Importer: ScriptedImporter/UnityEditor.QuickSearchModule:UnityEditor.Search:ASIAI0B -> (Import Result ID: '87797fc2b8192443c2332c34029a2bc7') in 0.012636916 seconds
[Worker0] Imported GUID: a4199067dbc0e45f3ad448e2196ea529 - Path: Assets/Images/400.png - Importer: PreviewImporter -> (Import Result ID: 'c3e19f70ad68cf5a0525038c253cf40f') in 0.026119417 seconds
Importing 'GUID: a4199067dbc0e45f3ad448e2196ea529 - Path: Assets/Images/400.png' with importer (TextureImporter)
Imported 'GUID: a4199067dbc0e45f3ad448e2196ea529' -> (Import Result ID: '7ab0af464911b735042e013b5892eadc') in 0.006 seconds [static and dynamic dependencies]. Details - ImportResultOutputID=d75bbd234fb7c0c7c565334874d79b5a DependenciesID=776aec648f99dcaa1a80a1db6f1355bb StaticDependenciesID=c7f6e9ed656cdfb50cb30145a963c24e 
Asset Pipeline Refresh (id=8b1b706b7575543fe8952d1b0ee67f2a): Total: 0.030 seconds - Initiated by StopAssetImportingV2(NoUpdateAssetOptions)
[Worker0] Imported GUID: a4199067dbc0e45f3ad448e2196ea529 - Path: Assets/Images/400.png - Importer: PreviewImporter -> (Import Result ID: '28d2618c8770128e0e7987a20009ab44') in 0.0209045 seconds
[Worker0] Imported GUID: a4199067dbc0e45f3ad448e2196ea529 - Path: Assets/Images/400.png - Importer: ScriptedImporter/UnityEditor.QuickSearchModule:UnityEditor.Search:ASIAI0B -> (Import Result ID: 'df0c596f9190bb83a3c69b58415d1a5f') in 0.011013333 seconds
[Worker0] Imported GUID: bc9c4a813061d48ba9654ec94bbd1931 - Path: Assets/Images/600.png - Importer: PreviewImporter -> (Import Result ID: 'a7d494f157d5749f76f59664670f8b91') in 0.013819583 seconds
Importing 'GUID: bc9c4a813061d48ba9654ec94bbd1931 - Path: Assets/Images/600.png' with importer (TextureImporter)
Imported 'GUID: bc9c4a813061d48ba9654ec94bbd1931' -> (Import Result ID: 'cb65bca9da6b8b21af0923414bd4a20b') in 0.006 seconds [static and dynamic dependencies]. Details - ImportResultOutputID=6120cd4bf2ad775b93172f4a5ab78df7 DependenciesID=942c2018e9e64dba4f29275311d7f4cc StaticDependenciesID=42bd9e073b939ee4737288a974f2564a 
Asset Pipeline Refresh (id=b6326af7e3e1c4580996f590bef1b219): Total: 0.030 seconds - Initiated by StopAssetImportingV2(NoUpdateAssetOptions)
[Worker0] Imported GUID: bc9c4a813061d48ba9654ec94bbd1931 - Path: Assets/Images/600.png - Importer: PreviewImporter -> (Import Result ID: 'b1d559da02da63df944440f6cd9d063a') in 0.018842 seconds
[Worker0] Imported GUID: bc9c4a813061d48ba9654ec94bbd1931 - Path: Assets/Images/600.png - Importer: ScriptedImporter/UnityEditor.QuickSearchModule:UnityEditor.Search:ASIAI0B -> (Import Result ID: '8e9120fd566c768cfce1819c4ede4f32') in 0.0114305 seconds
[Worker0] Imported GUID: 028a4d631087a46968efe313af5869ac - Path: Assets/Images/800.png - Importer: PreviewImporter -> (Import Result ID: 'f50160953d8badab810f7768a3a40cba') in 0.014324292 seconds
Importing 'GUID: 028a4d631087a46968efe313af5869ac - Path: Assets/Images/800.png' with importer (TextureImporter)
Imported 'GUID: 028a4d631087a46968efe313af5869ac' -> (Import Result ID: '38978cd52dcca23cd2c5f640a11c1474') in 0.006 seconds [static and dynamic dependencies]. Details - ImportResultOutputID=7b0223da62f5dddee3a7eb337fa88ee9 DependenciesID=91c592fb11319f515770b443288e8fc0 StaticDependenciesID=71fd462dfe777ac93d56105a932fb1fc 
Asset Pipeline Refresh (id=940a17488c25046db824c67cd58c3872): Total: 0.033 seconds - Initiated by StopAssetImportingV2(NoUpdateAssetOptions)
[Worker0] Imported GUID: 028a4d631087a46968efe313af5869ac - Path: Assets/Images/800.png - Importer: PreviewImporter -> (Import Result ID: '6179cc5d8a28c7288d17ccc6895835b6') in 0.01639675 seconds
[Worker0] Imported GUID: 028a4d631087a46968efe313af5869ac - Path: Assets/Images/800.png - Importer: ScriptedImporter/UnityEditor.QuickSearchModule:UnityEditor.Search:ASIAI0B -> (Import Result ID: '01fd097d3ffaf29bc91cf3811174f85b') in 0.011195542 seconds
[Worker0] Imported GUID: dc927e22c86544638bc5050a5ab72036 - Path: Assets/Images/1000.png - Importer: PreviewImporter -> (Import Result ID: 'f549131bc3cda787c546f0d429314aab') in 0.013732667 seconds
Importing 'GUID: dc927e22c86544638bc5050a5ab72036 - Path: Assets/Images/1000.png' with importer (TextureImporter)
Imported 'GUID: dc927e22c86544638bc5050a5ab72036' -> (Import Result ID: '67b8ee998cd137f1cb4a91bbf745b897') in 0.006 seconds [static and dynamic dependencies]. Details - ImportResultOutputID=af9a195c8738e05b16ac0226625534e1 DependenciesID=732ffd0041d551de01506f902e040cf6 StaticDependenciesID=f960f45225f3993805548c5aeb8828ac 
Asset Pipeline Refresh (id=6705de60976254bcaaf9c48eed72b4e2): Total: 0.030 seconds - Initiated by StopAssetImportingV2(NoUpdateAssetOptions)
[Worker0] Imported GUID: dc927e22c86544638bc5050a5ab72036 - Path: Assets/Images/1000.png - Importer: PreviewImporter -> (Import Result ID: 'ee2fb6ceaa4f6e40457a4e032ed4b92e') in 0.014981125 seconds
[Worker0] Imported GUID: dc927e22c86544638bc5050a5ab72036 - Path: Assets/Images/1000.png - Importer: ScriptedImporter/UnityEditor.QuickSearchModule:UnityEditor.Search:ASIAI0B -> (Import Result ID: 'adc7fcaab931a35fb623b66520c4a247') in 0.01122725 seconds
Project ID request failed, Reason: The requested URL returned error: 401 (401).
Unknown Unity Connect error (400). Please contact support at support@unity.com while processing request "https://services.unity.com/api/unity/legacy/v1/projects/b1e31746-d8d5-4dd1-b346-428c91bb6578", HTTP error code 401
.[Licensing::Client] Successfully resolved entitlement details
[Licensing::Client] Successfully updated the access token
[Licensing::Module] Successfully updated access token: "J4A3p4uS"... (expires: 2026-09-13T11:42:00Z)
[Licensing::Client] Successfully resolved entitlement details
[Licensing::Client] Successfully resolved entitlement details
UPID Received 'b1e31746-d8d5-4dd1-b346-428c91bb6578'.
Launching external process: /Applications/Unity/Hub/Editor/6000.7.0a4/Unity.app/Contents/Helpers/UnityShaderCompiler
Launching external process: /Applications/Unity/Hub/Editor/6000.7.0a4/Unity.app/Contents/Helpers/UnityShaderCompiler
Launched and connected shader compiler UnityShaderCompiler after 0.02 seconds
Launched and connected shader compiler UnityShaderCompiler after 0.01 seconds
2026-09-13 11:42:53.684 Unity[60376:1602523] NSEventModifierFlagFunction specified to -setKeyEquivalentModifierMask: for item <NSMenuItem: 0x8d22bfb60 SDF, ke='Command-F12'>, but is only supported for system-provided menu items; will not be used
Asset Pipeline Refresh (id=7854d12c4135d4fbea0c7391497f0d2e): Total: 0.203 seconds - Initiated by RefreshV2(AllowForceSynchronousImport)
2026-09-13 11:46:20.490 Unity[60376:1602523] NSEventModifierFlagFunction specified to -setKeyEquivalentModifierMask: for item <NSMenuItem: 0x8ddeb1720 SDF, ke='Command-F12'>, but is only supported for system-provided menu items; will not be used
2026-09-13 11:46:26.142 Unity[60376:1602523] NSEventModifierFlagFunction specified to -setKeyEquivalentModifierMask: for item <NSMenuItem: 0x8d22bf0c0 SDF, ke='Command-F12'>, but is only supported for system-provided menu items; will not be used
2026-09-13 11:46:29.701 Unity[60376:1602523] NSEventModifierFlagFunction specified to -setKeyEquivalentModifierMask: for item <NSMenuItem: 0x8ddeb17c0 SDF, ke='Command-F12'>, but is only supported for system-provided menu items; will not be used
2026-09-13 11:46:39.200 Unity[60376:1602523] NSEventModifierFlagFunction specified to -setKeyEquivalentModifierMask: for item <NSMenuItem: 0x8d22bf020 SDF, ke='Command-F12'>, but is only supported for system-provided menu items; will not be used
Importing 'GUID: 00000000000000009000000000000000 - Path: ProjectSettings/QualitySettings.asset' with importer (LibraryAssetImporter)
Imported 'GUID: 00000000000000009000000000000000' -> (Import Result ID: '403c6c1a416723476486c6c76ad86f7f') in 0.000 seconds [static dependencies only]. Details - ImportResultOutputID=43b4ee972f78e910f47a00fe3c96f65c DependenciesID=1aedbe56ae62f321fe459982db2fa012 StaticDependenciesID=e9a43e809c5953780a851aff477bfce8 
Refreshing native plugins compatible for Editor in 4.33 ms, found 3 plugins.
Asset Pipeline Refresh (id=3df9a86320d3e4be0b1f8d8bb5acba63): Total: 0.018 seconds - Initiated by StopAssetImportingV2(NoUpdateAssetOptions)
Importing 'GUID: e02a493624edc416d80c6007e1a1a982 - Path: Assets/Scenes/Game.unity' with importer (DefaultImporter)
Imported 'GUID: e02a493624edc416d80c6007e1a1a982' -> (Import Result ID: '80747ecd655738b155fd324033895f76') in 0.001 seconds [static dependencies only]. Details - ImportResultOutputID=5ad803259acf1f5c207413cc1e8a5511 DependenciesID=3701459b542455be20f14bb172f48581 StaticDependenciesID=0363b670c3cae3cb00715908995ab81b 
Asset Pipeline Refresh (id=f1f1b0caf0bfa4a70acf3c1c614e9903): Total: 0.023 seconds - Initiated by StopAssetImportingV2(NoUpdateAssetOptions)
[Worker0] Imported GUID: e02a493624edc416d80c6007e1a1a982 - Path: Assets/Scenes/Game.unity - Importer: ScriptedImporter/UnityEditor.QuickSearchModule:UnityEditor.Search:ASIAI0B -> (Import Result ID: 'afe0483a81ad032db54f723eeb090a7b') in 0.012648167 seconds
Scanning for USB devices : 0.055ms
Curl error 6: Could not resolve: cdp.cloud.unity3d.com:443
Curl error 6: Could not resolve host: cdp.cloud.unity3d.com
Curl error 6: Could not resolve host: cdp.cloud.unity3d.com
[Licensing::Client] Successfully resolved entitlement details
Scanning for USB devices : 0.363ms
Asset Pipeline Refresh (id=99b54a213952c4362b21e038d7e1c0ac): Total: 0.296 seconds - Initiated by RefreshV2(AllowForceSynchronousImport)
2026-09-13 12:41:37.284 Unity[60376:1602523] NSEventModifierFlagFunction specified to -setKeyEquivalentModifierMask: for item <NSMenuItem: 0x8ddeb1720 SDF, ke='Command-F12'>, but is only supported for system-provided menu items; will not be used
Thread 0x45505f000 may have been prematurely finalized
SpriteAtlasPacking completed in 0.004979 sec
Entering Playmode with Reload Domain disabled.
If you experience any issues, please disable "Enter Play Mode Options" in Editor Settings
Loaded scene 'Temp/__Backupscenes/0.backup'
	Deserialize:            18.598 ms
	Integration:            81.776 ms
	Integration of assets:  0.029 ms
	Thread Wait Time:       0.004 ms
	Total Operation Time:   100.407 ms
Thread 0x458917000 may have been prematurely finalized
Unloading 13 Unused Serialized files (Serialized files now loaded: 0)
Loaded scene 'Temp/__Backupscenes/0.backup'
	Deserialize:            1.786 ms
	Integration:            21.055 ms
	Integration of assets:  0.001 ms
	Thread Wait Time:       0.007 ms
	Total Operation Time:   22.849 ms
Unloading 202 unused Assets / (0.7 MB). Loaded Objects now: 10329.
Memory consumption went from 387.4 MB to 386.7 MB.
Total: 27.993166 ms (FindLiveObjects: 0.339708 ms CreateObjectMapping: 0.105375 ms MarkObjects: 27.020291 ms  DeleteObjects: 0.436708 ms)

[Licensing::Client] Successfully resolved entitlement details
Thread 0x458917000 may have been prematurely finalized
SpriteAtlasPacking completed in 0.002499 sec
Entering Playmode with Reload Domain disabled.
If you experience any issues, please disable "Enter Play Mode Options" in Editor Settings
Loaded scene 'Temp/__Backupscenes/0.backup'
	Deserialize:            8.355 ms
	Integration:            29.786 ms
	Integration of assets:  0.024 ms
	Thread Wait Time:       0.003 ms
	Total Operation Time:   38.168 ms
Thread 0x45af5b000 may have been prematurely finalized
Unloading 15 Unused Serialized files (Serialized files now loaded: 0)
Loaded scene 'Temp/__Backupscenes/0.backup'
	Deserialize:            2.050 ms
	Integration:            24.243 ms
	Integration of assets:  0.002 ms
	Thread Wait Time:       0.010 ms
	Total Operation Time:   26.304 ms
Unloading 11 unused Assets / (0.6 MB). Loaded Objects now: 10334.
Memory consumption went from 379.9 MB to 379.3 MB.
Total: 26.902375 ms (FindLiveObjects: 0.349208 ms CreateObjectMapping: 0.088833 ms MarkObjects: 26.328958 ms  DeleteObjects: 0.042875 ms)

Thread 0x45505f000 may have been prematurely finalized
SpriteAtlasPacking completed in 0.002452 sec
Entering Playmode with Reload Domain disabled.
If you experience any issues, please disable "Enter Play Mode Options" in Editor Settings
Loaded scene 'Temp/__Backupscenes/0.backup'
	Deserialize:            1.474 ms
	Integration:            24.820 ms
	Integration of assets:  0.021 ms
	Thread Wait Time:       0.006 ms
	Total Operation Time:   26.321 ms
Thread 0x45a8f7000 may have been prematurely finalized
Unloading 15 Unused Serialized files (Serialized files now loaded: 0)
Loaded scene 'Temp/__Backupscenes/0.backup'
	Deserialize:            2.280 ms
	Integration:            27.257 ms
	Integration of assets:  0.002 ms
	Thread Wait Time:       0.008 ms
	Total Operation Time:   29.547 ms
Unloading 11 unused Assets / (0.6 MB). Loaded Objects now: 10339.
Memory consumption went from 380.5 MB to 379.9 MB.
Total: 29.794958 ms (FindLiveObjects: 0.364083 ms CreateObjectMapping: 0.090417 ms MarkObjects: 29.209875 ms  DeleteObjects: 0.038000 ms)

Thread 0x451dd3000 may have been prematurely finalized
Asset Pipeline Refresh (id=a5efea8fae46d4e5fafd9639dcd09401): Total: 0.177 seconds - Initiated by RefreshV2(AllowForceSynchronousImport)
SpriteAtlasPacking completed in 0.002248 sec
Entering Playmode with Reload Domain disabled.
If you experience any issues, please disable "Enter Play Mode Options" in Editor Settings
Loaded scene 'Temp/__Backupscenes/0.backup'
	Deserialize:            2.454 ms
	Integration:            27.826 ms
	Integration of assets:  0.024 ms
	Thread Wait Time:       0.003 ms
	Total Operation Time:   30.307 ms
Thread 0x451dd3000 may have been prematurely finalized
Unloading 13 Unused Serialized files (Serialized files now loaded: 0)
Loaded scene 'Temp/__Backupscenes/0.backup'
	Deserialize:            1.669 ms
	Integration:            24.059 ms
	Integration of assets:  0.001 ms
	Thread Wait Time:       0.008 ms
	Total Operation Time:   25.736 ms
Unloading 11 unused Assets / (0.6 MB). Loaded Objects now: 10344.
Memory consumption went from 380.8 MB to 380.2 MB.
Total: 29.451250 ms (FindLiveObjects: 0.330959 ms CreateObjectMapping: 0.081084 ms MarkObjects: 28.906625 ms  DeleteObjects: 0.038709 ms)

Asset Pipeline Refresh (id=9a1035249f3da4861ac60f2602e56263): Total: 0.159 seconds - Initiated by RefreshV2(AllowForceSynchronousImport)
Thread 0x4543cb000 may have been prematurely finalized
SpriteAtlasPacking completed in 0.003508 sec
Entering Playmode with Reload Domain disabled.
If you experience any issues, please disable "Enter Play Mode Options" in Editor Settings
Loaded scene 'Temp/__Backupscenes/0.backup'
	Deserialize:            27.237 ms
	Integration:            73.866 ms
	Integration of assets:  0.032 ms
	Thread Wait Time:       0.001 ms
	Total Operation Time:   101.136 ms
Thread 0x45af5b000 may have been prematurely finalized
Unloading 13 Unused Serialized files (Serialized files now loaded: 0)
Loaded scene 'Temp/__Backupscenes/0.backup'
	Deserialize:            2.059 ms
	Integration:            26.313 ms
	Integration of assets:  0.001 ms
	Thread Wait Time:       0.008 ms
	Total Operation Time:   28.382 ms
Unloading 11 unused Assets / (0.6 MB). Loaded Objects now: 10349.
Memory consumption went from 380.7 MB to 380.2 MB.
Total: 37.416667 ms (FindLiveObjects: 0.331666 ms CreateObjectMapping: 0.075875 ms MarkObjects: 36.803417 ms  DeleteObjects: 0.112459 ms)

[Licensing::Client] Successfully resolved entitlement details
Thread 0x452a9b000 may have been prematurely finalized
SpriteAtlasPacking completed in 0.002419 sec
Entering Playmode with Reload Domain disabled.
If you experience any issues, please disable "Enter Play Mode Options" in Editor Settings
Loaded scene 'Temp/__Backupscenes/0.backup'
	Deserialize:            26.617 ms
	Integration:            27.826 ms
	Integration of assets:  0.030 ms
	Thread Wait Time:       0.000 ms
	Total Operation Time:   54.473 ms
Thread 0x45ae7b000 may have been prematurely finalized
Unloading 15 Unused Serialized files (Serialized files now loaded: 0)
Loaded scene 'Temp/__Backupscenes/0.backup'
	Deserialize:            1.554 ms
	Integration:            57.179 ms
	Integration of assets:  0.001 ms
	Thread Wait Time:       0.008 ms
	Total Operation Time:   58.741 ms
Unloading 11 unused Assets / (0.6 MB). Loaded Objects now: 10354.
Memory consumption went from 381.0 MB to 380.4 MB.
Total: 35.325625 ms (FindLiveObjects: 0.312584 ms CreateObjectMapping: 0.084750 ms MarkObjects: 34.793291 ms  DeleteObjects: 0.035958 ms)

[Licensing::Client] Successfully resolved entitlement details
Asset Pipeline Refresh (id=995cae2362f554fd4bd583731a1ac3f1): Total: 0.190 seconds - Initiated by RefreshV2(AllowForceSynchronousImport)
Asset Pipeline Refresh (id=c8e8d945e8e564f3a8a97b94555b7daf): Total: 0.093 seconds - Initiated by RefreshV2(AllowForceSynchronousImport)
Importing 'GUID: 19907ee9756a54021beb6a3b0434c158 - Path: Assets/Images/Blank.png' with importer (TextureImporter)
Imported 'GUID: 19907ee9756a54021beb6a3b0434c158' -> (Import Result ID: '73da7c845a6f1bb9d37fb1f5aa23a4e4') in 0.011 seconds [static and dynamic dependencies]. Details - ImportResultOutputID=f981a5a08e68793fe9f9853cd138b1db DependenciesID=9d647857780be1caf055ae052fc4d3d5 StaticDependenciesID=c652a0dbd3e315497e7eab23fd510e22 
Asset Pipeline Refresh (id=149a1e6b9d11241d093af03b76e94d95): Total: 0.129 seconds - Initiated by RefreshV2(NoUpdateAssetOptions)
[Worker0] Imported GUID: 19907ee9756a54021beb6a3b0434c158 - Path: Assets/Images/Blank.png - Importer: ScriptedImporter/UnityEditor.QuickSearchModule:UnityEditor.Search:ASIAI0B -> (Import Result ID: 'bc18fcdc2c83ddb873a17fad5d23870d') in 0.024038584 seconds
Asset Pipeline Refresh (id=33132551a868848b0aa05f9ed9abdb67): Total: 0.087 seconds - Initiated by RefreshV2(AllowForceSynchronousImport)
[Worker0] Imported GUID: 19907ee9756a54021beb6a3b0434c158 - Path: Assets/Images/Blank.png - Importer: PreviewImporter -> (Import Result ID: '5308c39ccb6a531bb8ad7ebee012bd23') in 0.03371575 seconds
Importing 'GUID: 19907ee9756a54021beb6a3b0434c158 - Path: Assets/Images/Blank.png' with importer (TextureImporter)
Imported 'GUID: 19907ee9756a54021beb6a3b0434c158' -> (Import Result ID: '6adf36dd38396c00fcf71e1a330b77bf') in 0.006 seconds [static and dynamic dependencies]. Details - ImportResultOutputID=6a25cc8646f48abb22bd98258b507c8f DependenciesID=86dd40e881af3b890f7d18d371fb67a7 StaticDependenciesID=cc5a23f177fdb665cbed3f2604f7350e 
Refreshing native plugins compatible for Editor in 2.06 ms, found 3 plugins.
Asset Pipeline Refresh (id=dc467b338d4ff45e6b069294d458fccc): Total: 0.039 seconds - Initiated by StopAssetImportingV2(NoUpdateAssetOptions)
[Worker0] Imported GUID: 19907ee9756a54021beb6a3b0434c158 - Path: Assets/Images/Blank.png - Importer: PreviewImporter -> (Import Result ID: '3adbdbd852c45e95ea68e0483f8adbfa') in 0.022381292 seconds
[Worker0] Imported GUID: 19907ee9756a54021beb6a3b0434c158 - Path: Assets/Images/Blank.png - Importer: ScriptedImporter/UnityEditor.QuickSearchModule:UnityEditor.Search:ASIAI0B -> (Import Result ID: '807e7dfd4878ee4e187a0639be03bec8') in 0.012417291 seconds
2026-09-13 12:59:14.021 Unity[60376:1602523] NSEventModifierFlagFunction specified to -setKeyEquivalentModifierMask: for item <NSMenuItem: 0x8d22bff20 SDF, ke='Command-F12'>, but is only supported for system-provided menu items; will not be used
Asset Pipeline Refresh (id=cb79e7d5a00a84c1e84acd75501d5aca): Total: 0.185 seconds - Initiated by RefreshV2(AllowForceSynchronousImport)
[ScriptCompilation] Requested script compilation because: AssetDatabase observed changes in script compilation related files
[Licensing::Client] Successfully resolved entitlement details
Starting: /Applications/Unity/Hub/Editor/6000.7.0a4/Unity.app/Contents/Resources/BuildPipeline/bee_backend --ipc --defer-dag-verification --dagfile="Library/Bee/200b0aE.dag" --continue-on-failure --profile="Library/Bee/backend1.traceevents" ScriptAssemblies
WorkingDir: /Users/isaac/UnityProjects/GameShowNight
ExitCode: 0 Duration: 1s356ms
[ 827/1105  0s] ILPP-Configuration Library/ilpp-configuration.nevergeneratedoutput
[1101/1105  1s] Csc Library/Bee/artifacts/200b0aE.dag/Assembly-CSharp.dll (+2 others)
[1102/1105  0s] ILPostProcess Library/Bee/artifacts/200b0aE.dag/post-processed/Assembly-CSharp.dll (+pdb)
Processing assembly Library/Bee/artifacts/200b0aE.dag/Assembly-CSharp.dll, with 145 defines and 371 references
processors: Unity.Jobs.CodeGen.JobsILPostProcessor, zzzUnity.Burst.CodeGen.BurstILPostProcessor
1 processor(s) skipped this assembly
running Unity.Jobs.CodeGen.JobsILPostProcessor
[1103/1105  0s] CopyFiles Library/ScriptAssemblies/Assembly-CSharp.dll
[1104/1105  0s] CopyFiles Library/ScriptAssemblies/Assembly-CSharp.pdb
*** Tundra build success (1.32 seconds), 5 items updated, 1105 evaluated
Reloading assemblies after forced synchronous recompile.
2026-09-13 13:07:47.491 Unity[60376:1602523] NSEventModifierFlagFunction specified to -setKeyEquivalentModifierMask: for item <NSMenuItem: 0x8ddeb0280 SDF, ke='Command-F12'>, but is only supported for system-provided menu items; will not be used
2026-09-13 13:07:47.493 Unity[60376:1602523] NSEventModifierFlagFunction specified to -setKeyEquivalentModifierMask: for item <NSMenuItem: 0x8d22bde00 SDF, ke='Command-F12'>, but is only supported for system-provided menu items; will not be used
2026-09-13 13:07:47.497 Unity[60376:1602523] NSEventModifierFlagFunction specified to -setKeyEquivalentModifierMask: for item <NSMenuItem: 0x8dc0ac000 SDF, ke='Command-F12'>, but is only supported for system-provided menu items; will not be used
2026-09-13 13:07:47.499 Unity[60376:1602523] NSEventModifierFlagFunction specified to -setKeyEquivalentModifierMask: for item <NSMenuItem: 0x8d20ec960 SDF, ke='Command-F12'>, but is only supported for system-provided menu items; will not be used
2026-09-13 13:07:47.502 Unity[60376:1602523] NSEventModifierFlagFunction specified to -setKeyEquivalentModifierMask: for item <NSMenuItem: 0x8d2a172a0 SDF, ke='Command-F12'>, but is only supported for system-provided menu items; will not be used
2026-09-13 13:07:47.505 Unity[60376:1602523] NSEventModifierFlagFunction specified to -setKeyEquivalentModifierMask: for item <NSMenuItem: 0x8d2a17020 SDF, ke='Command-F12'>, but is only supported for system-provided menu items; will not be used
Begin MonoManager ReloadAssembly
Total cache size 181821536
Total cache size after purge 181821536, took 00:00:00.2470682
Thread 0x452a9b000 may have been prematurely finalized
Refreshing native plugins compatible for Editor in 2.23 ms, found 3 plugins.
[MODES] ModeService[none].Initialize
[MODES] ModeService[none].LoadModes
2026-09-13 13:07:48.653 Unity[60376:1602523] NSEventModifierFlagFunction specified to -setKeyEquivalentModifierMask: for item <NSMenuItem: 0x8e55f2080 SDF, ke='Command-F12'>, but is only supported for system-provided menu items; will not be used
Native extension for OSXStandalone target not found
ScheduleIndexationOnStartup MainProcess:True IndexOnStartup:True
Scripting: successfully reloaded assembly
- Finished resetting the current domain, in  1.198 seconds
Domain Reload Profiling: 1921ms
	BeginReloadAssembly (474ms)
		DisableScriptedObjects (54ms)
		CreateAndSetChildDomain (224ms)
	RebuildCommonClasses (4ms)
	RebuildNativeTypeToScriptingClass (7ms)
	initialDomainReloadingComplete (32ms)
	LoadAllAssembliesAndSetupDomain (205ms)
		LoadAssemblies (98ms)
		TypeCache.Refresh (8ms)
		AnalyzeDomain (87ms)
			BuildScriptInfoCaches (82ms)
			ResolveRequiredComponents (3ms)
	FinalizeReload (1199ms)
		SetupLoadedEditorAssemblies (0ms)
			BeforeProcessingInitializeOnLoad (72ms)
			ProcessInitializeOnLoadAttributes (172ms)
			ProcessInitializeOnLoadMethodAttributes (37ms)
		AwakeInstancesAfterBackupRestoration (479ms)

Asset Pipeline Refresh (id=e6a75c701559c40e7bfbd1b2049d8848): Total: 4.214 seconds - Initiated by RefreshV2(AllowForceSynchronousImport)
	(Values over 0.05ms)
	Summary:
		Imports: total=0 (actual=0, local cache=0, cache server=0)
		Asset DB Process Time: managed=0 ms, native=1728 ms
		Asset DB Callback time: managed=27 ms, native=13 ms
		Scripting: domain reloads=1, domain reload time=768 ms, compile time=1 ms, other=0 ms
		Project Asset Count: scripts=1599, non-scripts=3302
		Asset File Changes: new=0, changed=1, moved=0, deleted=0
		Scan Filter Count: 1
	InvokePackagesCallback: 0.524ms
	ApplyChangesToAssetFolders: 0.184ms
	Scan: 286.964ms
	Collect global state as custom dependencies: 4.695ms
	ProcessAssetsWithTransientArtifactChanges: 2.626ms
	CategorizeAssets: 49.271ms
	CompileScripts: 1.107ms
	ImportOutOfDateAssets: 1204.630ms (1202.972ms without children)
		CollectScriptTypesHashes: 0.988ms
		ReloadNativeAssets: 0.676ms
		UnloadImportedAssets: 0.196ms
		EnsureUptoDateAssetsAreRegisteredWithGuidPM: 0.423ms
		ImportSchedulerStart: 0.345ms
	PostProcessAllAssets: 27.859ms
		XRBuildSystem.XRAssetImported 0.100ms
		MonoPostProcessAllAssets: 27.490ms
			UniversalRenderPipelineGlobalSettingsPostprocessor.OnPostprocessAllAssets 4.565ms
			SyncVS.PostprocessSyncProject 3.272ms
			BuilderAssetPostprocessor.OnPostprocessAllAssets 3.272ms
			AssetChangedListener.OnPostprocessAllAssets 2.009ms
			AssetPostprocessor.OnPostprocessAllAssets 1.620ms
			SpriteSlicePostprocessor.OnPostprocessAllAssets 0.898ms
			WindowAssetPostprocessingWatcher.OnPostprocessAllAssets 0.779ms
			EditModeScopePostprocessor.OnPostprocessAllAssets 0.652ms
			ShaderGraphAssetPostProcessor.OnPostprocessAllAssets 0.590ms
			RetainedModeAssetPostprocessor.OnPostprocessAllAssets 0.492ms
			SpeedTree9Postprocessor.OnPostprocessAllAssets 0.367ms
			MaterialPostprocessor.OnPostprocessAllAssets 0.306ms
			ArtifactBrowserPostProcessor.OnPostprocessAllAssets 0.286ms
			SpriteEditorTexturePostprocessor.OnPostprocessAllAssets 0.277ms
			RenderPipelineGlobalSettingsPostprocessor.OnPostprocessAllAssets 0.275ms
			TMPro_TexturePostProcessor.OnPostprocessAllAssets 0.232ms
			SpriteShapeAssetPostProcessor.OnPostprocessAllAssets 0.224ms
			ShaderReflectionAssetPostProcessor.OnPostprocessAllAssets 0.219ms
			AudioMixerPostprocessor.OnPostprocessAllAssets 0.170ms
			UVCSAssetPostprocessor.OnPostprocessAllAssets 0.147ms
			TextAssetPostProcessor.OnPostprocessAllAssets 0.144ms
			PostProcessor.OnPostprocessAllAssets 0.136ms
			InputActionAssetPostprocessor.OnPostprocessAllAssets 0.135ms
			ReferencedClipsPostProcessor.OnPostprocessAllAssets 0.125ms
			InputActionJsonNameModifierAssetProcessor.OnPostprocessAllAssets 0.099ms
			AssetEvents.OnPostprocessAllAssets 0.089ms
			StyleCatalogPostProcessor.OnPostprocessAllAssets 0.082ms
			TerrainToolbarOverlayPostProcessor.OnPostprocessAllAssets 0.081ms
			SpriteLibraryAssetPostprocessor.OnPostprocessAllAssets 0.077ms
			ConfigAssetsTracker.OnPostprocessAllAssets 0.072ms
			AudioContainerPostProcessor.OnPostprocessAllAssets 0.069ms
			SpeedTreePostProcessor.OnPostprocessAllAssets 0.062ms
			ProjectSettingsPostprocessor.OnPostprocessAllAssets 0.060ms
			ThemePostprocessor.OnPostprocessAllAssets 0.052ms
	PostAssetChangesProfiler: 12.161ms
	PersistCurrentRevisions: 0.092ms
	GenerateScriptTypeHashes: 1.878ms
	GenerateScriptTypeSerializationHashes: 3.472ms
	Untracked: 799.541ms

[Licensing::Client] Successfully resolved entitlement details
[Licensing::Client] Successfully resolved entitlement details
[Licensing::Client] Successfully resolved entitlement details
[ScriptCompilation] Requested script compilation because: AssetDatabase observed changes in script compilation related files
[Licensing::Client] Successfully resolved entitlement details
Starting: /Applications/Unity/Hub/Editor/6000.7.0a4/Unity.app/Contents/Resources/BuildPipeline/bee_backend --ipc --defer-dag-verification --dagfile="Library/Bee/200b0aE.dag" --continue-on-failure --profile="Library/Bee/backend1.traceevents" ScriptAssemblies
WorkingDir: /Users/isaac/UnityProjects/GameShowNight
ExitCode: 0 Duration: 0s517ms
[ 827/1105  0s] ILPP-Configuration Library/ilpp-configuration.nevergeneratedoutput
[1101/1105  0s] Csc Library/Bee/artifacts/200b0aE.dag/Assembly-CSharp.dll (+2 others)
[1102/1105  0s] ILPostProcess Library/Bee/artifacts/200b0aE.dag/post-processed/Assembly-CSharp.dll (+pdb)
Processing assembly Library/Bee/artifacts/200b0aE.dag/Assembly-CSharp.dll, with 145 defines and 371 references
processors: Unity.Jobs.CodeGen.JobsILPostProcessor, zzzUnity.Burst.CodeGen.BurstILPostProcessor
1 processor(s) skipped this assembly
running Unity.Jobs.CodeGen.JobsILPostProcessor
[1103/1105  0s] CopyFiles Library/ScriptAssemblies/Assembly-CSharp.dll
[1104/1105  0s] CopyFiles Library/ScriptAssemblies/Assembly-CSharp.pdb
*** Tundra build success (0.48 seconds), 5 items updated, 1105 evaluated
Reloading assemblies after forced synchronous recompile.
2026-09-13 13:09:22.046 Unity[60376:1602523] NSEventModifierFlagFunction specified to -setKeyEquivalentModifierMask: for item <NSMenuItem: 0x8e1af2bc0 SDF, ke='Command-F12'>, but is only supported for system-provided menu items; will not be used
2026-09-13 13:09:22.049 Unity[60376:1602523] NSEventModifierFlagFunction specified to -setKeyEquivalentModifierMask: for item <NSMenuItem: 0x8dc09da40 SDF, ke='Command-F12'>, but is only supported for system-provided menu items; will not be used
2026-09-13 13:09:22.052 Unity[60376:1602523] NSEventModifierFlagFunction specified to -setKeyEquivalentModifierMask: for item <NSMenuItem: 0x8dc09c780 SDF, ke='Command-F12'>, but is only supported for system-provided menu items; will not be used
2026-09-13 13:09:22.054 Unity[60376:1602523] NSEventModifierFlagFunction specified to -setKeyEquivalentModifierMask: for item <NSMenuItem: 0x8d2a15ae0 SDF, ke='Command-F12'>, but is only supported for system-provided menu items; will not be used
2026-09-13 13:09:22.057 Unity[60376:1602523] NSEventModifierFlagFunction specified to -setKeyEquivalentModifierMask: for item <NSMenuItem: 0x8dc09cbe0 SDF, ke='Command-F12'>, but is only supported for system-provided menu items; will not be used
2026-09-13 13:09:22.059 Unity[60376:1602523] NSEventModifierFlagFunction specified to -setKeyEquivalentModifierMask: for item <NSMenuItem: 0x8ddf76bc0 SDF, ke='Command-F12'>, but is only supported for system-provided menu items; will not be used
Total cache size 181821536
Total cache size after purge 181821536, took 00:00:00.1757637
Begin MonoManager ReloadAssembly
Refreshing native plugins compatible for Editor in 5.79 ms, found 3 plugins.
[MODES] ModeService[none].Initialize
[MODES] ModeService[none].LoadModes
Native extension for OSXStandalone target not found
2026-09-13 13:09:23.231 Unity[60376:1602523] NSEventModifierFlagFunction specified to -setKeyEquivalentModifierMask: for item <NSMenuItem: 0x8e55e8a00 SDF, ke='Command-F12'>, but is only supported for system-provided menu items; will not be used
ScheduleIndexationOnStartup MainProcess:True IndexOnStartup:True
Scripting: successfully reloaded assembly
- Finished resetting the current domain, in  1.173 seconds
Domain Reload Profiling: 1903ms
	BeginReloadAssembly (458ms)
		DisableScriptedObjects (85ms)
		CreateAndSetChildDomain (180ms)
	RebuildCommonClasses (4ms)
	RebuildNativeTypeToScriptingClass (7ms)
	initialDomainReloadingComplete (36ms)
	LoadAllAssembliesAndSetupDomain (224ms)
		LoadAssemblies (96ms)
		TypeCache.Refresh (9ms)
		AnalyzeDomain (90ms)
			BuildScriptInfoCaches (85ms)
			ResolveRequiredComponents (3ms)
	FinalizeReload (1174ms)
		SetupLoadedEditorAssemblies (0ms)
			BeforeProcessingInitializeOnLoad (68ms)
			ProcessInitializeOnLoadAttributes (158ms)
			ProcessInitializeOnLoadMethodAttributes (35ms)
		AwakeInstancesAfterBackupRestoration (476ms)

Asset Pipeline Refresh (id=e78c31083603f43009345d6fe83a8c2b): Total: 3.365 seconds - Initiated by RefreshV2(AllowForceSynchronousImport)
	(Values over 0.05ms)
	Summary:
		Imports: total=0 (actual=0, local cache=0, cache server=0)
		Asset DB Process Time: managed=0 ms, native=1736 ms
		Asset DB Callback time: managed=29 ms, native=19 ms
		Scripting: domain reloads=1, domain reload time=788 ms, compile time=1 ms, other=0 ms
		Project Asset Count: scripts=1599, non-scripts=3302
		Asset File Changes: new=0, changed=1, moved=0, deleted=0
		Scan Filter Count: 1
	InvokePackagesCallback: 0.538ms
	ApplyChangesToAssetFolders: 0.176ms
	Scan: 281.879ms
	Collect global state as custom dependencies: 1.436ms
	ProcessAssetsWithTransientArtifactChanges: 2.835ms
	CategorizeAssets: 45.978ms
	CompileScripts: 0.807ms
	ImportOutOfDateAssets: 1183.462ms (1181.800ms without children)
		CollectScriptTypesHashes: 1.005ms
		ReloadNativeAssets: 0.664ms
		UnloadImportedAssets: 0.110ms
		EnsureUptoDateAssetsAreRegisteredWithGuidPM: 0.462ms
		ImportSchedulerStart: 0.409ms
	PostProcessAllAssets: 26.936ms
		XRBuildSystem.XRAssetImported 0.101ms
		MonoPostProcessAllAssets: 26.612ms
			UniversalRenderPipelineGlobalSettingsPostprocessor.OnPostprocessAllAssets 4.626ms
			SyncVS.PostprocessSyncProject 3.695ms
			BuilderAssetPostprocessor.OnPostprocessAllAssets 2.944ms
			AssetChangedListener.OnPostprocessAllAssets 1.836ms
			AssetPostprocessor.OnPostprocessAllAssets 1.683ms
			SpriteSlicePostprocessor.OnPostprocessAllAssets 0.831ms
			WindowAssetPostprocessingWatcher.OnPostprocessAllAssets 0.743ms
			EditModeScopePostprocessor.OnPostprocessAllAssets 0.677ms
			RetainedModeAssetPostprocessor.OnPostprocessAllAssets 0.481ms
			ShaderGraphAssetPostProcessor.OnPostprocessAllAssets 0.467ms
			ArtifactBrowserPostProcessor.OnPostprocessAllAssets 0.348ms
			SpeedTree9Postprocessor.OnPostprocessAllAssets 0.314ms
			MaterialPostprocessor.OnPostprocessAllAssets 0.290ms
			RenderPipelineGlobalSettingsPostprocessor.OnPostprocessAllAssets 0.268ms
			TMPro_TexturePostProcessor.OnPostprocessAllAssets 0.240ms
			SpriteEditorTexturePostprocessor.OnPostprocessAllAssets 0.235ms
			ShaderReflectionAssetPostProcessor.OnPostprocessAllAssets 0.230ms
			SpriteShapeAssetPostProcessor.OnPostprocessAllAssets 0.205ms
			AudioMixerPostprocessor.OnPostprocessAllAssets 0.173ms
			UVCSAssetPostprocessor.OnPostprocessAllAssets 0.137ms
			InputActionAssetPostprocessor.OnPostprocessAllAssets 0.127ms
			ReferencedClipsPostProcessor.OnPostprocessAllAssets 0.123ms
			TextAssetPostProcessor.OnPostprocessAllAssets 0.120ms
			PostProcessor.OnPostprocessAllAssets 0.115ms
			StyleCatalogPostProcessor.OnPostprocessAllAssets 0.102ms
			InputActionJsonNameModifierAssetProcessor.OnPostprocessAllAssets 0.101ms
			AssetEvents.OnPostprocessAllAssets 0.091ms
			SpriteLibraryAssetPostprocessor.OnPostprocessAllAssets 0.078ms
			AudioContainerPostProcessor.OnPostprocessAllAssets 0.073ms
			ConfigAssetsTracker.OnPostprocessAllAssets 0.070ms
			SpeedTreePostProcessor.OnPostprocessAllAssets 0.061ms
			ProjectSettingsPostprocessor.OnPostprocessAllAssets 0.056ms
			TerrainToolbarOverlayPostProcessor.OnPostprocessAllAssets 0.054ms
			SamplePostprocessor.OnPostprocessAllAssets 0.053ms
			AssetDatabaseCallbacks.OnPostprocessAllAssets 0.052ms
	PostAssetChangesProfiler: 13.961ms
	PersistCurrentRevisions: 0.117ms
	GenerateScriptTypeHashes: 1.655ms
	GenerateScriptTypeSerializationHashes: 3.069ms
	Untracked: 834.525ms

[Licensing::Client] Successfully resolved entitlement details
[Licensing::Client] Successfully resolved entitlement details
[Licensing::Client] Successfully resolved entitlement details
Asset Pipeline Refresh (id=c931587f37b9246dc8b61b880d015904): Total: 0.141 seconds - Initiated by RefreshV2(AllowForceSynchronousImport)
Asset Pipeline Refresh (id=e972e546aaf56499bbe21103c1aa8936): Total: 0.098 seconds - Initiated by RefreshV2(AllowForceSynchronousImport)
[ScriptCompilation] Requested script compilation because: AssetDatabase observed changes in script compilation related files
[Licensing::Client] Successfully resolved entitlement details
Starting: /Applications/Unity/Hub/Editor/6000.7.0a4/Unity.app/Contents/Resources/BuildPipeline/bee_backend --ipc --defer-dag-verification --dagfile="Library/Bee/200b0aE.dag" --continue-on-failure --profile="Library/Bee/backend1.traceevents" ScriptAssemblies
WorkingDir: /Users/isaac/UnityProjects/GameShowNight
ExitCode: 0 Duration: 0s542ms
[ 827/1105  0s] ILPP-Configuration Library/ilpp-configuration.nevergeneratedoutput
[1101/1105  0s] Csc Library/Bee/artifacts/200b0aE.dag/Assembly-CSharp.dll (+2 others)
[1102/1105  0s] ILPostProcess Library/Bee/artifacts/200b0aE.dag/post-processed/Assembly-CSharp.dll (+pdb)
Processing assembly Library/Bee/artifacts/200b0aE.dag/Assembly-CSharp.dll, with 145 defines and 371 references
processors: Unity.Jobs.CodeGen.JobsILPostProcessor, zzzUnity.Burst.CodeGen.BurstILPostProcessor
1 processor(s) skipped this assembly
running Unity.Jobs.CodeGen.JobsILPostProcessor
[1103/1105  0s] CopyFiles Library/ScriptAssemblies/Assembly-CSharp.dll
[1104/1105  0s] CopyFiles Library/ScriptAssemblies/Assembly-CSharp.pdb
*** Tundra build success (0.51 seconds), 5 items updated, 1105 evaluated
Reloading assemblies after forced synchronous recompile.
Total cache size 181821536
Total cache size after purge 181821536, took 00:00:00.1709481
2026-09-13 13:11:16.978 Unity[60376:1602523] NSEventModifierFlagFunction specified to -setKeyEquivalentModifierMask: for item <NSMenuItem: 0x8d2270280 SDF, ke='Command-F12'>, but is only supported for system-provided menu items; will not be used
2026-09-13 13:11:16.981 Unity[60376:1602523] NSEventModifierFlagFunction specified to -setKeyEquivalentModifierMask: for item <NSMenuItem: 0x8d2272ee0 SDF, ke='Command-F12'>, but is only supported for system-provided menu items; will not be used
2026-09-13 13:11:16.984 Unity[60376:1602523] NSEventModifierFlagFunction specified to -setKeyEquivalentModifierMask: for item <NSMenuItem: 0x8dc094000 SDF, ke='Command-F12'>, but is only supported for system-provided menu items; will not be used
2026-09-13 13:11:16.986 Unity[60376:1602523] NSEventModifierFlagFunction specified to -setKeyEquivalentModifierMask: for item <NSMenuItem: 0x8dc094c80 SDF, ke='Command-F12'>, but is only supported for system-provided menu items; will not be used
2026-09-13 13:11:16.989 Unity[60376:1602523] NSEventModifierFlagFunction specified to -setKeyEquivalentModifierMask: for item <NSMenuItem: 0x8dc08d040 SDF, ke='Command-F12'>, but is only supported for system-provided menu items; will not be used
2026-09-13 13:11:16.992 Unity[60376:1602523] NSEventModifierFlagFunction specified to -setKeyEquivalentModifierMask: for item <NSMenuItem: 0x8e13e7de0 SDF, ke='Command-F12'>, but is only supported for system-provided menu items; will not be used
Begin MonoManager ReloadAssembly
Refreshing native plugins compatible for Editor in 5.82 ms, found 3 plugins.
[MODES] ModeService[none].Initialize
[MODES] ModeService[none].LoadModes
Native extension for OSXStandalone target not found
2026-09-13 13:11:18.100 Unity[60376:1602523] NSEventModifierFlagFunction specified to -setKeyEquivalentModifierMask: for item <NSMenuItem: 0x8e55e85a0 SDF, ke='Command-F12'>, but is only supported for system-provided menu items; will not be used
ScheduleIndexationOnStartup MainProcess:True IndexOnStartup:True
Scripting: successfully reloaded assembly
- Finished resetting the current domain, in  1.064 seconds
Domain Reload Profiling: 1737ms
	BeginReloadAssembly (408ms)
		DisableScriptedObjects (78ms)
		CreateAndSetChildDomain (176ms)
	RebuildCommonClasses (4ms)
	RebuildNativeTypeToScriptingClass (7ms)
	initialDomainReloadingComplete (30ms)
	LoadAllAssembliesAndSetupDomain (222ms)
		LoadAssemblies (98ms)
		TypeCache.Refresh (7ms)
		AnalyzeDomain (92ms)
			BuildScriptInfoCaches (87ms)
			ResolveRequiredComponents (3ms)
	FinalizeReload (1065ms)
		SetupLoadedEditorAssemblies (0ms)
			BeforeProcessingInitializeOnLoad (67ms)
			ProcessInitializeOnLoadAttributes (166ms)
			ProcessInitializeOnLoadMethodAttributes (40ms)
		AwakeInstancesAfterBackupRestoration (469ms)

Asset Pipeline Refresh (id=259daa0eab1b74e9db80655cb95bf1db): Total: 3.119 seconds - Initiated by RefreshV2(AllowForceSynchronousImport)
	(Values over 0.05ms)
	Summary:
		Imports: total=0 (actual=0, local cache=0, cache server=0)
		Asset DB Process Time: managed=0 ms, native=1541 ms
		Asset DB Callback time: managed=27 ms, native=10 ms
		Scripting: domain reloads=1, domain reload time=744 ms, compile time=1 ms, other=0 ms
		Project Asset Count: scripts=1599, non-scripts=3302
		Asset File Changes: new=0, changed=1, moved=0, deleted=0
		Scan Filter Count: 1
	InvokePackagesCallback: 0.513ms
	ApplyChangesToAssetFolders: 0.148ms
	Scan: 282.095ms
	Collect global state as custom dependencies: 1.495ms
	ProcessAssetsWithTransientArtifactChanges: 2.549ms
	CategorizeAssets: 45.891ms
	CompileScripts: 0.840ms
	ImportOutOfDateAssets: 1074.089ms (1072.475ms without children)
		CollectScriptTypesHashes: 2.293ms
		ReloadNativeAssets: 0.638ms
		UnloadImportedAssets: 0.135ms
		EnsureUptoDateAssetsAreRegisteredWithGuidPM: 0.503ms
		ImportSchedulerStart: 0.320ms
	PostProcessAllAssets: 26.213ms
		XRBuildSystem.XRAssetImported 0.084ms
		MonoPostProcessAllAssets: 25.910ms
			UniversalRenderPipelineGlobalSettingsPostprocessor.OnPostprocessAllAssets 3.703ms
			SyncVS.PostprocessSyncProject 3.010ms
			BuilderAssetPostprocessor.OnPostprocessAllAssets 2.860ms
			AssetChangedListener.OnPostprocessAllAssets 1.909ms
			AssetPostprocessor.OnPostprocessAllAssets 1.647ms
			SpriteSlicePostprocessor.OnPostprocessAllAssets 0.893ms
			WindowAssetPostprocessingWatcher.OnPostprocessAllAssets 0.731ms
			EditModeScopePostprocessor.OnPostprocessAllAssets 0.644ms
			ShaderGraphAssetPostProcessor.OnPostprocessAllAssets 0.598ms
			RetainedModeAssetPostprocessor.OnPostprocessAllAssets 0.461ms
			SpeedTree9Postprocessor.OnPostprocessAllAssets 0.359ms
			MaterialPostprocessor.OnPostprocessAllAssets 0.297ms
			SpriteEditorTexturePostprocessor.OnPostprocessAllAssets 0.294ms
			ArtifactBrowserPostProcessor.OnPostprocessAllAssets 0.278ms
			RenderPipelineGlobalSettingsPostprocessor.OnPostprocessAllAssets 0.269ms
			TMPro_TexturePostProcessor.OnPostprocessAllAssets 0.223ms
			ShaderReflectionAssetPostProcessor.OnPostprocessAllAssets 0.205ms
			SpriteShapeAssetPostProcessor.OnPostprocessAllAssets 0.194ms
			AudioMixerPostprocessor.OnPostprocessAllAssets 0.183ms
			PostProcessor.OnPostprocessAllAssets 0.161ms
			InputActionAssetPostprocessor.OnPostprocessAllAssets 0.140ms
			UVCSAssetPostprocessor.OnPostprocessAllAssets 0.133ms
			TextAssetPostProcessor.OnPostprocessAllAssets 0.122ms
			ReferencedClipsPostProcessor.OnPostprocessAllAssets 0.122ms
			InputActionJsonNameModifierAssetProcessor.OnPostprocessAllAssets 0.102ms
			AssetEvents.OnPostprocessAllAssets 0.091ms
			StyleCatalogPostProcessor.OnPostprocessAllAssets 0.082ms
			SpriteLibraryAssetPostprocessor.OnPostprocessAllAssets 0.078ms
			ConfigAssetsTracker.OnPostprocessAllAssets 0.071ms
			ProjectSettingsPostprocessor.OnPostprocessAllAssets 0.062ms
			SpeedTreePostProcessor.OnPostprocessAllAssets 0.062ms
			TerrainToolbarOverlayPostProcessor.OnPostprocessAllAssets 0.062ms
			AudioContainerPostProcessor.OnPostprocessAllAssets 0.054ms
			ThemePostprocessor.OnPostprocessAllAssets 0.052ms
			AssetDatabaseCallbacks.OnPostprocessAllAssets 0.050ms
	PostAssetChangesProfiler: 9.297ms
	PersistCurrentRevisions: 0.090ms
	GenerateScriptTypeHashes: 1.682ms
	GenerateScriptTypeSerializationHashes: 3.127ms
	Untracked: 776.172ms

[Licensing::Client] Successfully resolved entitlement details
[Licensing::Client] Successfully resolved entitlement details
[Licensing::Client] Successfully resolved entitlement details
Asset Pipeline Refresh (id=5cf054c1e27ef45f7bcac52c1927d4eb): Total: 0.256 seconds - Initiated by RefreshV2(AllowForceSynchronousImport)
Asset Pipeline Refresh (id=8f8d0e3e4f2034b2a81967352ad92b5b): Total: 0.105 seconds - Initiated by RefreshV2(AllowForceSynchronousImport)
[ScriptCompilation] Requested script compilation because: AssetDatabase observed changes in script compilation related files
[Licensing::Client] Successfully resolved entitlement details
Starting: /Applications/Unity/Hub/Editor/6000.7.0a4/Unity.app/Contents/Resources/BuildPipeline/bee_backend --ipc --defer-dag-verification --dagfile="Library/Bee/200b0aE.dag" --continue-on-failure --profile="Library/Bee/backend1.traceevents" ScriptAssemblies
WorkingDir: /Users/isaac/UnityProjects/GameShowNight
ExitCode: 0 Duration: 0s467ms
[ 827/1105  0s] ILPP-Configuration Library/ilpp-configuration.nevergeneratedoutput
[ 906/1105  0s] Csc Library/Bee/artifacts/200b0aE.dag/Assembly-CSharp.dll (+2 others)
[1102/1105  0s] ILPostProcess Library/Bee/artifacts/200b0aE.dag/post-processed/Assembly-CSharp.dll (+pdb)
Processing assembly Library/Bee/artifacts/200b0aE.dag/Assembly-CSharp.dll, with 145 defines and 371 references
processors: Unity.Jobs.CodeGen.JobsILPostProcessor, zzzUnity.Burst.CodeGen.BurstILPostProcessor
1 processor(s) skipped this assembly
running Unity.Jobs.CodeGen.JobsILPostProcessor
[1103/1105  0s] CopyFiles Library/ScriptAssemblies/Assembly-CSharp.dll
[1104/1105  0s] CopyFiles Library/ScriptAssemblies/Assembly-CSharp.pdb
*** Tundra build success (0.43 seconds), 5 items updated, 1105 evaluated
Reloading assemblies after forced synchronous recompile.
2026-09-13 13:16:31.235 Unity[60376:1602523] NSEventModifierFlagFunction specified to -setKeyEquivalentModifierMask: for item <NSMenuItem: 0x8dc08e260 SDF, ke='Command-F12'>, but is only supported for system-provided menu items; will not be used
2026-09-13 13:16:31.238 Unity[60376:1602523] NSEventModifierFlagFunction specified to -setKeyEquivalentModifierMask: for item <NSMenuItem: 0x8dc0585a0 SDF, ke='Command-F12'>, but is only supported for system-provided menu items; will not be used
2026-09-13 13:16:31.241 Unity[60376:1602523] NSEventModifierFlagFunction specified to -setKeyEquivalentModifierMask: for item <NSMenuItem: 0x8dc08f0c0 SDF, ke='Command-F12'>, but is only supported for system-provided menu items; will not be used
2026-09-13 13:16:31.243 Unity[60376:1602523] NSEventModifierFlagFunction specified to -setKeyEquivalentModifierMask: for item <NSMenuItem: 0x8dc0acfa0 SDF, ke='Command-F12'>, but is only supported for system-provided menu items; will not be used
2026-09-13 13:16:31.246 Unity[60376:1602523] NSEventModifierFlagFunction specified to -setKeyEquivalentModifierMask: for item <NSMenuItem: 0x8ddf77700 SDF, ke='Command-F12'>, but is only supported for system-provided menu items; will not be used
2026-09-13 13:16:31.248 Unity[60376:1602523] NSEventModifierFlagFunction specified to -setKeyEquivalentModifierMask: for item <NSMenuItem: 0x8d20ef160 SDF, ke='Command-F12'>, but is only supported for system-provided menu items; will not be used
Total cache size 181821536
Total cache size after purge 181821536, took 00:00:00.1705767
Begin MonoManager ReloadAssembly
Refreshing native plugins compatible for Editor in 5.99 ms, found 3 plugins.
[MODES] ModeService[none].Initialize
[MODES] ModeService[none].LoadModes
Native extension for OSXStandalone target not found
2026-09-13 13:16:32.416 Unity[60376:1602523] NSEventModifierFlagFunction specified to -setKeyEquivalentModifierMask: for item <NSMenuItem: 0x8ddf75040 SDF, ke='Command-F12'>, but is only supported for system-provided menu items; will not be used
ScheduleIndexationOnStartup MainProcess:True IndexOnStartup:True
Scripting: successfully reloaded assembly
- Finished resetting the current domain, in  1.070 seconds
Domain Reload Profiling: 1801ms
	BeginReloadAssembly (467ms)
		DisableScriptedObjects (99ms)
		CreateAndSetChildDomain (214ms)
	RebuildCommonClasses (4ms)
	RebuildNativeTypeToScriptingClass (7ms)
	initialDomainReloadingComplete (29ms)
	LoadAllAssembliesAndSetupDomain (223ms)
		LoadAssemblies (96ms)
		TypeCache.Refresh (8ms)
		AnalyzeDomain (86ms)
			BuildScriptInfoCaches (82ms)
			ResolveRequiredComponents (3ms)
	FinalizeReload (1071ms)
		SetupLoadedEditorAssemblies (0ms)
			BeforeProcessingInitializeOnLoad (65ms)
			ProcessInitializeOnLoadAttributes (166ms)
			ProcessInitializeOnLoadMethodAttributes (35ms)
		AwakeInstancesAfterBackupRestoration (493ms)

Asset Pipeline Refresh (id=d60afe9e2afd34c00b6af870966e23d7): Total: 3.216 seconds - Initiated by RefreshV2(AllowForceSynchronousImport)
	(Values over 0.05ms)
	Summary:
		Imports: total=0 (actual=0, local cache=0, cache server=0)
		Asset DB Process Time: managed=0 ms, native=1611 ms
		Asset DB Callback time: managed=28 ms, native=15 ms
		Scripting: domain reloads=1, domain reload time=790 ms, compile time=1 ms, other=0 ms
		Project Asset Count: scripts=1599, non-scripts=3302
		Asset File Changes: new=0, changed=1, moved=0, deleted=0
		Scan Filter Count: 1
	InvokePackagesCallback: 0.483ms
	ApplyChangesToAssetFolders: 0.179ms
	Scan: 280.822ms
	Collect global state as custom dependencies: 1.637ms
	ProcessAssetsWithTransientArtifactChanges: 2.693ms
	CategorizeAssets: 44.774ms
	CompileScripts: 0.867ms
	ImportOutOfDateAssets: 1080.396ms (1078.630ms without children)
		CollectScriptTypesHashes: 0.771ms
		ReloadNativeAssets: 0.686ms
		UnloadImportedAssets: 0.201ms
		EnsureUptoDateAssetsAreRegisteredWithGuidPM: 0.455ms
		ImportSchedulerStart: 0.405ms
	PostProcessAllAssets: 26.057ms
		XRBuildSystem.XRAssetImported 0.090ms
		MonoPostProcessAllAssets: 25.756ms
			UniversalRenderPipelineGlobalSettingsPostprocessor.OnPostprocessAllAssets 3.638ms
			SyncVS.PostprocessSyncProject 3.307ms
			BuilderAssetPostprocessor.OnPostprocessAllAssets 2.853ms
			AssetChangedListener.OnPostprocessAllAssets 1.840ms
			AssetPostprocessor.OnPostprocessAllAssets 1.615ms
			SpriteSlicePostprocessor.OnPostprocessAllAssets 0.964ms
			WindowAssetPostprocessingWatcher.OnPostprocessAllAssets 0.794ms
			EditModeScopePostprocessor.OnPostprocessAllAssets 0.669ms
			ShaderGraphAssetPostProcessor.OnPostprocessAllAssets 0.502ms
			RetainedModeAssetPostprocessor.OnPostprocessAllAssets 0.459ms
			SpeedTree9Postprocessor.OnPostprocessAllAssets 0.336ms
			MaterialPostprocessor.OnPostprocessAllAssets 0.319ms
			SpriteEditorTexturePostprocessor.OnPostprocessAllAssets 0.302ms
			RenderPipelineGlobalSettingsPostprocessor.OnPostprocessAllAssets 0.275ms
			ArtifactBrowserPostProcessor.OnPostprocessAllAssets 0.253ms
			ShaderReflectionAssetPostProcessor.OnPostprocessAllAssets 0.229ms
			TMPro_TexturePostProcessor.OnPostprocessAllAssets 0.227ms
			SpriteShapeAssetPostProcessor.OnPostprocessAllAssets 0.202ms
			UVCSAssetPostprocessor.OnPostprocessAllAssets 0.157ms
			AudioMixerPostprocessor.OnPostprocessAllAssets 0.154ms
			InputActionAssetPostprocessor.OnPostprocessAllAssets 0.136ms
			TextAssetPostProcessor.OnPostprocessAllAssets 0.136ms
			ReferencedClipsPostProcessor.OnPostprocessAllAssets 0.117ms
			InputActionJsonNameModifierAssetProcessor.OnPostprocessAllAssets 0.103ms
			PostProcessor.OnPostprocessAllAssets 0.099ms
			AssetEvents.OnPostprocessAllAssets 0.088ms
			ConfigAssetsTracker.OnPostprocessAllAssets 0.084ms
			StyleCatalogPostProcessor.OnPostprocessAllAssets 0.079ms
			SpriteLibraryAssetPostprocessor.OnPostprocessAllAssets 0.069ms
			TerrainToolbarOverlayPostProcessor.OnPostprocessAllAssets 0.066ms
			ScenarioDriftAssetsTracker.OnPostprocessAllAssets 0.062ms
			SpeedTreePostProcessor.OnPostprocessAllAssets 0.059ms
			ProjectSettingsPostprocessor.OnPostprocessAllAssets 0.059ms
			ThemePostprocessor.OnPostprocessAllAssets 0.054ms
			AssetDatabaseCallbacks.OnPostprocessAllAssets 0.053ms
			AudioContainerPostProcessor.OnPostprocessAllAssets 0.051ms
	PostAssetChangesProfiler: 11.225ms
	PersistCurrentRevisions: 0.096ms
	GenerateScriptTypeHashes: 1.647ms
	GenerateScriptTypeSerializationHashes: 3.068ms
	Untracked: 840.336ms

[Licensing::Client] Successfully resolved entitlement details
[Licensing::Client] Successfully resolved entitlement details
[Licensing::Client] Successfully resolved entitlement details
SpriteAtlasPacking completed in 0.002932 sec
Entering Playmode with Reload Domain disabled.
If you experience any issues, please disable "Enter Play Mode Options" in Editor Settings
Loaded scene 'Temp/__Backupscenes/0.backup'
	Deserialize:            35.013 ms
	Integration:            270.830 ms
	Integration of assets:  0.042 ms
	Thread Wait Time:       -0.000 ms
	Total Operation Time:   305.885 ms
Thread 0x4724c3000 may have been prematurely finalized
Unloading 14 Unused Serialized files (Serialized files now loaded: 0)
Loaded scene 'Temp/__Backupscenes/0.backup'
	Deserialize:            2.531 ms
	Integration:            16.677 ms
	Integration of assets:  0.001 ms
	Thread Wait Time:       0.008 ms
	Total Operation Time:   19.217 ms
Unloading 48 unused Assets / (0.5 MB). Loaded Objects now: 10408.
Memory consumption went from 378.7 MB to 378.2 MB.
Total: 22.841417 ms (FindLiveObjects: 0.374833 ms CreateObjectMapping: 0.085667 ms MarkObjects: 21.376375 ms  DeleteObjects: 0.898875 ms)

[Licensing::Client] Successfully resolved entitlement details
Thread 0x45505f000 may have been prematurely finalized
SpriteAtlasPacking completed in 0.002730 sec
Entering Playmode with Reload Domain disabled.
If you experience any issues, please disable "Enter Play Mode Options" in Editor Settings
Loaded scene 'Temp/__Backupscenes/0.backup'
	Deserialize:            1.926 ms
	Integration:            29.947 ms
	Integration of assets:  0.030 ms
	Thread Wait Time:       0.008 ms
	Total Operation Time:   31.912 ms
Thread 0x45a8f7000 may have been prematurely finalized
Unloading 16 Unused Serialized files (Serialized files now loaded: 0)
Loaded scene 'Temp/__Backupscenes/0.backup'
	Deserialize:            1.794 ms
	Integration:            17.874 ms
	Integration of assets:  0.001 ms
	Thread Wait Time:       0.008 ms
	Total Operation Time:   19.678 ms
Unloading 11 unused Assets / (7.4 KB). Loaded Objects now: 10413.
Memory consumption went from 379.9 MB to 379.9 MB.
Total: 21.377958 ms (FindLiveObjects: 0.348791 ms CreateObjectMapping: 0.107792 ms MarkObjects: 20.768750 ms  DeleteObjects: 0.053250 ms)

[ScriptCompilation] Requested script compilation because: AssetDatabase observed changes in script compilation related files
Starting: /Applications/Unity/Hub/Editor/6000.7.0a4/Unity.app/Contents/Resources/BuildPipeline/bee_backend --ipc --defer-dag-verification --dagfile="Library/Bee/200b0aE.dag" --continue-on-failure --profile="Library/Bee/backend1.traceevents" ScriptAssemblies
WorkingDir: /Users/isaac/UnityProjects/GameShowNight
ExitCode: 0 Duration: 0s462ms
[ 827/1105  0s] ILPP-Configuration Library/ilpp-configuration.nevergeneratedoutput
[1034/1105  0s] Csc Library/Bee/artifacts/200b0aE.dag/Assembly-CSharp.dll (+2 others)
[1102/1105  0s] ILPostProcess Library/Bee/artifacts/200b0aE.dag/post-processed/Assembly-CSharp.dll (+pdb)
Processing assembly Library/Bee/artifacts/200b0aE.dag/Assembly-CSharp.dll, with 145 defines and 371 references
processors: Unity.Jobs.CodeGen.JobsILPostProcessor, zzzUnity.Burst.CodeGen.BurstILPostProcessor
1 processor(s) skipped this assembly
running Unity.Jobs.CodeGen.JobsILPostProcessor
[1103/1105  0s] CopyFiles Library/ScriptAssemblies/Assembly-CSharp.dll
[1104/1105  0s] CopyFiles Library/ScriptAssemblies/Assembly-CSharp.pdb
*** Tundra build success (0.42 seconds), 5 items updated, 1105 evaluated
2026-09-13 13:17:41.264 Unity[60376:1602523] NSEventModifierFlagFunction specified to -setKeyEquivalentModifierMask: for item <NSMenuItem: 0x8d22bea80 SDF, ke='Command-F12'>, but is only supported for system-provided menu items; will not be used
2026-09-13 13:17:41.267 Unity[60376:1602523] NSEventModifierFlagFunction specified to -setKeyEquivalentModifierMask: for item <NSMenuItem: 0x8e1be5fe0 SDF, ke='Command-F12'>, but is only supported for system-provided menu items; will not be used
2026-09-13 13:17:41.269 Unity[60376:1602523] NSEventModifierFlagFunction specified to -setKeyEquivalentModifierMask: for item <NSMenuItem: 0x8d22bca00 SDF, ke='Command-F12'>, but is only supported for system-provided menu items; will not be used
Reloading assemblies after forced synchronous recompile.
Total cache size 181821536
Total cache size after purge 181821536, took 00:00:00.1469995
Begin MonoManager ReloadAssembly
2026-09-13 13:17:41.272 Unity[60376:1602523] NSEventModifierFlagFunction specified to -setKeyEquivalentModifierMask: for item <NSMenuItem: 0x8d22be9e0 SDF, ke='Command-F12'>, but is only supported for system-provided menu items; will not be used
2026-09-13 13:17:41.275 Unity[60376:1602523] NSEventModifierFlagFunction specified to -setKeyEquivalentModifierMask: for item <NSMenuItem: 0x8dc08d680 SDF, ke='Command-F12'>, but is only supported for system-provided menu items; will not be used
2026-09-13 13:17:41.277 Unity[60376:1602523] NSEventModifierFlagFunction specified to -setKeyEquivalentModifierMask: for item <NSMenuItem: 0x8dc05bd40 SDF, ke='Command-F12'>, but is only supported for system-provided menu items; will not be used
Thread 0x45505f000 may have been prematurely finalized
Refreshing native plugins compatible for Editor in 2.15 ms, found 3 plugins.
[MODES] ModeService[none].Initialize
[MODES] ModeService[none].LoadModes
2026-09-13 13:17:42.378 Unity[60376:1602523] NSEventModifierFlagFunction specified to -setKeyEquivalentModifierMask: for item <NSMenuItem: 0x8d28a52c0 SDF, ke='Command-F12'>, but is only supported for system-provided menu items; will not be used
Native extension for OSXStandalone target not found
ScheduleIndexationOnStartup MainProcess:True IndexOnStartup:True
Scripting: successfully reloaded assembly
- Finished resetting the current domain, in  1.043 seconds
Domain Reload Profiling: 1715ms
	BeginReloadAssembly (420ms)
		DisableScriptedObjects (42ms)
		CreateAndSetChildDomain (204ms)
	RebuildCommonClasses (4ms)
	RebuildNativeTypeToScriptingClass (7ms)
	initialDomainReloadingComplete (33ms)
	LoadAllAssembliesAndSetupDomain (207ms)
		LoadAssemblies (97ms)
		TypeCache.Refresh (7ms)
		AnalyzeDomain (89ms)
			BuildScriptInfoCaches (85ms)
			ResolveRequiredComponents (3ms)
	FinalizeReload (1044ms)
		SetupLoadedEditorAssemblies (0ms)
			BeforeProcessingInitializeOnLoad (70ms)
			ProcessInitializeOnLoadAttributes (167ms)
			ProcessInitializeOnLoadMethodAttributes (34ms)
		AwakeInstancesAfterBackupRestoration (459ms)
Refreshing native plugins compatible for Editor in 3.56 ms, found 3 plugins.

Asset Pipeline Refresh (id=58e13c001ba8047ecada85ef160872bb): Total: 3.085 seconds - Initiated by RefreshV2(AllowForceSynchronousImport)
	(Values over 0.05ms)
	Summary:
		Imports: total=0 (actual=0, local cache=0, cache server=0)
		Asset DB Process Time: managed=0 ms, native=1557 ms
		Asset DB Callback time: managed=33 ms, native=13 ms
		Scripting: domain reloads=1, domain reload time=737 ms, compile time=1 ms, other=0 ms
		Project Asset Count: scripts=1599, non-scripts=3302
		Asset File Changes: new=0, changed=2, moved=0, deleted=0
		Scan Filter Count: 1
	InvokePackagesCallback: 0.581ms
	ApplyChangesToAssetFolders: 0.141ms
	Scan: 274.538ms
	Collect global state as custom dependencies: 6.765ms
	ProcessAssetsWithTransientArtifactChanges: 2.672ms
	CategorizeAssets: 47.589ms
	CompileScripts: 0.890ms
	ImportOutOfDateAssets: 1050.235ms (1048.617ms without children)
		CollectScriptTypesHashes: 0.660ms
		ReloadNativeAssets: 0.594ms
		UnloadImportedAssets: 0.161ms
		EnsureUptoDateAssetsAreRegisteredWithGuidPM: 0.431ms
		ImportSchedulerStart: 0.408ms
	PostProcessAllAssets: 32.668ms
		XRBuildSystem.XRAssetImported 0.098ms
		MonoPostProcessAllAssets: 32.287ms
			UniversalRenderPipelineGlobalSettingsPostprocessor.OnPostprocessAllAssets 3.651ms
			SyncVS.PostprocessSyncProject 3.043ms
			BuilderAssetPostprocessor.OnPostprocessAllAssets 2.923ms
			AssetChangedListener.OnPostprocessAllAssets 1.878ms
			AssetPostprocessor.OnPostprocessAllAssets 1.682ms
			SpriteSlicePostprocessor.OnPostprocessAllAssets 1.012ms
			WindowAssetPostprocessingWatcher.OnPostprocessAllAssets 0.781ms
			EditModeScopePostprocessor.OnPostprocessAllAssets 0.703ms
			ShaderGraphAssetPostProcessor.OnPostprocessAllAssets 0.590ms
			RetainedModeAssetPostprocessor.OnPostprocessAllAssets 0.445ms
			SpeedTree9Postprocessor.OnPostprocessAllAssets 0.356ms
			SpriteEditorTexturePostprocessor.OnPostprocessAllAssets 0.325ms
			MaterialPostprocessor.OnPostprocessAllAssets 0.319ms
			RenderPipelineGlobalSettingsPostprocessor.OnPostprocessAllAssets 0.318ms
			ArtifactBrowserPostProcessor.OnPostprocessAllAssets 0.266ms
			TMPro_TexturePostProcessor.OnPostprocessAllAssets 0.246ms
			ShaderReflectionAssetPostProcessor.OnPostprocessAllAssets 0.224ms
			SpriteShapeAssetPostProcessor.OnPostprocessAllAssets 0.203ms
			AudioMixerPostprocessor.OnPostprocessAllAssets 0.173ms
			PostProcessor.OnPostprocessAllAssets 0.148ms
			InputActionAssetPostprocessor.OnPostprocessAllAssets 0.146ms
			UVCSAssetPostprocessor.OnPostprocessAllAssets 0.130ms
			TextAssetPostProcessor.OnPostprocessAllAssets 0.129ms
			ReferencedClipsPostProcessor.OnPostprocessAllAssets 0.118ms
			InputActionJsonNameModifierAssetProcessor.OnPostprocessAllAssets 0.109ms
			AssetEvents.OnPostprocessAllAssets 0.101ms
			StyleCatalogPostProcessor.OnPostprocessAllAssets 0.092ms
			ConfigAssetsTracker.OnPostprocessAllAssets 0.073ms
			TerrainToolbarOverlayPostProcessor.OnPostprocessAllAssets 0.072ms
			SpriteLibraryAssetPostprocessor.OnPostprocessAllAssets 0.071ms
			ThemePostprocessor.OnPostprocessAllAssets 0.062ms
			SpeedTreePostProcessor.OnPostprocessAllAssets 0.061ms
			ProjectSettingsPostprocessor.OnPostprocessAllAssets 0.058ms
			AudioContainerPostProcessor.OnPostprocessAllAssets 0.057ms
			AssetDatabaseCallbacks.OnPostprocessAllAssets 0.055ms
	PostAssetChangesProfiler: 11.424ms
	PersistCurrentRevisions: 0.093ms
	GenerateScriptTypeHashes: 1.756ms
	GenerateScriptTypeSerializationHashes: 3.461ms
	Untracked: 768.112ms

[Licensing::Client] Successfully resolved entitlement details
[Licensing::Client] Successfully resolved entitlement details
[Licensing::Client] Successfully resolved entitlement details
SpriteAtlasPacking completed in 0.002585 sec
Entering Playmode with Reload Domain disabled.
If you experience any issues, please disable "Enter Play Mode Options" in Editor Settings
Loaded scene 'Temp/__Backupscenes/0.backup'
	Deserialize:            32.885 ms
	Integration:            210.127 ms
	Integration of assets:  0.038 ms
	Thread Wait Time:       0.001 ms
	Total Operation Time:   243.051 ms
Thread 0x4724c3000 may have been prematurely finalized
Unloading 14 Unused Serialized files (Serialized files now loaded: 0)
Loaded scene 'Temp/__Backupscenes/0.backup'
	Deserialize:            2.598 ms
	Integration:            17.725 ms
	Integration of assets:  0.002 ms
	Thread Wait Time:       0.007 ms
	Total Operation Time:   20.332 ms
Unloading 43 unused Assets / (26.9 KB). Loaded Objects now: 10419.
Memory consumption went from 393.7 MB to 393.7 MB.
Total: 21.210667 ms (FindLiveObjects: 0.400959 ms CreateObjectMapping: 0.075083 ms MarkObjects: 20.542166 ms  DeleteObjects: 0.092708 ms)

[ScriptCompilation] Requested script compilation because: AssetDatabase observed changes in script compilation related files
[Licensing::Client] Successfully resolved entitlement details
Starting: /Applications/Unity/Hub/Editor/6000.7.0a4/Unity.app/Contents/Resources/BuildPipeline/bee_backend --ipc --defer-dag-verification --dagfile="Library/Bee/200b0aE.dag" --continue-on-failure --profile="Library/Bee/backend1.traceevents" ScriptAssemblies
WorkingDir: /Users/isaac/UnityProjects/GameShowNight
ExitCode: 0 Duration: 0s415ms
[ 827/1105  0s] ILPP-Configuration Library/ilpp-configuration.nevergeneratedoutput
[ 898/1105  0s] Csc Library/Bee/artifacts/200b0aE.dag/Assembly-CSharp.dll (+2 others)
[1102/1105  0s] ILPostProcess Library/Bee/artifacts/200b0aE.dag/post-processed/Assembly-CSharp.dll (+pdb)
Processing assembly Library/Bee/artifacts/200b0aE.dag/Assembly-CSharp.dll, with 145 defines and 371 references
processors: Unity.Jobs.CodeGen.JobsILPostProcessor, zzzUnity.Burst.CodeGen.BurstILPostProcessor
1 processor(s) skipped this assembly
running Unity.Jobs.CodeGen.JobsILPostProcessor
[1103/1105  0s] CopyFiles Library/ScriptAssemblies/Assembly-CSharp.dll
[1104/1105  0s] CopyFiles Library/ScriptAssemblies/Assembly-CSharp.pdb
*** Tundra build success (0.37 seconds), 5 items updated, 1105 evaluated
Reloading assemblies after forced synchronous recompile.
Total cache size 181821536
2026-09-13 13:18:32.277 Unity[60376:1602523] NSEventModifierFlagFunction specified to -setKeyEquivalentModifierMask: for item <NSMenuItem: 0x8e1be59a0 SDF, ke='Command-F12'>, but is only supported for system-provided menu items; will not be used
2026-09-13 13:18:32.280 Unity[60376:1602523] NSEventModifierFlagFunction specified to -setKeyEquivalentModifierMask: for item <NSMenuItem: 0x8e55ed5e0 SDF, ke='Command-F12'>, but is only supported for system-provided menu items; will not be used
2026-09-13 13:18:32.282 Unity[60376:1602523] NSEventModifierFlagFunction specified to -setKeyEquivalentModifierMask: for item <NSMenuItem: 0x8e55eeb20 SDF, ke='Command-F12'>, but is only supported for system-provided menu items; will not be used
2026-09-13 13:18:32.285 Unity[60376:1602523] NSEventModifierFlagFunction specified to -setKeyEquivalentModifierMask: for item <NSMenuItem: 0x8e55ef7a0 SDF, ke='Command-F12'>, but is only supported for system-provided menu items; will not be used
2026-09-13 13:18:32.288 Unity[60376:1602523] NSEventModifierFlagFunction specified to -setKeyEquivalentModifierMask: for item <NSMenuItem: 0x8e5604d20 SDF, ke='Command-F12'>, but is only supported for system-provided menu items; will not be used
2026-09-13 13:18:32.290 Unity[60376:1602523] NSEventModifierFlagFunction specified to -setKeyEquivalentModifierMask: for item <NSMenuItem: 0x8e55ef7a0 SDF, ke='Command-F12'>, but is only supported for system-provided menu items; will not be used
Thread 0x456247000 may have been prematurely finalized
Total cache size after purge 181821536, took 00:00:00.1476795
Begin MonoManager ReloadAssembly
Refreshing native plugins compatible for Editor in 2.07 ms, found 3 plugins.
[MODES] ModeService[none].Initialize
[MODES] ModeService[none].LoadModes
2026-09-13 13:18:33.344 Unity[60376:1602523] NSEventModifierFlagFunction specified to -setKeyEquivalentModifierMask: for item <NSMenuItem: 0x8e5607160 SDF, ke='Command-F12'>, but is only supported for system-provided menu items; will not be used
Native extension for OSXStandalone target not found
ScheduleIndexationOnStartup MainProcess:True IndexOnStartup:True
Scripting: successfully reloaded assembly
- Finished resetting the current domain, in  1.040 seconds
Domain Reload Profiling: 1661ms
	BeginReloadAssembly (385ms)
		DisableScriptedObjects (40ms)
		CreateAndSetChildDomain (187ms)
	RebuildCommonClasses (4ms)
	RebuildNativeTypeToScriptingClass (7ms)
	initialDomainReloadingComplete (26ms)
	LoadAllAssembliesAndSetupDomain (199ms)
		LoadAssemblies (87ms)
		TypeCache.Refresh (7ms)
		AnalyzeDomain (81ms)
			BuildScriptInfoCaches (77ms)
			ResolveRequiredComponents (3ms)
	FinalizeReload (1040ms)
		SetupLoadedEditorAssemblies (0ms)
			BeforeProcessingInitializeOnLoad (77ms)
			ProcessInitializeOnLoadAttributes (158ms)
			ProcessInitializeOnLoadMethodAttributes (35ms)
		AwakeInstancesAfterBackupRestoration (465ms)

Asset Pipeline Refresh (id=8bb6d82a6b1c74f71b7a2de52b14c0cf): Total: 2.868 seconds - Initiated by RefreshV2(AllowForceSynchronousImport)
	(Values over 0.05ms)
	Summary:
		Imports: total=0 (actual=0, local cache=0, cache server=0)
		Asset DB Process Time: managed=0 ms, native=1502 ms
		Asset DB Callback time: managed=26 ms, native=14 ms
		Scripting: domain reloads=1, domain reload time=668 ms, compile time=1 ms, other=0 ms
		Project Asset Count: scripts=1599, non-scripts=3302
		Asset File Changes: new=0, changed=1, moved=0, deleted=0
		Scan Filter Count: 1
	InvokePackagesCallback: 0.504ms
	ApplyChangesToAssetFolders: 0.159ms
	Scan: 279.820ms
	Collect global state as custom dependencies: 7.795ms
	ProcessAssetsWithTransientArtifactChanges: 2.554ms
	CategorizeAssets: 45.850ms
	CompileScripts: 0.819ms
	ImportOutOfDateAssets: 1046.285ms (1044.781ms without children)
		CollectScriptTypesHashes: 0.860ms
		ReloadNativeAssets: 0.627ms
		UnloadImportedAssets: 0.158ms
		EnsureUptoDateAssetsAreRegisteredWithGuidPM: 0.403ms
		ImportSchedulerStart: 0.298ms
	PostProcessAllAssets: 26.273ms
		XRBuildSystem.XRAssetImported 0.091ms
		MonoPostProcessAllAssets: 25.942ms
			UniversalRenderPipelineGlobalSettingsPostprocessor.OnPostprocessAllAssets 3.540ms
			SyncVS.PostprocessSyncProject 3.113ms
			BuilderAssetPostprocessor.OnPostprocessAllAssets 2.927ms
			AssetPostprocessor.OnPostprocessAllAssets 1.887ms
			AssetChangedListener.OnPostprocessAllAssets 1.755ms
			SpriteSlicePostprocessor.OnPostprocessAllAssets 1.033ms
			WindowAssetPostprocessingWatcher.OnPostprocessAllAssets 0.802ms
			EditModeScopePostprocessor.OnPostprocessAllAssets 0.647ms
			ShaderGraphAssetPostProcessor.OnPostprocessAllAssets 0.592ms
			RetainedModeAssetPostprocessor.OnPostprocessAllAssets 0.462ms
			SpeedTree9Postprocessor.OnPostprocessAllAssets 0.337ms
			MaterialPostprocessor.OnPostprocessAllAssets 0.336ms
			SpriteEditorTexturePostprocessor.OnPostprocessAllAssets 0.307ms
			ArtifactBrowserPostProcessor.OnPostprocessAllAssets 0.299ms
			RenderPipelineGlobalSettingsPostprocessor.OnPostprocessAllAssets 0.294ms
			TMPro_TexturePostProcessor.OnPostprocessAllAssets 0.236ms
			SpriteShapeAssetPostProcessor.OnPostprocessAllAssets 0.230ms
			ShaderReflectionAssetPostProcessor.OnPostprocessAllAssets 0.210ms
			AudioMixerPostprocessor.OnPostprocessAllAssets 0.163ms
			InputActionAssetPostprocessor.OnPostprocessAllAssets 0.154ms
			UVCSAssetPostprocessor.OnPostprocessAllAssets 0.134ms
			ReferencedClipsPostProcessor.OnPostprocessAllAssets 0.123ms
			TextAssetPostProcessor.OnPostprocessAllAssets 0.122ms
			PostProcessor.OnPostprocessAllAssets 0.114ms
			InputActionJsonNameModifierAssetProcessor.OnPostprocessAllAssets 0.113ms
			AssetEvents.OnPostprocessAllAssets 0.098ms
			StyleCatalogPostProcessor.OnPostprocessAllAssets 0.083ms
			SpriteLibraryAssetPostprocessor.OnPostprocessAllAssets 0.070ms
			ConfigAssetsTracker.OnPostprocessAllAssets 0.067ms
			ProjectSettingsPostprocessor.OnPostprocessAllAssets 0.067ms
			TerrainToolbarOverlayPostProcessor.OnPostprocessAllAssets 0.064ms
			SpeedTreePostProcessor.OnPostprocessAllAssets 0.061ms
			AudioContainerPostProcessor.OnPostprocessAllAssets 0.056ms
			ThemePostprocessor.OnPostprocessAllAssets 0.052ms
			AssetDatabaseCallbacks.OnPostprocessAllAssets 0.052ms
	PostAssetChangesProfiler: 12.475ms
	PersistCurrentRevisions: 0.090ms
	GenerateScriptTypeHashes: 1.686ms
	GenerateScriptTypeSerializationHashes: 3.119ms
	Untracked: 693.593ms

[Licensing::Client] Successfully resolved entitlement details
[Licensing::Client] Successfully resolved entitlement details
[Licensing::Client] Successfully resolved entitlement details
[ScriptCompilation] Requested script compilation because: AssetDatabase observed changes in script compilation related files
Starting: /Applications/Unity/Hub/Editor/6000.7.0a4/Unity.app/Contents/Resources/BuildPipeline/bee_backend --ipc --defer-dag-verification --dagfile="Library/Bee/200b0aE.dag" --continue-on-failure --profile="Library/Bee/backend1.traceevents" ScriptAssemblies
WorkingDir: /Users/isaac/UnityProjects/GameShowNight
ExitCode: 0 Duration: 0s457ms
[ 827/1105  0s] ILPP-Configuration Library/ilpp-configuration.nevergeneratedoutput
[ 901/1105  0s] Csc Library/Bee/artifacts/200b0aE.dag/Assembly-CSharp.dll (+2 others)
[1102/1105  0s] ILPostProcess Library/Bee/artifacts/200b0aE.dag/post-processed/Assembly-CSharp.dll (+pdb)
Processing assembly Library/Bee/artifacts/200b0aE.dag/Assembly-CSharp.dll, with 145 defines and 371 references
processors: Unity.Jobs.CodeGen.JobsILPostProcessor, zzzUnity.Burst.CodeGen.BurstILPostProcessor
1 processor(s) skipped this assembly
running Unity.Jobs.CodeGen.JobsILPostProcessor
[1103/1105  0s] CopyFiles Library/ScriptAssemblies/Assembly-CSharp.pdb
[1104/1105  0s] CopyFiles Library/ScriptAssemblies/Assembly-CSharp.dll
*** Tundra build success (0.41 seconds), 5 items updated, 1105 evaluated
2026-09-13 13:19:16.667 Unity[60376:1602523] NSEventModifierFlagFunction specified to -setKeyEquivalentModifierMask: for item <NSMenuItem: 0x8e55f3f20 SDF, ke='Command-F12'>, but is only supported for system-provided menu items; will not be used
Reloading assemblies after forced synchronous recompile.
Begin MonoManager ReloadAssembly
Total cache size 181821536
Total cache size after purge 181821536, took 00:00:00.1917020
2026-09-13 13:19:16.670 Unity[60376:1602523] NSEventModifierFlagFunction specified to -setKeyEquivalentModifierMask: for item <NSMenuItem: 0x8e56072a0 SDF, ke='Command-F12'>, but is only supported for system-provided menu items; will not be used
2026-09-13 13:19:16.672 Unity[60376:1602523] NSEventModifierFlagFunction specified to -setKeyEquivalentModifierMask: for item <NSMenuItem: 0x8dc0ae440 SDF, ke='Command-F12'>, but is only supported for system-provided menu items; will not be used
2026-09-13 13:19:16.676 Unity[60376:1602523] NSEventModifierFlagFunction specified to -setKeyEquivalentModifierMask: for item <NSMenuItem: 0x8e5605ae0 SDF, ke='Command-F12'>, but is only supported for system-provided menu items; will not be used
2026-09-13 13:19:16.678 Unity[60376:1602523] NSEventModifierFlagFunction specified to -setKeyEquivalentModifierMask: for item <NSMenuItem: 0x8e55f3e80 SDF, ke='Command-F12'>, but is only supported for system-provided menu items; will not be used
2026-09-13 13:19:16.681 Unity[60376:1602523] NSEventModifierFlagFunction specified to -setKeyEquivalentModifierMask: for item <NSMenuItem: 0x8dc084320 SDF, ke='Command-F12'>, but is only supported for system-provided menu items; will not be used
Refreshing native plugins compatible for Editor in 5.88 ms, found 3 plugins.
[MODES] ModeService[none].Initialize
[MODES] ModeService[none].LoadModes
2026-09-13 13:19:17.750 Unity[60376:1602523] NSEventModifierFlagFunction specified to -setKeyEquivalentModifierMask: for item <NSMenuItem: 0x8dc09eb20 SDF, ke='Command-F12'>, but is only supported for system-provided menu items; will not be used
Native extension for OSXStandalone target not found
ScheduleIndexationOnStartup MainProcess:True IndexOnStartup:True
Scripting: successfully reloaded assembly
- Finished resetting the current domain, in  1.048 seconds
Domain Reload Profiling: 1704ms
	BeginReloadAssembly (409ms)
		DisableScriptedObjects (85ms)
		CreateAndSetChildDomain (176ms)
	RebuildCommonClasses (4ms)
	RebuildNativeTypeToScriptingClass (7ms)
	initialDomainReloadingComplete (26ms)
	LoadAllAssembliesAndSetupDomain (210ms)
		LoadAssemblies (88ms)
		TypeCache.Refresh (7ms)
		AnalyzeDomain (88ms)
			BuildScriptInfoCaches (83ms)
			ResolveRequiredComponents (3ms)
	FinalizeReload (1048ms)
		SetupLoadedEditorAssemblies (0ms)
			BeforeProcessingInitializeOnLoad (66ms)
			ProcessInitializeOnLoadAttributes (166ms)
			ProcessInitializeOnLoadMethodAttributes (36ms)
		AwakeInstancesAfterBackupRestoration (480ms)
Refreshing native plugins compatible for Editor in 3.08 ms, found 3 plugins.

Asset Pipeline Refresh (id=49728300a0e794e7295d898c9209c2c3): Total: 3.053 seconds - Initiated by RefreshV2(AllowForceSynchronousImport)
	(Values over 0.05ms)
	Summary:
		Imports: total=0 (actual=0, local cache=0, cache server=0)
		Asset DB Process Time: managed=0 ms, native=1530 ms
		Asset DB Callback time: managed=29 ms, native=21 ms
		Scripting: domain reloads=1, domain reload time=726 ms, compile time=1 ms, other=0 ms
		Project Asset Count: scripts=1599, non-scripts=3302
		Asset File Changes: new=0, changed=1, moved=0, deleted=0
		Scan Filter Count: 1
	InvokePackagesCallback: 0.525ms
	ApplyChangesToAssetFolders: 0.188ms
	Scan: 276.599ms
	Collect global state as custom dependencies: 1.473ms
	ProcessAssetsWithTransientArtifactChanges: 2.346ms
	CategorizeAssets: 45.576ms
	CompileScripts: 0.943ms
	ImportOutOfDateAssets: 1057.455ms (1055.916ms without children)
		CollectScriptTypesHashes: 1.224ms
		ReloadNativeAssets: 0.625ms
		UnloadImportedAssets: 0.133ms
		EnsureUptoDateAssetsAreRegisteredWithGuidPM: 0.417ms
		ImportSchedulerStart: 0.344ms
	PostProcessAllAssets: 25.849ms
		XRBuildSystem.XRAssetImported 0.101ms
		MonoPostProcessAllAssets: 25.509ms
			UniversalRenderPipelineGlobalSettingsPostprocessor.OnPostprocessAllAssets 3.445ms
			SyncVS.PostprocessSyncProject 3.171ms
			BuilderAssetPostprocessor.OnPostprocessAllAssets 2.847ms
			AssetChangedListener.OnPostprocessAllAssets 1.895ms
			AssetPostprocessor.OnPostprocessAllAssets 1.696ms
			SpriteSlicePostprocessor.OnPostprocessAllAssets 0.975ms
			WindowAssetPostprocessingWatcher.OnPostprocessAllAssets 0.742ms
			EditModeScopePostprocessor.OnPostprocessAllAssets 0.624ms
			ShaderGraphAssetPostProcessor.OnPostprocessAllAssets 0.517ms
			RetainedModeAssetPostprocessor.OnPostprocessAllAssets 0.502ms
			SpeedTree9Postprocessor.OnPostprocessAllAssets 0.343ms
			SpriteEditorTexturePostprocessor.OnPostprocessAllAssets 0.316ms
			MaterialPostprocessor.OnPostprocessAllAssets 0.309ms
			ArtifactBrowserPostProcessor.OnPostprocessAllAssets 0.293ms
			RenderPipelineGlobalSettingsPostprocessor.OnPostprocessAllAssets 0.284ms
			SpriteShapeAssetPostProcessor.OnPostprocessAllAssets 0.241ms
			TMPro_TexturePostProcessor.OnPostprocessAllAssets 0.228ms
			ShaderReflectionAssetPostProcessor.OnPostprocessAllAssets 0.218ms
			AudioMixerPostprocessor.OnPostprocessAllAssets 0.175ms
			UVCSAssetPostprocessor.OnPostprocessAllAssets 0.139ms
			ReferencedClipsPostProcessor.OnPostprocessAllAssets 0.131ms
			InputActionAssetPostprocessor.OnPostprocessAllAssets 0.130ms
			TextAssetPostProcessor.OnPostprocessAllAssets 0.125ms
			AssetEvents.OnPostprocessAllAssets 0.102ms
			InputActionJsonNameModifierAssetProcessor.OnPostprocessAllAssets 0.101ms
			PostProcessor.OnPostprocessAllAssets 0.097ms
			StyleCatalogPostProcessor.OnPostprocessAllAssets 0.095ms
			SpriteLibraryAssetPostprocessor.OnPostprocessAllAssets 0.071ms
			ConfigAssetsTracker.OnPostprocessAllAssets 0.066ms
			SpeedTreePostProcessor.OnPostprocessAllAssets 0.062ms
			TerrainToolbarOverlayPostProcessor.OnPostprocessAllAssets 0.060ms
			ProjectSettingsPostprocessor.OnPostprocessAllAssets 0.059ms
			ThemePostprocessor.OnPostprocessAllAssets 0.057ms
			AudioContainerPostProcessor.OnPostprocessAllAssets 0.057ms
			SamplePostprocessor.OnPostprocessAllAssets 0.053ms
	PostAssetChangesProfiler: 19.240ms
	PersistCurrentRevisions: 0.092ms
	GenerateScriptTypeHashes: 1.680ms
	GenerateScriptTypeSerializationHashes: 3.129ms
	Untracked: 759.133ms

[Licensing::Client] Successfully resolved entitlement details
[Licensing::Client] Successfully resolved entitlement details
[Licensing::Client] Successfully resolved entitlement details
SpriteAtlasPacking completed in 0.002843 sec
Entering Playmode with Reload Domain disabled.
If you experience any issues, please disable "Enter Play Mode Options" in Editor Settings
Loaded scene 'Temp/__Backupscenes/0.backup'
	Deserialize:            31.792 ms
	Integration:            248.934 ms
	Integration of assets:  0.035 ms
	Thread Wait Time:       0.001 ms
	Total Operation Time:   280.763 ms
Thread 0x45a017000 may have been prematurely finalized
Unloading 13 Unused Serialized files (Serialized files now loaded: 0)
Loaded scene 'Temp/__Backupscenes/0.backup'
	Deserialize:            2.524 ms
	Integration:            17.403 ms
	Integration of assets:  0.001 ms
	Thread Wait Time:       0.007 ms
	Total Operation Time:   19.935 ms
Unloading 30 unused Assets / (16.8 KB). Loaded Objects now: 10449.
Memory consumption went from 421.7 MB to 421.7 MB.
Total: 20.182333 ms (FindLiveObjects: 0.431500 ms CreateObjectMapping: 0.067459 ms MarkObjects: 19.440458 ms  DeleteObjects: 0.132291 ms)

[Licensing::Client] Successfully resolved entitlement details
[ScriptCompilation] Requested script compilation because: AssetDatabase observed changes in script compilation related files
[Licensing::Client] Successfully resolved entitlement details

Asset Pipeline Refresh (id=5639254e56bf64e9f992a8d366ce7dba): Total: 1.151 seconds - Initiated by RefreshV2(NoUpdateAssetOptions)
	(Values over 0.05ms)
	Summary:
		Imports: total=0 (actual=0, local cache=0, cache server=0)
		Asset DB Process Time: managed=0 ms, native=611 ms
		Asset DB Callback time: managed=526 ms, native=12 ms
		Scripting: domain reloads=0, domain reload time=0 ms, compile time=1 ms, other=0 ms
		Project Asset Count: scripts=1599, non-scripts=3302
		Asset File Changes: new=1, changed=1, moved=0, deleted=0
		Scan Filter Count: 1
	ApplyChangesToAssetFolders: 0.439ms
	Scan: 451.271ms
	Collect global state as custom dependencies: 0.657ms
	OnSourceAssetsModified: 1.151ms
	CategorizeScriptCompilationAssets: 0.209ms
	ProcessAssetsWithTransientArtifactChanges: 0.694ms
	CategorizeAssets: 43.906ms
	CompileScripts: 1.012ms
	ImportOutOfDateAssets: 1.816ms (0.233ms without children)
		ReloadNativeAssets: 0.070ms
		UnloadImportedAssets: 0.122ms
		EnsureUptoDateAssetsAreRegisteredWithGuidPM: 0.802ms
		ImportSchedulerStart: 0.587ms
	PostProcessAllAssets: 528.782ms
		XRBuildSystem.XRAssetImported 8.572ms
		PostProcessCallbackCreateDeferredMaterials 0.083ms
		MonoPostProcessAllAssets: 519.977ms
			SyncVS.PostprocessSyncProject 510.586ms
			ConfigAssetsTracker.OnPostprocessAllAssets 6.829ms
			SpriteEditorTexturePostprocessor.OnPostprocessAllAssets 0.359ms
			AssetChangedListener.OnPostprocessAllAssets 0.292ms
			AssetPostprocessor.OnPostprocessAllAssets 0.162ms
			ShaderGraphAssetPostProcessor.OnPostprocessAllAssets 0.147ms
			RetainedModeAssetPostprocessor.OnPostprocessAllAssets 0.127ms
			SpriteShapeAssetPostProcessor.OnPostprocessAllAssets 0.088ms
			ThemePostprocessor.OnPostprocessAllAssets 0.063ms
			WindowAssetPostprocessingWatcher.OnPostprocessAllAssets 0.061ms
	PostAssetChangesProfiler: 8.381ms
	GatherAllCurrentPrimaryImportResultRevisions: 0.667ms
	UnloadStreamsBegin: 1.306ms
	PersistCurrentRevisions: 0.178ms
	Untracked: 103.361ms

Starting: /Applications/Unity/Hub/Editor/6000.7.0a4/Unity.app/Contents/Resources/BuildPipeline/bee_backend --ipc --defer-dag-verification --dagfile="Library/Bee/200b0aE.dag" --continue-on-failure --profile="Library/Bee/backend1.traceevents" ScriptAssemblies
WorkingDir: /Users/isaac/UnityProjects/GameShowNight
ExitCode: 4 Duration: 0s162ms
Rebuilding DAG because FileSignature timestamp changed: Library/Bee/200b0aE-inputdata.json
*** Tundra requires additional run (0.12 seconds), 0 items updated, 0 evaluated
Starting: /Applications/Unity/Hub/Editor/6000.7.0a4/Unity.app/Contents/Resources/Scripting/DotNetSdk/dotnet "/Applications/Unity/Hub/Editor/6000.7.0a4/Unity.app/Contents/Resources/BuildPipeline/ScriptCompilationBuildProgram.exe" "Library/Bee/200b0aE.dag.json" "Library/Bee/200b0aE-inputdata.json" "Library/Bee/buildprogram0.traceevents"
WorkingDir: /Users/isaac/UnityProjects/GameShowNight
ExitCode: 0 Duration: 1s187ms
Starting: /Applications/Unity/Hub/Editor/6000.7.0a4/Unity.app/Contents/Resources/BuildPipeline/bee_backend --ipc --defer-dag-verification --dagfile="Library/Bee/200b0aE.dag" --continue-on-failure --dagfilejson="Library/Bee/200b0aE.dag.json" --profile="Library/Bee/backend2.traceevents" ScriptAssemblies
WorkingDir: /Users/isaac/UnityProjects/GameShowNight
ExitCode: 0 Duration: 0s583ms
Finished compiling graph: 1108 nodes, 24186 flattened edges (20318 ToBuild, 190 ToUse), maximum node priority 1334
[ 548/1105  0s] WriteText Library/Bee/artifacts/200b0aE.dag/Assembly-CSharp.rsp
[ 827/1105  0s] ILPP-Configuration Library/ilpp-configuration.nevergeneratedoutput
[1101/1105  0s] Csc Library/Bee/artifacts/200b0aE.dag/Assembly-CSharp.dll (+2 others)
[1102/1105  0s] ILPostProcess Library/Bee/artifacts/200b0aE.dag/post-processed/Assembly-CSharp.dll (+pdb)
Processing assembly Library/Bee/artifacts/200b0aE.dag/Assembly-CSharp.dll, with 145 defines and 371 references
processors: Unity.Jobs.CodeGen.JobsILPostProcessor, zzzUnity.Burst.CodeGen.BurstILPostProcessor
1 processor(s) skipped this assembly
running Unity.Jobs.CodeGen.JobsILPostProcessor
[1103/1105  0s] CopyFiles Library/ScriptAssemblies/Assembly-CSharp.dll
[1104/1105  0s] CopyFiles Library/ScriptAssemblies/Assembly-CSharp.pdb
*** Tundra build success (0.55 seconds), 6 items updated, 1105 evaluated
Reloading assemblies after finishing script compilation.
Reloading assemblies after forced synchronous recompile.
2026-09-13 13:22:36.133 Unity[60376:1602523] NSEventModifierFlagFunction specified to -setKeyEquivalentModifierMask: for item <NSMenuItem: 0x8e55ecf00 SDF, ke='Command-F12'>, but is only supported for system-provided menu items; will not be used
2026-09-13 13:22:36.137 Unity[60376:1602523] NSEventModifierFlagFunction specified to -setKeyEquivalentModifierMask: for item <NSMenuItem: 0x8e55e8320 SDF, ke='Command-F12'>, but is only supported for system-provided menu items; will not be used
2026-09-13 13:22:36.140 Unity[60376:1602523] NSEventModifierFlagFunction specified to -setKeyEquivalentModifierMask: for item <NSMenuItem: 0x8dc0592c0 SDF, ke='Command-F12'>, but is only supported for system-provided menu items; will not be used
2026-09-13 13:22:36.143 Unity[60376:1602523] NSEventModifierFlagFunction specified to -setKeyEquivalentModifierMask: for item <NSMenuItem: 0x8dc0afe80 SDF, ke='Command-F12'>, but is only supported for system-provided menu items; will not be used
2026-09-13 13:22:36.146 Unity[60376:1602523] NSEventModifierFlagFunction specified to -setKeyEquivalentModifierMask: for item <NSMenuItem: 0x8dc05a1c0 SDF, ke='Command-F12'>, but is only supported for system-provided menu items; will not be used
2026-09-13 13:22:36.149 Unity[60376:1602523] NSEventModifierFlagFunction specified to -setKeyEquivalentModifierMask: for item <NSMenuItem: 0x8dc0580a0 SDF, ke='Command-F12'>, but is only supported for system-provided menu items; will not be used
Begin MonoManager ReloadAssembly
Thread 0x455d03000 may have been prematurely finalized
Total cache size 181821536
Total cache size after purge 181821536, took 00:00:00.1916246
[MODES] ModeService[none].Initialize
[MODES] ModeService[none].LoadModes
Native extension for OSXStandalone target not found
2026-09-13 13:22:37.235 Unity[60376:1602523] NSEventModifierFlagFunction specified to -setKeyEquivalentModifierMask: for item <NSMenuItem: 0x8dc09d680 SDF, ke='Command-F12'>, but is only supported for system-provided menu items; will not be used
ScheduleIndexationOnStartup MainProcess:True IndexOnStartup:True
Scripting: successfully reloaded assembly
- Finished resetting the current domain, in  1.213 seconds
Domain Reload Profiling: 1938ms
	BeginReloadAssembly (470ms)
		DisableScriptedObjects (50ms)
		CreateAndSetChildDomain (214ms)
	RebuildCommonClasses (4ms)
	RebuildNativeTypeToScriptingClass (7ms)
	initialDomainReloadingComplete (30ms)
	LoadAllAssembliesAndSetupDomain (212ms)
		LoadAssemblies (102ms)
		TypeCache.Refresh (8ms)
		AnalyzeDomain (91ms)
			BuildScriptInfoCaches (86ms)
			ResolveRequiredComponents (3ms)
	FinalizeReload (1214ms)
		SetupLoadedEditorAssemblies (0ms)
			BeforeProcessingInitializeOnLoad (77ms)
			ProcessInitializeOnLoadAttributes (158ms)
			ProcessInitializeOnLoadMethodAttributes (33ms)
		AwakeInstancesAfterBackupRestoration (502ms)

Asset Pipeline Refresh (id=f69fb08b929d74e31b1c9a59d3bf5c13): Total: 2.120 seconds - Initiated by StopAssetImportingV2(ForceSynchronousImport | ForceDomainReload)
	(Values over 0.05ms)
	Summary:
		Imports: total=0 (actual=0, local cache=0, cache server=0)
		Asset DB Process Time: managed=0 ms, native=1301 ms
		Asset DB Callback time: managed=26 ms, native=7 ms
		Scripting: domain reloads=1, domain reload time=783 ms, compile time=1 ms, other=0 ms
		Project Asset Count: scripts=1599, non-scripts=3302
		Asset File Changes: new=0, changed=0, moved=0, deleted=0
		Scan Filter Count: 0
	InvokePackagesCallback: 1.077ms
	ApplyChangesToAssetFolders: 0.199ms
	Collect global state as custom dependencies: 2.216ms
	ProcessAssetsWithTransientArtifactChanges: 3.026ms
	CategorizeAssets: 48.752ms
	CompileScripts: 0.872ms
	ImportOutOfDateAssets: 1218.230ms (1216.727ms without children)
		CollectScriptTypesHashes: 3.109ms
		ReloadNativeAssets: 0.667ms
		UnloadImportedAssets: 0.160ms
		EnsureUptoDateAssetsAreRegisteredWithGuidPM: 0.426ms
		ImportSchedulerStart: 0.230ms
	PostProcessAllAssets: 27.157ms
		XRBuildSystem.XRAssetImported 0.088ms
		MonoPostProcessAllAssets: 26.900ms
			UniversalRenderPipelineGlobalSettingsPostprocessor.OnPostprocessAllAssets 4.786ms
			SyncVS.PostprocessSyncProject 3.381ms
			BuilderAssetPostprocessor.OnPostprocessAllAssets 2.684ms
			AssetChangedListener.OnPostprocessAllAssets 2.174ms
			AssetPostprocessor.OnPostprocessAllAssets 1.724ms
			SpriteSlicePostprocessor.OnPostprocessAllAssets 0.857ms
			WindowAssetPostprocessingWatcher.OnPostprocessAllAssets 0.714ms
			ShaderGraphAssetPostProcessor.OnPostprocessAllAssets 0.642ms
			EditModeScopePostprocessor.OnPostprocessAllAssets 0.634ms
			RetainedModeAssetPostprocessor.OnPostprocessAllAssets 0.490ms
			SpeedTree9Postprocessor.OnPostprocessAllAssets 0.355ms
			SpriteEditorTexturePostprocessor.OnPostprocessAllAssets 0.298ms
			RenderPipelineGlobalSettingsPostprocessor.OnPostprocessAllAssets 0.291ms
			ArtifactBrowserPostProcessor.OnPostprocessAllAssets 0.286ms
			MaterialPostprocessor.OnPostprocessAllAssets 0.283ms
			TMPro_TexturePostProcessor.OnPostprocessAllAssets 0.218ms
			ShaderReflectionAssetPostProcessor.OnPostprocessAllAssets 0.210ms
			SpriteShapeAssetPostProcessor.OnPostprocessAllAssets 0.200ms
			AudioMixerPostprocessor.OnPostprocessAllAssets 0.156ms
			InputActionAssetPostprocessor.OnPostprocessAllAssets 0.130ms
			UVCSAssetPostprocessor.OnPostprocessAllAssets 0.124ms
			TextAssetPostProcessor.OnPostprocessAllAssets 0.123ms
			ReferencedClipsPostProcessor.OnPostprocessAllAssets 0.117ms
			PostProcessor.OnPostprocessAllAssets 0.113ms
			InputActionJsonNameModifierAssetProcessor.OnPostprocessAllAssets 0.097ms
			AssetEvents.OnPostprocessAllAssets 0.086ms
			StyleCatalogPostProcessor.OnPostprocessAllAssets 0.075ms
			SpriteLibraryAssetPostprocessor.OnPostprocessAllAssets 0.075ms
			ConfigAssetsTracker.OnPostprocessAllAssets 0.067ms
			SpeedTreePostProcessor.OnPostprocessAllAssets 0.064ms
			TerrainToolbarOverlayPostProcessor.OnPostprocessAllAssets 0.062ms
			ProjectSettingsPostprocessor.OnPostprocessAllAssets 0.061ms
			ThemePostprocessor.OnPostprocessAllAssets 0.055ms
			AudioContainerPostProcessor.OnPostprocessAllAssets 0.054ms
	PostAssetChangesProfiler: 6.175ms
	GatherAllCurrentPrimaryImportResultRevisions: 0.161ms
	PersistCurrentRevisions: 0.090ms
	GenerateScriptTypeHashes: 1.742ms
	GenerateScriptTypeSerializationHashes: 3.209ms
	Untracked: 808.000ms

[Licensing::Client] Successfully resolved entitlement details
[Licensing::Client] Successfully resolved entitlement details
[Licensing::Client] Successfully resolved entitlement details
Asset Pipeline Refresh (id=cd43cbe32312545fa964c88f342b7a61): Total: 0.195 seconds - Initiated by RefreshV2(AllowForceSynchronousImport)
Asset Pipeline Refresh (id=9162732c9b437494eb5c1750e739ce3a): Total: 0.100 seconds - Initiated by RefreshV2(AllowForceSynchronousImport)
Asset Pipeline Refresh (id=e70a47a80fd3a41f9be5c1d93f392c15): Total: 0.117 seconds - Initiated by RefreshV2(AllowForceSynchronousImport)
[ScriptCompilation] Requested script compilation because: AssetDatabase observed changes in script compilation related files
[Licensing::Client] Successfully resolved entitlement details
Starting: /Applications/Unity/Hub/Editor/6000.7.0a4/Unity.app/Contents/Resources/BuildPipeline/bee_backend --ipc --defer-dag-verification --dagfile="Library/Bee/200b0aE.dag" --continue-on-failure --profile="Library/Bee/backend1.traceevents" ScriptAssemblies
WorkingDir: /Users/isaac/UnityProjects/GameShowNight
ExitCode: 0 Duration: 0s512ms
[ 827/1105  0s] ILPP-Configuration Library/ilpp-configuration.nevergeneratedoutput
[1026/1105  0s] Csc Library/Bee/artifacts/200b0aE.dag/Assembly-CSharp.dll (+2 others)
[1102/1105  0s] ILPostProcess Library/Bee/artifacts/200b0aE.dag/post-processed/Assembly-CSharp.dll (+pdb)
Processing assembly Library/Bee/artifacts/200b0aE.dag/Assembly-CSharp.dll, with 145 defines and 371 references
processors: Unity.Jobs.CodeGen.JobsILPostProcessor, zzzUnity.Burst.CodeGen.BurstILPostProcessor
1 processor(s) skipped this assembly
running Unity.Jobs.CodeGen.JobsILPostProcessor
[1103/1105  0s] CopyFiles Library/ScriptAssemblies/Assembly-CSharp.dll
[1104/1105  0s] CopyFiles Library/ScriptAssemblies/Assembly-CSharp.pdb
*** Tundra build success (0.48 seconds), 5 items updated, 1105 evaluated
Reloading assemblies after forced synchronous recompile.
2026-09-13 13:25:39.748 Unity[60376:1602523] NSEventModifierFlagFunction specified to -setKeyEquivalentModifierMask: for item <NSMenuItem: 0x8d22bc3c0 SDF, ke='Command-F12'>, but is only supported for system-provided menu items; will not be used
2026-09-13 13:25:39.751 Unity[60376:1602523] NSEventModifierFlagFunction specified to -setKeyEquivalentModifierMask: for item <NSMenuItem: 0x8dc097e80 SDF, ke='Command-F12'>, but is only supported for system-provided menu items; will not be used
2026-09-13 13:25:39.755 Unity[60376:1602523] NSEventModifierFlagFunction specified to -setKeyEquivalentModifierMask: for item <NSMenuItem: 0x8dc096580 SDF, ke='Command-F12'>, but is only supported for system-provided menu items; will not be used
2026-09-13 13:25:39.758 Unity[60376:1602523] NSEventModifierFlagFunction specified to -setKeyEquivalentModifierMask: for item <NSMenuItem: 0x8e13e59a0 SDF, ke='Command-F12'>, but is only supported for system-provided menu items; will not be used
2026-09-13 13:25:39.762 Unity[60376:1602523] NSEventModifierFlagFunction specified to -setKeyEquivalentModifierMask: for item <NSMenuItem: 0x8dc094640 SDF, ke='Command-F12'>, but is only supported for system-provided menu items; will not be used
2026-09-13 13:25:39.766 Unity[60376:1602523] NSEventModifierFlagFunction specified to -setKeyEquivalentModifierMask: for item <NSMenuItem: 0x8e1be6bc0 SDF, ke='Command-F12'>, but is only supported for system-provided menu items; will not be used
Begin MonoManager ReloadAssembly
Total cache size 181821536
Total cache size after purge 181821536, took 00:00:00.1845539
Refreshing native plugins compatible for Editor in 2.17 ms, found 3 plugins.
[MODES] ModeService[none].Initialize
[MODES] ModeService[none].LoadModes
Native extension for OSXStandalone target not found
2026-09-13 13:25:40.872 Unity[60376:1602523] NSEventModifierFlagFunction specified to -setKeyEquivalentModifierMask: for item <NSMenuItem: 0x8dc094280 SDF, ke='Command-F12'>, but is only supported for system-provided menu items; will not be used
ScheduleIndexationOnStartup MainProcess:True IndexOnStartup:True
Scripting: successfully reloaded assembly
- Finished resetting the current domain, in  1.044 seconds
Domain Reload Profiling: 1735ms
	BeginReloadAssembly (438ms)
		DisableScriptedObjects (95ms)
		CreateAndSetChildDomain (180ms)
	RebuildCommonClasses (4ms)
	RebuildNativeTypeToScriptingClass (7ms)
	initialDomainReloadingComplete (29ms)
	LoadAllAssembliesAndSetupDomain (213ms)
		LoadAssemblies (91ms)
		TypeCache.Refresh (7ms)
		AnalyzeDomain (88ms)
			BuildScriptInfoCaches (83ms)
			ResolveRequiredComponents (3ms)
	FinalizeReload (1044ms)
		SetupLoadedEditorAssemblies (0ms)
			BeforeProcessingInitializeOnLoad (70ms)
			ProcessInitializeOnLoadAttributes (158ms)
			ProcessInitializeOnLoadMethodAttributes (36ms)
		AwakeInstancesAfterBackupRestoration (470ms)

Asset Pipeline Refresh (id=d7f3a5b7bf20a473383109fe93100a65): Total: 3.248 seconds - Initiated by RefreshV2(AllowForceSynchronousImport)
	(Values over 0.05ms)
	Summary:
		Imports: total=0 (actual=0, local cache=0, cache server=0)
		Asset DB Process Time: managed=0 ms, native=1542 ms
		Asset DB Callback time: managed=29 ms, native=18 ms
		Scripting: domain reloads=1, domain reload time=753 ms, compile time=1 ms, other=0 ms
		Project Asset Count: scripts=1599, non-scripts=3302
		Asset File Changes: new=0, changed=1, moved=0, deleted=0
		Scan Filter Count: 1
	InvokePackagesCallback: 0.511ms
	ApplyChangesToAssetFolders: 0.128ms
	Scan: 280.176ms
	Collect global state as custom dependencies: 1.756ms
	ProcessAssetsWithTransientArtifactChanges: 2.984ms
	CategorizeAssets: 46.145ms
	CompileScripts: 0.933ms
	ImportOutOfDateAssets: 1050.387ms (1048.683ms without children)
		CollectScriptTypesHashes: 0.846ms
		ReloadNativeAssets: 0.695ms
		UnloadImportedAssets: 0.119ms
		EnsureUptoDateAssetsAreRegisteredWithGuidPM: 0.474ms
		ImportSchedulerStart: 0.396ms
	PostProcessAllAssets: 26.174ms
		XRBuildSystem.XRAssetImported 0.091ms
		MonoPostProcessAllAssets: 25.868ms
			UniversalRenderPipelineGlobalSettingsPostprocessor.OnPostprocessAllAssets 3.591ms
			SyncVS.PostprocessSyncProject 3.464ms
			BuilderAssetPostprocessor.OnPostprocessAllAssets 3.010ms
			AssetChangedListener.OnPostprocessAllAssets 1.859ms
			AssetPostprocessor.OnPostprocessAllAssets 1.727ms
			SpriteSlicePostprocessor.OnPostprocessAllAssets 0.875ms
			WindowAssetPostprocessingWatcher.OnPostprocessAllAssets 0.793ms
			EditModeScopePostprocessor.OnPostprocessAllAssets 0.624ms
			RetainedModeAssetPostprocessor.OnPostprocessAllAssets 0.518ms
			ShaderGraphAssetPostProcessor.OnPostprocessAllAssets 0.503ms
			SpeedTree9Postprocessor.OnPostprocessAllAssets 0.328ms
			MaterialPostprocessor.OnPostprocessAllAssets 0.307ms
			ArtifactBrowserPostProcessor.OnPostprocessAllAssets 0.281ms
			SpriteEditorTexturePostprocessor.OnPostprocessAllAssets 0.263ms
			RenderPipelineGlobalSettingsPostprocessor.OnPostprocessAllAssets 0.257ms
			TMPro_TexturePostProcessor.OnPostprocessAllAssets 0.225ms
			ShaderReflectionAssetPostProcessor.OnPostprocessAllAssets 0.219ms
			SpriteShapeAssetPostProcessor.OnPostprocessAllAssets 0.192ms
			AudioMixerPostprocessor.OnPostprocessAllAssets 0.162ms
			UVCSAssetPostprocessor.OnPostprocessAllAssets 0.134ms
			InputActionAssetPostprocessor.OnPostprocessAllAssets 0.130ms
			TextAssetPostProcessor.OnPostprocessAllAssets 0.122ms
			ReferencedClipsPostProcessor.OnPostprocessAllAssets 0.120ms
			InputActionJsonNameModifierAssetProcessor.OnPostprocessAllAssets 0.097ms
			AssetEvents.OnPostprocessAllAssets 0.093ms
			PostProcessor.OnPostprocessAllAssets 0.092ms
			StyleCatalogPostProcessor.OnPostprocessAllAssets 0.082ms
			SpriteLibraryAssetPostprocessor.OnPostprocessAllAssets 0.071ms
			ConfigAssetsTracker.OnPostprocessAllAssets 0.067ms
			TerrainToolbarOverlayPostProcessor.OnPostprocessAllAssets 0.061ms
			ProjectSettingsPostprocessor.OnPostprocessAllAssets 0.058ms
			SpeedTreePostProcessor.OnPostprocessAllAssets 0.057ms
			AudioContainerPostProcessor.OnPostprocessAllAssets 0.054ms
			ThemePostprocessor.OnPostprocessAllAssets 0.053ms
			AssetDatabaseCallbacks.OnPostprocessAllAssets 0.051ms
	PostAssetChangesProfiler: 13.036ms
	PersistCurrentRevisions: 0.092ms
	GenerateScriptTypeHashes: 1.699ms
	GenerateScriptTypeSerializationHashes: 3.166ms
	Untracked: 785.701ms

[Licensing::Client] Successfully resolved entitlement details
[Licensing::Client] Successfully resolved entitlement details
[Licensing::Client] Successfully resolved entitlement details
SpriteAtlasPacking completed in 0.003113 sec
Entering Playmode with Reload Domain disabled.
If you experience any issues, please disable "Enter Play Mode Options" in Editor Settings
Loaded scene 'Temp/__Backupscenes/0.backup'
	Deserialize:            39.610 ms
	Integration:            251.124 ms
	Integration of assets:  0.039 ms
	Thread Wait Time:       0.003 ms
	Total Operation Time:   290.776 ms
Thread 0x45a8f7000 may have been prematurely finalized
Unloading 14 Unused Serialized files (Serialized files now loaded: 0)
Loaded scene 'Temp/__Backupscenes/0.backup'
	Deserialize:            3.284 ms
	Integration:            18.211 ms
	Integration of assets:  0.002 ms
	Thread Wait Time:       0.005 ms
	Total Operation Time:   21.502 ms
Unloading 53 unused Assets / (0.5 MB). Loaded Objects now: 10643.
Memory consumption went from 390.4 MB to 389.9 MB.
Total: 18.746291 ms (FindLiveObjects: 0.440167 ms CreateObjectMapping: 0.087708 ms MarkObjects: 17.975875 ms  DeleteObjects: 0.138500 ms)

[Licensing::Client] Successfully resolved entitlement details
2026-09-13 13:26:18.008 Unity[60376:1602523] NSEventModifierFlagFunction specified to -setKeyEquivalentModifierMask: for item <NSMenuItem: 0x8e55ecbe0 SDF, ke='Command-F12'>, but is only supported for system-provided menu items; will not be used
Thread 0x45505f000 may have been prematurely finalized
SpriteAtlasPacking completed in 0.003776 sec
Entering Playmode with Reload Domain disabled.
If you experience any issues, please disable "Enter Play Mode Options" in Editor Settings
Loaded scene 'Temp/__Backupscenes/0.backup'
	Deserialize:            31.180 ms
	Integration:            23.713 ms
	Integration of assets:  0.041 ms
	Thread Wait Time:       0.002 ms
	Total Operation Time:   54.936 ms
Thread 0x468347000 may have been prematurely finalized
Unloading 32 Unused Serialized files (Serialized files now loaded: 0)
Loaded scene 'Temp/__Backupscenes/0.backup'
	Deserialize:            2.297 ms
	Integration:            52.934 ms
	Integration of assets:  0.002 ms
	Thread Wait Time:       0.008 ms
	Total Operation Time:   55.241 ms
Unloading 18 unused Assets / (0.7 MB). Loaded Objects now: 10661.
Memory consumption went from 384.0 MB to 383.3 MB.
Total: 21.961833 ms (FindLiveObjects: 0.370625 ms CreateObjectMapping: 0.107209 ms MarkObjects: 21.310416 ms  DeleteObjects: 0.075625 ms)

[Worker0] Imported GUID: 6a8ee6b7ccba2491f99661b860d6d0e7 - Path: Assets/Scripts/Controllers/ButtonBlankBackgroundController.cs - Importer: PreviewImporter -> (Import Result ID: 'a8e80cb320af04bea1c1506843e4c355') in 0.012188208 seconds
2026-09-13 13:27:12.852 Unity[60376:1602523] NSEventModifierFlagFunction specified to -setKeyEquivalentModifierMask: for item <NSMenuItem: 0x8e5605e00 SDF, ke='Command-F12'>, but is only supported for system-provided menu items; will not be used
[Worker0] Imported GUID: 36329c74e6b3449acb168e2918f9dac2 - Path: Assets/Scripts/Controllers/RemoveQuestionController.cs - Importer: ScriptedImporter/UnityEditor.QuickSearchModule:UnityEditor.Search:ASIAI0B -> (Import Result ID: '4dd0e63b5cfa3adc832047d7fecda612') in 0.0401745 seconds
[Worker1] Imported GUID: 6a8ee6b7ccba2491f99661b860d6d0e7 - Path: Assets/Scripts/Controllers/ButtonBlankBackgroundController.cs - Importer: ScriptedImporter/UnityEditor.QuickSearchModule:UnityEditor.Search:ASIAI0B -> (Import Result ID: '72b96d7b95457855731c32ac14bb58d3') in 0.041746 seconds
[ScriptCompilation] Requested script compilation because: AssetDatabase observed changes in script compilation related files
[Licensing::Client] Successfully resolved entitlement details

Asset Pipeline Refresh (id=ed0f12bc4232d450eb5c4d1a95d1f69f): Total: 0.390 seconds - Initiated by RefreshV2(NoUpdateAssetOptions)
	(Values over 0.05ms)
	Summary:
		Imports: total=0 (actual=0, local cache=0, cache server=0)
		Asset DB Process Time: managed=0 ms, native=258 ms
		Asset DB Callback time: managed=125 ms, native=6 ms
		Scripting: domain reloads=0, domain reload time=0 ms, compile time=0 ms, other=0 ms
		Project Asset Count: scripts=1599, non-scripts=3302
		Asset File Changes: new=0, changed=0, moved=0, deleted=1
		Scan Filter Count: 1
	ApplyChangesToAssetFolders: 0.281ms
	Scan: 204.608ms
	Collect global state as custom dependencies: 0.208ms
	OnSourceAssetsModified: 0.408ms
	ProcessAssetsWithTransientArtifactChanges: 0.442ms
	CategorizeAssets: 16.518ms
	CompileScripts: 0.419ms
	ImportOutOfDateAssets: 0.794ms (0.095ms without children)
		UnloadImportedAssets: 0.065ms
		EnsureUptoDateAssetsAreRegisteredWithGuidPM: 0.322ms
		ImportSchedulerStart: 0.269ms
	PostProcessAllAssets: 126.303ms
		XRBuildSystem.XRAssetImported 2.815ms
		MonoPostProcessAllAssets: 123.382ms
			SyncVS.PostprocessSyncProject 122.098ms
			ConfigAssetsTracker.OnPostprocessAllAssets 0.377ms
			ShaderGraphAssetPostProcessor.OnPostprocessAllAssets 0.337ms
			AssetChangedListener.OnPostprocessAllAssets 0.097ms
			AudioMixerPostprocessor.OnPostprocessAllAssets 0.069ms
			RetainedModeAssetPostprocessor.OnPostprocessAllAssets 0.051ms
	PostAssetChangesProfiler: 4.731ms
	GatherAllCurrentPrimaryImportResultRevisions: 0.762ms
	UnloadStreamsBegin: 2.332ms
	PersistCurrentRevisions: 0.092ms
	Untracked: 31.464ms

Starting: /Applications/Unity/Hub/Editor/6000.7.0a4/Unity.app/Contents/Resources/BuildPipeline/bee_backend --ipc --defer-dag-verification --dagfile="Library/Bee/200b0aE.dag" --continue-on-failure --profile="Library/Bee/backend1.traceevents" ScriptAssemblies
WorkingDir: /Users/isaac/UnityProjects/GameShowNight
ExitCode: 4 Duration: 0s160ms
Rebuilding DAG because FileSignature timestamp changed: Library/Bee/200b0aE-inputdata.json
*** Tundra requires additional run (0.11 seconds), 0 items updated, 169 evaluated
Starting: /Applications/Unity/Hub/Editor/6000.7.0a4/Unity.app/Contents/Resources/Scripting/DotNetSdk/dotnet "/Applications/Unity/Hub/Editor/6000.7.0a4/Unity.app/Contents/Resources/BuildPipeline/ScriptCompilationBuildProgram.exe" "Library/Bee/200b0aE.dag.json" "Library/Bee/200b0aE-inputdata.json" "Library/Bee/buildprogram0.traceevents"
WorkingDir: /Users/isaac/UnityProjects/GameShowNight
ExitCode: 0 Duration: 1s179ms
Starting: /Applications/Unity/Hub/Editor/6000.7.0a4/Unity.app/Contents/Resources/BuildPipeline/bee_backend --ipc --defer-dag-verification --dagfile="Library/Bee/200b0aE.dag" --continue-on-failure --dagfilejson="Library/Bee/200b0aE.dag.json" --profile="Library/Bee/backend2.traceevents" ScriptAssemblies
WorkingDir: /Users/isaac/UnityProjects/GameShowNight
ExitCode: 0 Duration: 0s612ms
Finished compiling graph: 1108 nodes, 24186 flattened edges (20318 ToBuild, 190 ToUse), maximum node priority 1334
[ 548/1105  0s] WriteText Library/Bee/artifacts/200b0aE.dag/Assembly-CSharp.rsp
[ 827/1105  0s] ILPP-Configuration Library/ilpp-configuration.nevergeneratedoutput
[ 900/1105  0s] Csc Library/Bee/artifacts/200b0aE.dag/Assembly-CSharp.dll (+2 others)
[1102/1105  0s] ILPostProcess Library/Bee/artifacts/200b0aE.dag/post-processed/Assembly-CSharp.dll (+pdb)
Processing assembly Library/Bee/artifacts/200b0aE.dag/Assembly-CSharp.dll, with 145 defines and 371 references
processors: Unity.Jobs.CodeGen.JobsILPostProcessor, zzzUnity.Burst.CodeGen.BurstILPostProcessor
1 processor(s) skipped this assembly
running Unity.Jobs.CodeGen.JobsILPostProcessor
[1103/1105  0s] CopyFiles Library/ScriptAssemblies/Assembly-CSharp.pdb
[1104/1105  0s] CopyFiles Library/ScriptAssemblies/Assembly-CSharp.dll
*** Tundra build success (0.58 seconds), 6 items updated, 1105 evaluated
Reloading assemblies after finishing script compilation.
Reloading assemblies after forced synchronous recompile.
2026-09-13 13:27:30.686 Unity[60376:1602523] NSEventModifierFlagFunction specified to -setKeyEquivalentModifierMask: for item <NSMenuItem: 0x8e55ed360 SDF, ke='Command-F12'>, but is only supported for system-provided menu items; will not be used
2026-09-13 13:27:30.689 Unity[60376:1602523] NSEventModifierFlagFunction specified to -setKeyEquivalentModifierMask: for item <NSMenuItem: 0x8e55ef700 SDF, ke='Command-F12'>, but is only supported for system-provided menu items; will not be used
2026-09-13 13:27:30.692 Unity[60376:1602523] NSEventModifierFlagFunction specified to -setKeyEquivalentModifierMask: for item <NSMenuItem: 0x8dc059cc0 SDF, ke='Command-F12'>, but is only supported for system-provided menu items; will not be used
2026-09-13 13:27:30.694 Unity[60376:1602523] NSEventModifierFlagFunction specified to -setKeyEquivalentModifierMask: for item <NSMenuItem: 0x8e55eff20 SDF, ke='Command-F12'>, but is only supported for system-provided menu items; will not be used
2026-09-13 13:27:30.700 Unity[60376:1602523] NSEventModifierFlagFunction specified to -setKeyEquivalentModifierMask: for item <NSMenuItem: 0x8dc058320 SDF, ke='Command-F12'>, but is only supported for system-provided menu items; will not be used
2026-09-13 13:27:30.702 Unity[60376:1602523] NSEventModifierFlagFunction specified to -setKeyEquivalentModifierMask: for item <NSMenuItem: 0x8dc087b60 SDF, ke='Command-F12'>, but is only supported for system-provided menu items; will not be used
Begin MonoManager ReloadAssembly
Total cache size 181821536
Total cache size after purge 181821536, took 00:00:00.1106545
Thread 0x452a9b000 may have been prematurely finalized
[MODES] ModeService[none].Initialize
[MODES] ModeService[none].LoadModes
Native extension for OSXStandalone target not found
2026-09-13 13:27:31.788 Unity[60376:1602523] NSEventModifierFlagFunction specified to -setKeyEquivalentModifierMask: for item <NSMenuItem: 0x8d2320820 SDF, ke='Command-F12'>, but is only supported for system-provided menu items; will not be used
ScheduleIndexationOnStartup MainProcess:True IndexOnStartup:True
Scripting: successfully reloaded assembly
- Finished resetting the current domain, in  1.164 seconds
Domain Reload Profiling: 1895ms
	BeginReloadAssembly (453ms)
		DisableScriptedObjects (80ms)
		CreateAndSetChildDomain (200ms)
	RebuildCommonClasses (4ms)
	RebuildNativeTypeToScriptingClass (8ms)
	initialDomainReloadingComplete (30ms)
	LoadAllAssembliesAndSetupDomain (235ms)
		LoadAssemblies (106ms)
		TypeCache.Refresh (8ms)
		AnalyzeDomain (99ms)
			BuildScriptInfoCaches (94ms)
			ResolveRequiredComponents (3ms)
	FinalizeReload (1165ms)
		SetupLoadedEditorAssemblies (0ms)
			BeforeProcessingInitializeOnLoad (75ms)
			ProcessInitializeOnLoadAttributes (185ms)
			ProcessInitializeOnLoadMethodAttributes (33ms)
		AwakeInstancesAfterBackupRestoration (474ms)

Asset Pipeline Refresh (id=450b0e837d90a43778644875a1e85db8): Total: 2.043 seconds - Initiated by StopAssetImportingV2(ForceSynchronousImport | ForceDomainReload)
	(Values over 0.05ms)
	Summary:
		Imports: total=0 (actual=0, local cache=0, cache server=0)
		Asset DB Process Time: managed=0 ms, native=1244 ms
		Asset DB Callback time: managed=14 ms, native=0 ms
		Scripting: domain reloads=1, domain reload time=782 ms, compile time=1 ms, other=0 ms
		Project Asset Count: scripts=1599, non-scripts=3302
		Asset File Changes: new=0, changed=0, moved=0, deleted=0
		Scan Filter Count: 0
	InvokePackagesCallback: 1.103ms
	ApplyChangesToAssetFolders: 0.190ms
	Collect global state as custom dependencies: 2.421ms
	ProcessAssetsWithTransientArtifactChanges: 2.152ms
	CategorizeAssets: 44.952ms
	CompileScripts: 0.884ms
	ImportOutOfDateAssets: 1168.897ms (1167.312ms without children)
		CollectScriptTypesHashes: 0.603ms
		ReloadNativeAssets: 0.635ms
		UnloadImportedAssets: 0.178ms
		EnsureUptoDateAssetsAreRegisteredWithGuidPM: 0.452ms
		ImportSchedulerStart: 0.301ms
	PostProcessAllAssets: 14.258ms
		MonoPostProcessAllAssets: 14.257ms
			UniversalRenderPipelineGlobalSettingsPostprocessor.OnPostprocessAllAssets 3.636ms
			SyncVS.PostprocessSyncProject 3.264ms
			WindowAssetPostprocessingWatcher.OnPostprocessAllAssets 0.800ms
			EditModeScopePostprocessor.OnPostprocessAllAssets 0.612ms
			ConfigAssetsTracker.OnPostprocessAllAssets 0.377ms
			SpeedTree9Postprocessor.OnPostprocessAllAssets 0.353ms
			ShaderGraphAssetPostProcessor.OnPostprocessAllAssets 0.337ms
			RenderPipelineGlobalSettingsPostprocessor.OnPostprocessAllAssets 0.266ms
			ShaderReflectionAssetPostProcessor.OnPostprocessAllAssets 0.239ms
			ReferencedClipsPostProcessor.OnPostprocessAllAssets 0.113ms
			InputActionAssetPostprocessor.OnPostprocessAllAssets 0.113ms
			AssetChangedListener.OnPostprocessAllAssets 0.097ms
			AudioMixerPostprocessor.OnPostprocessAllAssets 0.069ms
			TerrainToolbarOverlayPostProcessor.OnPostprocessAllAssets 0.067ms
			ProjectSettingsPostprocessor.OnPostprocessAllAssets 0.066ms
			RetainedModeAssetPostprocessor.OnPostprocessAllAssets 0.051ms
	GatherAllCurrentPrimaryImportResultRevisions: 0.180ms
	PersistCurrentRevisions: 0.090ms
	GenerateScriptTypeHashes: 1.600ms
	GenerateScriptTypeSerializationHashes: 2.988ms
	Untracked: 806.030ms

[Licensing::Client] Successfully resolved entitlement details
[Licensing::Client] Successfully resolved entitlement details
[Licensing::Client] Successfully resolved entitlement details
SpriteAtlasPacking completed in 0.006861 sec
Entering Playmode with Reload Domain disabled.
If you experience any issues, please disable "Enter Play Mode Options" in Editor Settings
Loaded scene 'Temp/__Backupscenes/0.backup'
	Deserialize:            40.543 ms
	Integration:            236.763 ms
	Integration of assets:  0.041 ms
	Thread Wait Time:       -0.002 ms
	Total Operation Time:   277.347 ms
Thread 0x468347000 may have been prematurely finalized
Unloading 14 Unused Serialized files (Serialized files now loaded: 0)
Loaded scene 'Temp/__Backupscenes/0.backup'
	Deserialize:            2.806 ms
	Integration:            17.345 ms
	Integration of assets:  0.001 ms
	Thread Wait Time:       0.007 ms
	Total Operation Time:   20.160 ms
Unloading 41 unused Assets / (0.6 MB). Loaded Objects now: 10665.
Memory consumption went from 388.4 MB to 387.8 MB.
Total: 18.976792 ms (FindLiveObjects: 0.413750 ms CreateObjectMapping: 0.061042 ms MarkObjects: 18.255208 ms  DeleteObjects: 0.136667 ms)

[Licensing::Client] Successfully resolved entitlement details
Asset Pipeline Refresh (id=d103d6f300d3f4e4ab1d1bf483505b05): Total: 0.219 seconds - Initiated by RefreshV2(AllowForceSynchronousImport)
Thread 0x45505f000 may have been prematurely finalized
SpriteAtlasPacking completed in 0.004267 sec
Entering Playmode with Reload Domain disabled.
If you experience any issues, please disable "Enter Play Mode Options" in Editor Settings
Loaded scene 'Temp/__Backupscenes/0.backup'
	Deserialize:            27.405 ms
	Integration:            63.270 ms
	Integration of assets:  0.038 ms
	Thread Wait Time:       0.004 ms
	Total Operation Time:   90.717 ms
Thread 0x45505f000 may have been prematurely finalized
Unloading 14 Unused Serialized files (Serialized files now loaded: 0)
Loaded scene 'Temp/__Backupscenes/0.backup'
	Deserialize:            2.497 ms
	Integration:            19.877 ms
	Integration of assets:  0.002 ms
	Thread Wait Time:       0.006 ms
	Total Operation Time:   22.383 ms
Unloading 38 unused Assets / (0.5 MB). Loaded Objects now: 10691.
Memory consumption went from 385.6 MB to 385.1 MB.
Total: 25.135292 ms (FindLiveObjects: 0.364125 ms CreateObjectMapping: 0.088417 ms MarkObjects: 24.438875 ms  DeleteObjects: 0.138208 ms)

[Licensing::Client] Successfully resolved entitlement details
Thread 0x452a9b000 may have been prematurely finalized
SpriteAtlasPacking completed in 0.002700 sec
Entering Playmode with Reload Domain disabled.
If you experience any issues, please disable "Enter Play Mode Options" in Editor Settings
Loaded scene 'Temp/__Backupscenes/0.backup'
	Deserialize:            2.398 ms
	Integration:            19.476 ms
	Integration of assets:  0.032 ms
	Thread Wait Time:       0.005 ms
	Total Operation Time:   21.911 ms
Thread 0x45922f000 may have been prematurely finalized
Unloading 17 Unused Serialized files (Serialized files now loaded: 0)
Loaded scene 'Temp/__Backupscenes/0.backup'
	Deserialize:            2.527 ms
	Integration:            20.413 ms
	Integration of assets:  0.001 ms
	Thread Wait Time:       0.007 ms
	Total Operation Time:   22.948 ms
Unloading 12 unused Assets / (0.9 MB). Loaded Objects now: 10696.
Memory consumption went from 385.6 MB to 384.7 MB.
Total: 24.615292 ms (FindLiveObjects: 0.374625 ms CreateObjectMapping: 0.080584 ms MarkObjects: 24.005541 ms  DeleteObjects: 0.043666 ms)

[ScriptCompilation] Requested script compilation because: AssetDatabase observed changes in script compilation related files
[Licensing::Client] Successfully resolved entitlement details

Asset Pipeline Refresh (id=b9eac1d1290fb410386a9654e8ff5878): Total: 1.256 seconds - Initiated by RefreshV2(NoUpdateAssetOptions)
	(Values over 0.05ms)
	Summary:
		Imports: total=0 (actual=0, local cache=0, cache server=0)
		Asset DB Process Time: managed=0 ms, native=635 ms
		Asset DB Callback time: managed=581 ms, native=37 ms
		Scripting: domain reloads=0, domain reload time=0 ms, compile time=1 ms, other=0 ms
		Project Asset Count: scripts=1599, non-scripts=3302
		Asset File Changes: new=1, changed=1, moved=0, deleted=0
		Scan Filter Count: 1
	ApplyChangesToAssetFolders: 0.649ms
	Scan: 475.174ms
	Collect global state as custom dependencies: 0.572ms
	OnSourceAssetsModified: 1.869ms
	ProcessAssetsWithTransientArtifactChanges: 0.728ms
	CategorizeAssets: 45.076ms
	CompileScripts: 1.008ms
	ImportOutOfDateAssets: 2.938ms (0.381ms without children)
		ReloadNativeAssets: 0.100ms
		UnloadImportedAssets: 0.453ms
		EnsureUptoDateAssetsAreRegisteredWithGuidPM: 1.177ms
		ImportSchedulerStart: 0.824ms
	PostProcessAllAssets: 604.711ms
		XRBuildSystem.XRAssetImported 31.245ms
		ObjectImages.AssetImported 0.123ms
		PostProcessCallbackCreateDeferredMaterials 0.061ms
		MonoPostProcessAllAssets: 572.644ms
			SyncVS.PostprocessSyncProject 518.168ms
			BuilderAssetPostprocessor.OnPostprocessAllAssets 17.154ms
			ShaderGraphAssetPostProcessor.OnPostprocessAllAssets 7.943ms
			AssetPostprocessor.OnPostprocessAllAssets 4.709ms
			AssetChangedListener.OnPostprocessAllAssets 4.322ms
			SpriteSlicePostprocessor.OnPostprocessAllAssets 3.297ms
			ConfigAssetsTracker.OnPostprocessAllAssets 2.305ms
			SpriteEditorTexturePostprocessor.OnPostprocessAllAssets 2.093ms
			TMPro_TexturePostProcessor.OnPostprocessAllAssets 1.346ms
			RetainedModeAssetPostprocessor.OnPostprocessAllAssets 1.105ms
			ArtifactBrowserPostProcessor.OnPostprocessAllAssets 0.941ms
			AudioMixerPostprocessor.OnPostprocessAllAssets 0.759ms
			SpriteShapeAssetPostProcessor.OnPostprocessAllAssets 0.730ms
			UVCSAssetPostprocessor.OnPostprocessAllAssets 0.580ms
			TextAssetPostProcessor.OnPostprocessAllAssets 0.535ms
			AssetEvents.OnPostprocessAllAssets 0.520ms
			StyleCatalogPostProcessor.OnPostprocessAllAssets 0.500ms
			PostProcessor.OnPostprocessAllAssets 0.481ms
			SpriteLibraryAssetPostprocessor.OnPostprocessAllAssets 0.377ms
			InputActionJsonNameModifierAssetProcessor.OnPostprocessAllAssets 0.359ms
			MaterialPostprocessor.OnPostprocessAllAssets 0.327ms
			ThemePostprocessor.OnPostprocessAllAssets 0.275ms
			ScenarioDriftAssetsTracker.OnPostprocessAllAssets 0.247ms
			PSDImportPostProcessor.OnPostprocessAllAssets 0.247ms
			SamplePostprocessor.OnPostprocessAllAssets 0.243ms
			AudioContainerPostProcessor.OnPostprocessAllAssets 0.135ms
			SpeedTreePostProcessor.OnPostprocessAllAssets 0.127ms
			PSDImporterAssetPostProcessor.OnPostprocessAllAssets 0.080ms
			InputActionAssetPostprocessor.OnPostprocessAllAssets 0.074ms
			AssetProcessor.OnPostprocessAllAssets 0.063ms
			RenderPipelineGlobalSettingsPostprocessor.OnPostprocessAllAssets 0.050ms
	PostAssetChangesProfiler: 12.158ms
	GatherAllCurrentPrimaryImportResultRevisions: 1.101ms
	UnloadStreamsBegin: 0.920ms
	PersistCurrentRevisions: 0.184ms
	Untracked: 105.826ms

Starting: /Applications/Unity/Hub/Editor/6000.7.0a4/Unity.app/Contents/Resources/BuildPipeline/bee_backend --ipc --defer-dag-verification --dagfile="Library/Bee/200b0aE.dag" --continue-on-failure --profile="Library/Bee/backend1.traceevents" ScriptAssemblies
WorkingDir: /Users/isaac/UnityProjects/GameShowNight
Starting: /Applications/Unity/Hub/Editor/6000.7.0a4/Unity.app/Contents/Resources/Scripting/DotNetSdk/dotnet "/Applications/Unity/Hub/Editor/6000.7.0a4/Unity.app/Contents/Resources/BuildPipeline/ScriptCompilationBuildProgram.exe" "Library/Bee/200b0aE.dag.json" "Library/Bee/200b0aE-inputdata.json" "Library/Bee/buildprogram0.traceevents"
ExitCode: 4 Duration: 0s136ms
Rebuilding DAG because FileSignature timestamp changed: Library/Bee/200b0aE-inputdata.json
*** Tundra requires additional run (0.10 seconds), 0 items updated, 124 evaluated
WorkingDir: /Users/isaac/UnityProjects/GameShowNight
ExitCode: 0 Duration: 0s946ms
Starting: /Applications/Unity/Hub/Editor/6000.7.0a4/Unity.app/Contents/Resources/BuildPipeline/bee_backend --ipc --defer-dag-verification --dagfile="Library/Bee/200b0aE.dag" --continue-on-failure --dagfilejson="Library/Bee/200b0aE.dag.json" --profile="Library/Bee/backend2.traceevents" ScriptAssemblies
WorkingDir: /Users/isaac/UnityProjects/GameShowNight
ExitCode: 0 Duration: 0s506ms
Finished compiling graph: 1108 nodes, 24186 flattened edges (20318 ToBuild, 190 ToUse), maximum node priority 1334
[ 548/1105  0s] WriteText Library/Bee/artifacts/200b0aE.dag/Assembly-CSharp.rsp
[ 827/1105  0s] ILPP-Configuration Library/ilpp-configuration.nevergeneratedoutput
[ 890/1105  0s] Csc Library/Bee/artifacts/200b0aE.dag/Assembly-CSharp.dll (+2 others)
[1102/1105  0s] ILPostProcess Library/Bee/artifacts/200b0aE.dag/post-processed/Assembly-CSharp.dll (+pdb)
Processing assembly Library/Bee/artifacts/200b0aE.dag/Assembly-CSharp.dll, with 145 defines and 371 references
processors: Unity.Jobs.CodeGen.JobsILPostProcessor, zzzUnity.Burst.CodeGen.BurstILPostProcessor
1 processor(s) skipped this assembly
running Unity.Jobs.CodeGen.JobsILPostProcessor
[1103/1105  0s] CopyFiles Library/ScriptAssemblies/Assembly-CSharp.pdb
[1104/1105  0s] CopyFiles Library/ScriptAssemblies/Assembly-CSharp.dll
*** Tundra build success (0.48 seconds), 6 items updated, 1105 evaluated
2026-09-13 13:30:31.326 Unity[60376:1602523] NSEventModifierFlagFunction specified to -setKeyEquivalentModifierMask: for item <NSMenuItem: 0x8de7b01e0 SDF, ke='Command-F12'>, but is only supported for system-provided menu items; will not be used
2026-09-13 13:30:31.329 Unity[60376:1602523] NSEventModifierFlagFunction specified to -setKeyEquivalentModifierMask: for item <NSMenuItem: 0x8ddf74b40 SDF, ke='Command-F12'>, but is only supported for system-provided menu items; will not be used
2026-09-13 13:30:31.335 Unity[60376:1602523] NSEventModifierFlagFunction specified to -setKeyEquivalentModifierMask: for item <NSMenuItem: 0x8dc08d2c0 SDF, ke='Command-F12'>, but is only supported for system-provided menu items; will not be used
Reloading assemblies after finishing script compilation.
Reloading assemblies after forced synchronous recompile.
Begin MonoManager ReloadAssembly
2026-09-13 13:30:31.338 Unity[60376:1602523] NSEventModifierFlagFunction specified to -setKeyEquivalentModifierMask: for item <NSMenuItem: 0x8dc0ad540 SDF, ke='Command-F12'>, but is only supported for system-provided menu items; will not be used
2026-09-13 13:30:31.347 Unity[60376:1602523] NSEventModifierFlagFunction specified to -setKeyEquivalentModifierMask: for item <NSMenuItem: 0x8dc0a3160 SDF, ke='Command-F12'>, but is only supported for system-provided menu items; will not be used
2026-09-13 13:30:31.355 Unity[60376:1602523] NSEventModifierFlagFunction specified to -setKeyEquivalentModifierMask: for item <NSMenuItem: 0x8d2320000 SDF, ke='Command-F12'>, but is only supported for system-provided menu items; will not be used
Thread 0x450637000 may have been prematurely finalized
Total cache size 181821536
Total cache size after purge 181821536, took 00:00:00.1443506
[MODES] ModeService[none].Initialize
[MODES] ModeService[none].LoadModes
Native extension for OSXStandalone target not found
2026-09-13 13:30:32.377 Unity[60376:1602523] NSEventModifierFlagFunction specified to -setKeyEquivalentModifierMask: for item <NSMenuItem: 0x8d2a17020 SDF, ke='Command-F12'>, but is only supported for system-provided menu items; will not be used
ScheduleIndexationOnStartup MainProcess:True IndexOnStartup:True
Scripting: successfully reloaded assembly
- Finished resetting the current domain, in  1.200 seconds
Domain Reload Profiling: 1884ms
	BeginReloadAssembly (428ms)
		DisableScriptedObjects (55ms)
		CreateAndSetChildDomain (194ms)
	RebuildCommonClasses (4ms)
	RebuildNativeTypeToScriptingClass (7ms)
	initialDomainReloadingComplete (25ms)
	LoadAllAssembliesAndSetupDomain (219ms)
		LoadAssemblies (98ms)
		TypeCache.Refresh (7ms)
		AnalyzeDomain (90ms)
			BuildScriptInfoCaches (85ms)
			ResolveRequiredComponents (3ms)
	FinalizeReload (1200ms)
		SetupLoadedEditorAssemblies (0ms)
			BeforeProcessingInitializeOnLoad (69ms)
			ProcessInitializeOnLoadAttributes (170ms)
			ProcessInitializeOnLoadMethodAttributes (33ms)
		AwakeInstancesAfterBackupRestoration (501ms)

Asset Pipeline Refresh (id=c998cba2bc936407385b25f0f3844c01): Total: 2.061 seconds - Initiated by StopAssetImportingV2(ForceSynchronousImport | ForceDomainReload)
	(Values over 0.05ms)
	Summary:
		Imports: total=0 (actual=0, local cache=0, cache server=0)
		Asset DB Process Time: managed=0 ms, native=1282 ms
		Asset DB Callback time: managed=29 ms, native=7 ms
		Scripting: domain reloads=1, domain reload time=741 ms, compile time=1 ms, other=0 ms
		Project Asset Count: scripts=1599, non-scripts=3302
		Asset File Changes: new=0, changed=0, moved=0, deleted=0
		Scan Filter Count: 0
	InvokePackagesCallback: 1.028ms
	ApplyChangesToAssetFolders: 0.265ms
	Collect global state as custom dependencies: 2.449ms
	ProcessAssetsWithTransientArtifactChanges: 2.732ms
	CategorizeAssets: 46.839ms
	CompileScripts: 0.824ms
	ImportOutOfDateAssets: 1204.279ms (1202.700ms without children)
		CollectScriptTypesHashes: 0.816ms
		ReloadNativeAssets: 0.611ms
		UnloadImportedAssets: 0.219ms
		EnsureUptoDateAssetsAreRegisteredWithGuidPM: 0.477ms
		ImportSchedulerStart: 0.255ms
	PostProcessAllAssets: 29.630ms
		XRBuildSystem.XRAssetImported 0.090ms
		MonoPostProcessAllAssets: 29.353ms
			UniversalRenderPipelineGlobalSettingsPostprocessor.OnPostprocessAllAssets 5.222ms
			BuilderAssetPostprocessor.OnPostprocessAllAssets 3.480ms
			SyncVS.PostprocessSyncProject 3.447ms
			AssetChangedListener.OnPostprocessAllAssets 2.089ms
			AssetPostprocessor.OnPostprocessAllAssets 1.839ms
			SpeedTree9Postprocessor.OnPostprocessAllAssets 1.222ms
			SpriteSlicePostprocessor.OnPostprocessAllAssets 1.017ms
			WindowAssetPostprocessingWatcher.OnPostprocessAllAssets 0.788ms
			EditModeScopePostprocessor.OnPostprocessAllAssets 0.664ms
			ShaderGraphAssetPostProcessor.OnPostprocessAllAssets 0.517ms
			RetainedModeAssetPostprocessor.OnPostprocessAllAssets 0.481ms
			SpriteEditorTexturePostprocessor.OnPostprocessAllAssets 0.311ms
			MaterialPostprocessor.OnPostprocessAllAssets 0.299ms
			ArtifactBrowserPostProcessor.OnPostprocessAllAssets 0.299ms
			RenderPipelineGlobalSettingsPostprocessor.OnPostprocessAllAssets 0.288ms
			TMPro_TexturePostProcessor.OnPostprocessAllAssets 0.231ms
			SpriteShapeAssetPostProcessor.OnPostprocessAllAssets 0.226ms
			ShaderReflectionAssetPostProcessor.OnPostprocessAllAssets 0.219ms
			UVCSAssetPostprocessor.OnPostprocessAllAssets 0.196ms
			AudioMixerPostprocessor.OnPostprocessAllAssets 0.161ms
			TextAssetPostProcessor.OnPostprocessAllAssets 0.136ms
			InputActionAssetPostprocessor.OnPostprocessAllAssets 0.130ms
			InputActionJsonNameModifierAssetProcessor.OnPostprocessAllAssets 0.126ms
			ReferencedClipsPostProcessor.OnPostprocessAllAssets 0.118ms
			StyleCatalogPostProcessor.OnPostprocessAllAssets 0.103ms
			PostProcessor.OnPostprocessAllAssets 0.091ms
			AssetEvents.OnPostprocessAllAssets 0.091ms
			SpriteLibraryAssetPostprocessor.OnPostprocessAllAssets 0.084ms
			ConfigAssetsTracker.OnPostprocessAllAssets 0.070ms
			SamplePostprocessor.OnPostprocessAllAssets 0.065ms
			TerrainToolbarOverlayPostProcessor.OnPostprocessAllAssets 0.060ms
			SpeedTreePostProcessor.OnPostprocessAllAssets 0.058ms
			AudioContainerPostProcessor.OnPostprocessAllAssets 0.057ms
			ProjectSettingsPostprocessor.OnPostprocessAllAssets 0.052ms
			PSDImportPostProcessor.OnPostprocessAllAssets 0.052ms
			ThemePostprocessor.OnPostprocessAllAssets 0.050ms
			AssetDatabaseCallbacks.OnPostprocessAllAssets 0.050ms
	PostAssetChangesProfiler: 6.902ms
	GatherAllCurrentPrimaryImportResultRevisions: 0.212ms
	UnloadStreamsBegin: 0.063ms
	PersistCurrentRevisions: 0.094ms
	GenerateScriptTypeHashes: 1.627ms
	GenerateScriptTypeSerializationHashes: 3.037ms
	Untracked: 763.803ms

[Licensing::Client] Successfully resolved entitlement details
[Licensing::Client] Successfully resolved entitlement details
[Licensing::Client] Successfully resolved entitlement details
[ScriptCompilation] Requested script compilation because: AssetDatabase observed changes in script compilation related files
Starting: /Applications/Unity/Hub/Editor/6000.7.0a4/Unity.app/Contents/Resources/BuildPipeline/bee_backend --ipc --defer-dag-verification --dagfile="Library/Bee/200b0aE.dag" --continue-on-failure --profile="Library/Bee/backend1.traceevents" ScriptAssemblies
WorkingDir: /Users/isaac/UnityProjects/GameShowNight
ExitCode: 0 Duration: 0s424ms
[ 827/1105  0s] ILPP-Configuration Library/ilpp-configuration.nevergeneratedoutput
[1101/1105  0s] Csc Library/Bee/artifacts/200b0aE.dag/Assembly-CSharp.dll (+2 others)
[1102/1105  0s] ILPostProcess Library/Bee/artifacts/200b0aE.dag/post-processed/Assembly-CSharp.dll (+pdb)
Processing assembly Library/Bee/artifacts/200b0aE.dag/Assembly-CSharp.dll, with 145 defines and 371 references
processors: Unity.Jobs.CodeGen.JobsILPostProcessor, zzzUnity.Burst.CodeGen.BurstILPostProcessor
1 processor(s) skipped this assembly
running Unity.Jobs.CodeGen.JobsILPostProcessor
[1103/1105  0s] CopyFiles Library/ScriptAssemblies/Assembly-CSharp.dll
[1104/1105  0s] CopyFiles Library/ScriptAssemblies/Assembly-CSharp.pdb
*** Tundra build success (0.39 seconds), 5 items updated, 1105 evaluated
2026-09-13 13:31:14.364 Unity[60376:1602523] NSEventModifierFlagFunction specified to -setKeyEquivalentModifierMask: for item <NSMenuItem: 0x8dc084dc0 SDF, ke='Command-F12'>, but is only supported for system-provided menu items; will not be used
2026-09-13 13:31:14.367 Unity[60376:1602523] NSEventModifierFlagFunction specified to -setKeyEquivalentModifierMask: for item <NSMenuItem: 0x8d2174e60 SDF, ke='Command-F12'>, but is only supported for system-provided menu items; will not be used
2026-09-13 13:31:14.370 Unity[60376:1602523] NSEventModifierFlagFunction specified to -setKeyEquivalentModifierMask: for item <NSMenuItem: 0x8dc087e80 SDF, ke='Command-F12'>, but is only supported for system-provided menu items; will not be used
2026-09-13 13:31:14.372 Unity[60376:1602523] NSEventModifierFlagFunction specified to -setKeyEquivalentModifierMask: for item <NSMenuItem: 0x8dc087de0 SDF, ke='Command-F12'>, but is only supported for system-provided menu items; will not be used
2026-09-13 13:31:14.375 Unity[60376:1602523] NSEventModifierFlagFunction specified to -setKeyEquivalentModifierMask: for item <NSMenuItem: 0x8dc08fc00 SDF, ke='Command-F12'>, but is only supported for system-provided menu items; will not be used
2026-09-13 13:31:14.378 Unity[60376:1602523] NSEventModifierFlagFunction specified to -setKeyEquivalentModifierMask: for item <NSMenuItem: 0x8d23235c0 SDF, ke='Command-F12'>, but is only supported for system-provided menu items; will not be used
Reloading assemblies after forced synchronous recompile.
Total cache size 181821536
Total cache size after purge 181821536, took 00:00:00.1268317
Begin MonoManager ReloadAssembly
Refreshing native plugins compatible for Editor in 3.72 ms, found 3 plugins.
[MODES] ModeService[none].Initialize
[MODES] ModeService[none].LoadModes
Native extension for OSXStandalone target not found
2026-09-13 13:31:15.519 Unity[60376:1602523] NSEventModifierFlagFunction specified to -setKeyEquivalentModifierMask: for item <NSMenuItem: 0x8ddeb1c20 SDF, ke='Command-F12'>, but is only supported for system-provided menu items; will not be used
ScheduleIndexationOnStartup MainProcess:True IndexOnStartup:True
Scripting: successfully reloaded assembly
- Finished resetting the current domain, in  1.029 seconds
Domain Reload Profiling: 1759ms
	BeginReloadAssembly (477ms)
		DisableScriptedObjects (132ms)
		CreateAndSetChildDomain (181ms)
	RebuildCommonClasses (4ms)
	RebuildNativeTypeToScriptingClass (7ms)
	initialDomainReloadingComplete (27ms)
	LoadAllAssembliesAndSetupDomain (214ms)
		LoadAssemblies (96ms)
		TypeCache.Refresh (7ms)
		AnalyzeDomain (85ms)
			BuildScriptInfoCaches (80ms)
			ResolveRequiredComponents (3ms)
	FinalizeReload (1029ms)
		SetupLoadedEditorAssemblies (0ms)
			BeforeProcessingInitializeOnLoad (66ms)
			ProcessInitializeOnLoadAttributes (160ms)
			ProcessInitializeOnLoadMethodAttributes (41ms)
		AwakeInstancesAfterBackupRestoration (471ms)

Asset Pipeline Refresh (id=1f8b84d2e1a1446508e64d754aca9acf): Total: 3.150 seconds - Initiated by RefreshV2(AllowForceSynchronousImport)
	(Values over 0.05ms)
	Summary:
		Imports: total=0 (actual=0, local cache=0, cache server=0)
		Asset DB Process Time: managed=0 ms, native=1592 ms
		Asset DB Callback time: managed=28 ms, native=17 ms
		Scripting: domain reloads=1, domain reload time=776 ms, compile time=1 ms, other=0 ms
		Project Asset Count: scripts=1599, non-scripts=3302
		Asset File Changes: new=0, changed=1, moved=0, deleted=0
		Scan Filter Count: 1
	InvokePackagesCallback: 0.519ms
	ApplyChangesToAssetFolders: 0.147ms
	Scan: 284.098ms
	Collect global state as custom dependencies: 1.607ms
	ProcessAssetsWithTransientArtifactChanges: 2.653ms
	CategorizeAssets: 45.850ms
	CompileScripts: 0.928ms
	ImportOutOfDateAssets: 1036.647ms (1035.017ms without children)
		CollectScriptTypesHashes: 0.696ms
		ReloadNativeAssets: 0.685ms
		UnloadImportedAssets: 0.166ms
		EnsureUptoDateAssetsAreRegisteredWithGuidPM: 0.446ms
		ImportSchedulerStart: 0.316ms
	PostProcessAllAssets: 26.620ms
		XRBuildSystem.XRAssetImported 0.084ms
		MonoPostProcessAllAssets: 26.314ms
			UniversalRenderPipelineGlobalSettingsPostprocessor.OnPostprocessAllAssets 3.972ms
			SyncVS.PostprocessSyncProject 3.188ms
			BuilderAssetPostprocessor.OnPostprocessAllAssets 2.512ms
			AssetPostprocessor.OnPostprocessAllAssets 1.851ms
			AssetChangedListener.OnPostprocessAllAssets 1.804ms
			SpriteSlicePostprocessor.OnPostprocessAllAssets 1.150ms
			WindowAssetPostprocessingWatcher.OnPostprocessAllAssets 0.777ms
			EditModeScopePostprocessor.OnPostprocessAllAssets 0.679ms
			ShaderGraphAssetPostProcessor.OnPostprocessAllAssets 0.534ms
			RetainedModeAssetPostprocessor.OnPostprocessAllAssets 0.525ms
			SpriteEditorTexturePostprocessor.OnPostprocessAllAssets 0.355ms
			SpeedTree9Postprocessor.OnPostprocessAllAssets 0.336ms
			MaterialPostprocessor.OnPostprocessAllAssets 0.310ms
			ArtifactBrowserPostProcessor.OnPostprocessAllAssets 0.298ms
			RenderPipelineGlobalSettingsPostprocessor.OnPostprocessAllAssets 0.279ms
			TMPro_TexturePostProcessor.OnPostprocessAllAssets 0.247ms
			SpriteShapeAssetPostProcessor.OnPostprocessAllAssets 0.235ms
			ShaderReflectionAssetPostProcessor.OnPostprocessAllAssets 0.220ms
			TextAssetPostProcessor.OnPostprocessAllAssets 0.159ms
			AudioMixerPostprocessor.OnPostprocessAllAssets 0.154ms
			InputActionAssetPostprocessor.OnPostprocessAllAssets 0.138ms
			UVCSAssetPostprocessor.OnPostprocessAllAssets 0.136ms
			ReferencedClipsPostProcessor.OnPostprocessAllAssets 0.113ms
			InputActionJsonNameModifierAssetProcessor.OnPostprocessAllAssets 0.102ms
			AssetEvents.OnPostprocessAllAssets 0.100ms
			PostProcessor.OnPostprocessAllAssets 0.096ms
			TerrainToolbarOverlayPostProcessor.OnPostprocessAllAssets 0.090ms
			SpriteLibraryAssetPostprocessor.OnPostprocessAllAssets 0.081ms
			StyleCatalogPostProcessor.OnPostprocessAllAssets 0.081ms
			ConfigAssetsTracker.OnPostprocessAllAssets 0.067ms
			ProjectSettingsPostprocessor.OnPostprocessAllAssets 0.061ms
			ThemePostprocessor.OnPostprocessAllAssets 0.059ms
			SpeedTreePostProcessor.OnPostprocessAllAssets 0.058ms
			PSDImportPostProcessor.OnPostprocessAllAssets 0.055ms
			SamplePostprocessor.OnPostprocessAllAssets 0.055ms
	PostAssetChangesProfiler: 11.506ms
	PersistCurrentRevisions: 0.091ms
	GenerateScriptTypeHashes: 1.648ms
	GenerateScriptTypeSerializationHashes: 3.081ms
	Untracked: 822.542ms

[Licensing::Client] Successfully resolved entitlement details
[Licensing::Client] Successfully resolved entitlement details
[Licensing::Client] Successfully resolved entitlement details
[Worker0] Imported GUID: 6a8ee6b7ccba2491f99661b860d6d0e7 - Path: Assets/Scripts/Controllers/ButtonBlankBackgroundController.cs - Importer: PreviewImporter -> (Import Result ID: '0b90ba2e7d4374d7d4082859909ffe9e') in 0.010560333 seconds
SpriteAtlasPacking completed in 0.003895 sec
Entering Playmode with Reload Domain disabled.
If you experience any issues, please disable "Enter Play Mode Options" in Editor Settings
Loaded scene 'Temp/__Backupscenes/0.backup'
	Deserialize:            33.075 ms
	Integration:            257.082 ms
	Integration of assets:  0.039 ms
	Thread Wait Time:       0.002 ms
	Total Operation Time:   290.199 ms
Thread 0x47b103000 may have been prematurely finalized
Unloading 20 Unused Serialized files (Serialized files now loaded: 0)
Loaded scene 'Temp/__Backupscenes/0.backup'
	Deserialize:            2.883 ms
	Integration:            18.048 ms
	Integration of assets:  0.002 ms
	Thread Wait Time:       0.008 ms
	Total Operation Time:   20.940 ms
Unloading 42 unused Assets / (0.5 MB). Loaded Objects now: 10764.
Memory consumption went from 384.2 MB to 383.7 MB.
Total: 22.967584 ms (FindLiveObjects: 0.398750 ms CreateObjectMapping: 0.095917 ms MarkObjects: 22.194708 ms  DeleteObjects: 0.173000 ms)

[Licensing::Client] Successfully resolved entitlement details
Thread 0x4543cb000 may have been prematurely finalized
SpriteAtlasPacking completed in 0.002872 sec
Entering Playmode with Reload Domain disabled.
If you experience any issues, please disable "Enter Play Mode Options" in Editor Settings
Loaded scene 'Temp/__Backupscenes/0.backup'
	Deserialize:            2.427 ms
	Integration:            25.832 ms
	Integration of assets:  0.028 ms
	Thread Wait Time:       0.004 ms
	Total Operation Time:   28.292 ms
Thread 0x4724c3000 may have been prematurely finalized
Unloading 19 Unused Serialized files (Serialized files now loaded: 0)
Loaded scene 'Temp/__Backupscenes/0.backup'
	Deserialize:            2.387 ms
	Integration:            17.860 ms
	Integration of assets:  0.001 ms
	Thread Wait Time:       0.006 ms
	Total Operation Time:   20.254 ms
Unloading 10 unused Assets / (0.5 MB). Loaded Objects now: 10773.
Memory consumption went from 386.1 MB to 385.5 MB.
Total: 21.138209 ms (FindLiveObjects: 0.360792 ms CreateObjectMapping: 0.076875 ms MarkObjects: 20.536208 ms  DeleteObjects: 0.053750 ms)

2026-09-13 13:32:19.940 Unity[60376:1602523] NSEventModifierFlagFunction specified to -setKeyEquivalentModifierMask: for item <NSMenuItem: 0x8dc09ed00 SDF, ke='Command-F12'>, but is only supported for system-provided menu items; will not be used
[ScriptCompilation] Requested script compilation because: AssetDatabase observed changes in script compilation related files
Asset Pipeline Refresh (id=e24d3fe2978a64cf9a852efcaacce938): Total: 0.253 seconds - Initiated by StopAssetImportingV2(NoUpdateAssetOptions)
Starting: /Applications/Unity/Hub/Editor/6000.7.0a4/Unity.app/Contents/Resources/BuildPipeline/bee_backend --ipc --defer-dag-verification --dagfile="Library/Bee/200b0aE.dag" --continue-on-failure --profile="Library/Bee/backend1.traceevents" ScriptAssemblies
WorkingDir: /Users/isaac/UnityProjects/GameShowNight
ExitCode: 4 Duration: 0s160ms
Rebuilding DAG because FileSignature timestamp changed: Library/Bee/200b0aE-inputdata.json
*** Tundra requires additional run (0.11 seconds), 0 items updated, 0 evaluated
Starting: /Applications/Unity/Hub/Editor/6000.7.0a4/Unity.app/Contents/Resources/Scripting/DotNetSdk/dotnet "/Applications/Unity/Hub/Editor/6000.7.0a4/Unity.app/Contents/Resources/BuildPipeline/ScriptCompilationBuildProgram.exe" "Library/Bee/200b0aE.dag.json" "Library/Bee/200b0aE-inputdata.json" "Library/Bee/buildprogram0.traceevents"
WorkingDir: /Users/isaac/UnityProjects/GameShowNight
ExitCode: 0 Duration: 1s165ms
Starting: /Applications/Unity/Hub/Editor/6000.7.0a4/Unity.app/Contents/Resources/BuildPipeline/bee_backend --ipc --defer-dag-verification --dagfile="Library/Bee/200b0aE.dag" --continue-on-failure --dagfilejson="Library/Bee/200b0aE.dag.json" --profile="Library/Bee/backend2.traceevents" ScriptAssemblies
WorkingDir: /Users/isaac/UnityProjects/GameShowNight
ExitCode: 0 Duration: 0s558ms
Finished compiling graph: 1108 nodes, 24186 flattened edges (20318 ToBuild, 190 ToUse), maximum node priority 1334
[ 548/1105  0s] WriteText Library/Bee/artifacts/200b0aE.dag/Assembly-CSharp.rsp
[ 827/1105  0s] ILPP-Configuration Library/ilpp-configuration.nevergeneratedoutput
[ 875/1105  0s] Csc Library/Bee/artifacts/200b0aE.dag/Assembly-CSharp.dll (+2 others)
[1102/1105  0s] ILPostProcess Library/Bee/artifacts/200b0aE.dag/post-processed/Assembly-CSharp.dll (+pdb)
Processing assembly Library/Bee/artifacts/200b0aE.dag/Assembly-CSharp.dll, with 145 defines and 371 references
processors: Unity.Jobs.CodeGen.JobsILPostProcessor, zzzUnity.Burst.CodeGen.BurstILPostProcessor
1 processor(s) skipped this assembly
running Unity.Jobs.CodeGen.JobsILPostProcessor
[1103/1105  0s] CopyFiles Library/ScriptAssemblies/Assembly-CSharp.pdb
[1104/1105  0s] CopyFiles Library/ScriptAssemblies/Assembly-CSharp.dll
*** Tundra build success (0.53 seconds), 6 items updated, 1105 evaluated
Reloading assemblies after forced synchronous recompile.
2026-09-13 13:32:27.302 Unity[60376:1602523] NSEventModifierFlagFunction specified to -setKeyEquivalentModifierMask: for item <NSMenuItem: 0x8ddeb1900 SDF, ke='Command-F12'>, but is only supported for system-provided menu items; will not be used
2026-09-13 13:32:27.305 Unity[60376:1602523] NSEventModifierFlagFunction specified to -setKeyEquivalentModifierMask: for item <NSMenuItem: 0x8e1af23a0 SDF, ke='Command-F12'>, but is only supported for system-provided menu items; will not be used
2026-09-13 13:32:27.307 Unity[60376:1602523] NSEventModifierFlagFunction specified to -setKeyEquivalentModifierMask: for item <NSMenuItem: 0x8e66c3020 SDF, ke='Command-F12'>, but is only supported for system-provided menu items; will not be used
2026-09-13 13:32:27.309 Unity[60376:1602523] NSEventModifierFlagFunction specified to -setKeyEquivalentModifierMask: for item <NSMenuItem: 0x8d22bfac0 SDF, ke='Command-F12'>, but is only supported for system-provided menu items; will not be used
2026-09-13 13:32:27.312 Unity[60376:1602523] NSEventModifierFlagFunction specified to -setKeyEquivalentModifierMask: for item <NSMenuItem: 0x8e66c2a80 SDF, ke='Command-F12'>, but is only supported for system-provided menu items; will not be used
2026-09-13 13:32:27.315 Unity[60376:1602523] NSEventModifierFlagFunction specified to -setKeyEquivalentModifierMask: for item <NSMenuItem: 0x8dc05b7a0 SDF, ke='Command-F12'>, but is only supported for system-provided menu items; will not be used
Total cache size 181821536
Begin MonoManager ReloadAssembly
Total cache size after purge 181821536, took 00:00:00.0865440
Thread 0x4543cb000 may have been prematurely finalized
[MODES] ModeService[none].Initialize
[MODES] ModeService[none].LoadModes
Native extension for OSXStandalone target not found
2026-09-13 13:32:28.426 Unity[60376:1602523] NSEventModifierFlagFunction specified to -setKeyEquivalentModifierMask: for item <NSMenuItem: 0x8dc084aa0 SDF, ke='Command-F12'>, but is only supported for system-provided menu items; will not be used
ScheduleIndexationOnStartup MainProcess:True IndexOnStartup:True
Scripting: successfully reloaded assembly
- Finished resetting the current domain, in  1.050 seconds
Domain Reload Profiling: 1746ms
	BeginReloadAssembly (458ms)
		DisableScriptedObjects (79ms)
		CreateAndSetChildDomain (197ms)
	RebuildCommonClasses (4ms)
	RebuildNativeTypeToScriptingClass (7ms)
	initialDomainReloadingComplete (26ms)
	LoadAllAssembliesAndSetupDomain (202ms)
		LoadAssemblies (89ms)
		TypeCache.Refresh (7ms)
		AnalyzeDomain (85ms)
			BuildScriptInfoCaches (81ms)
			ResolveRequiredComponents (3ms)
	FinalizeReload (1050ms)
		SetupLoadedEditorAssemblies (0ms)
			BeforeProcessingInitializeOnLoad (70ms)
			ProcessInitializeOnLoadAttributes (171ms)
			ProcessInitializeOnLoadMethodAttributes (35ms)
		AwakeInstancesAfterBackupRestoration (470ms)

Asset Pipeline Refresh (id=e6dd955143cd64eada9b0f0ca7467472): Total: 3.771 seconds - Initiated by RefreshV2(ForceSynchronousImport)
	(Values over 0.05ms)
	Summary:
		Imports: total=0 (actual=0, local cache=0, cache server=0)
		Asset DB Process Time: managed=0 ms, native=1480 ms
		Asset DB Callback time: managed=13 ms, native=0 ms
		Scripting: domain reloads=1, domain reload time=742 ms, compile time=1534 ms, other=0 ms
		Project Asset Count: scripts=1599, non-scripts=3302
		Asset File Changes: new=0, changed=0, moved=0, deleted=0
		Scan Filter Count: 1
	InvokePackagesCallback: 1.375ms
	ApplyChangesToAssetFolders: 0.201ms
	Scan: 340.609ms
	Collect global state as custom dependencies: 7.961ms
	ProcessAssetsWithTransientArtifactChanges: 2.134ms
	CategorizeAssets: 47.488ms
	CompileScripts: 1533.629ms
	ImportOutOfDateAssets: 1054.310ms (1052.638ms without children)
		CollectScriptTypesHashes: 0.687ms
		ReloadNativeAssets: 0.691ms
		UnloadImportedAssets: 0.220ms
		EnsureUptoDateAssetsAreRegisteredWithGuidPM: 0.435ms
		ImportSchedulerStart: 0.297ms
	PostProcessAllAssets: 13.860ms
		MonoPostProcessAllAssets: 13.859ms
			UniversalRenderPipelineGlobalSettingsPostprocessor.OnPostprocessAllAssets 3.761ms
			SyncVS.PostprocessSyncProject 2.836ms
			WindowAssetPostprocessingWatcher.OnPostprocessAllAssets 0.769ms
			EditModeScopePostprocessor.OnPostprocessAllAssets 0.632ms
			ConfigAssetsTracker.OnPostprocessAllAssets 0.431ms
			ShaderGraphAssetPostProcessor.OnPostprocessAllAssets 0.391ms
			SpeedTree9Postprocessor.OnPostprocessAllAssets 0.319ms
			RenderPipelineGlobalSettingsPostprocessor.OnPostprocessAllAssets 0.269ms
			ShaderReflectionAssetPostProcessor.OnPostprocessAllAssets 0.224ms
			ReferencedClipsPostProcessor.OnPostprocessAllAssets 0.123ms
			InputActionAssetPostprocessor.OnPostprocessAllAssets 0.103ms
			AssetChangedListener.OnPostprocessAllAssets 0.086ms
			AudioMixerPostprocessor.OnPostprocessAllAssets 0.080ms
			ProjectSettingsPostprocessor.OnPostprocessAllAssets 0.068ms
			TerrainToolbarOverlayPostProcessor.OnPostprocessAllAssets 0.059ms
			AssetDatabaseCallbacks.OnPostprocessAllAssets 0.054ms
			AssetPostprocessor.OnPostprocessAllAssets 0.053ms
			SpriteEditorTexturePostprocessor.OnPostprocessAllAssets 0.050ms
	GatherAllCurrentPrimaryImportResultRevisions: 0.255ms
	PersistCurrentRevisions: 0.092ms
	GenerateScriptTypeHashes: 1.933ms
	GenerateScriptTypeSerializationHashes: 3.503ms
	Untracked: 766.761ms

[Licensing::Client] Successfully resolved entitlement details
[Licensing::Client] Successfully resolved entitlement details
[Licensing::Client] Successfully resolved entitlement details
Asset Pipeline Refresh (id=db906082d23814a0ab84495aef33b6f3): Total: 0.095 seconds - Initiated by RefreshV2(AllowForceSynchronousImport)
SpriteAtlasPacking completed in 0.003816 sec
Entering Playmode with Reload Domain disabled.
If you experience any issues, please disable "Enter Play Mode Options" in Editor Settings
The referenced script (Unknown) on this Behaviour is missing!
Loaded scene 'Temp/__Backupscenes/0.backup'
	Deserialize:            7.739 ms
	Integration:            224.359 ms
	Integration of assets:  0.044 ms
	Thread Wait Time:       0.005 ms
	Total Operation Time:   232.147 ms
Thread 0x458917000 may have been prematurely finalized
Unloading 14 Unused Serialized files (Serialized files now loaded: 0)
Loaded scene 'Temp/__Backupscenes/0.backup'
	Deserialize:            3.282 ms
	Integration:            31.770 ms
	Integration of assets:  0.001 ms
	Thread Wait Time:       0.020 ms
	Total Operation Time:   35.073 ms
Unloading 44 unused Assets / (0.7 MB). Loaded Objects now: 10769.
Memory consumption went from 416.3 MB to 415.5 MB.
Total: 20.751417 ms (FindLiveObjects: 0.485916 ms CreateObjectMapping: 0.082792 ms MarkObjects: 19.935541 ms  DeleteObjects: 0.127292 ms)

Thread 0x4543cb000 may have been prematurely finalized
SpriteAtlasPacking completed in 0.002895 sec
Entering Playmode with Reload Domain disabled.
If you experience any issues, please disable "Enter Play Mode Options" in Editor Settings
The referenced script (Unknown) on this Behaviour is missing!
Loaded scene 'Temp/__Backupscenes/0.backup'
	Deserialize:            2.647 ms
	Integration:            26.398 ms
	Integration of assets:  0.029 ms
	Thread Wait Time:       0.004 ms
	Total Operation Time:   29.079 ms
Thread 0x45966b000 may have been prematurely finalized
Unloading 16 Unused Serialized files (Serialized files now loaded: 0)
Loaded scene 'Temp/__Backupscenes/0.backup'
	Deserialize:            2.806 ms
	Integration:            18.866 ms
	Integration of assets:  0.002 ms
	Thread Wait Time:       0.007 ms
	Total Operation Time:   21.681 ms
Unloading 11 unused Assets / (0.6 MB). Loaded Objects now: 10774.
Memory consumption went from 386.3 MB to 385.7 MB.
Total: 20.740708 ms (FindLiveObjects: 0.457791 ms CreateObjectMapping: 0.173709 ms MarkObjects: 19.943291 ms  DeleteObjects: 0.055042 ms)

Thread 0x4543cb000 may have been prematurely finalized
SpriteAtlasPacking completed in 0.004025 sec
Entering Playmode with Reload Domain disabled.
If you experience any issues, please disable "Enter Play Mode Options" in Editor Settings
Loaded scene 'Temp/__Backupscenes/0.backup'
	Deserialize:            32.413 ms
	Integration:            27.784 ms
	Integration of assets:  0.045 ms
	Thread Wait Time:       -0.008 ms
	Total Operation Time:   60.234 ms
Thread 0x45a8f7000 may have been prematurely finalized
Unloading 17 Unused Serialized files (Serialized files now loaded: 0)
Loaded scene 'Temp/__Backupscenes/0.backup'
	Deserialize:            2.080 ms
	Integration:            19.529 ms
	Integration of assets:  0.001 ms
	Thread Wait Time:       0.007 ms
	Total Operation Time:   21.618 ms
Unloading 11 unused Assets / (0.6 MB). Loaded Objects now: 10784.
Memory consumption went from 387.0 MB to 386.4 MB.
Total: 24.964000 ms (FindLiveObjects: 0.396541 ms CreateObjectMapping: 0.079375 ms MarkObjects: 24.332625 ms  DeleteObjects: 0.046708 ms)

[Licensing::Client] Successfully resolved entitlement details
Thread 0x456247000 may have been prematurely finalized
SpriteAtlasPacking completed in 0.003218 sec
Entering Playmode with Reload Domain disabled.
If you experience any issues, please disable "Enter Play Mode Options" in Editor Settings
Loaded scene 'Temp/__Backupscenes/0.backup'
	Deserialize:            36.677 ms
	Integration:            48.548 ms
	Integration of assets:  0.041 ms
	Thread Wait Time:       -0.005 ms
	Total Operation Time:   85.261 ms
Thread 0x4753b3000 may have been prematurely finalized
Unloading 16 Unused Serialized files (Serialized files now loaded: 0)
Loaded scene 'Temp/__Backupscenes/0.backup'
	Deserialize:            2.598 ms
	Integration:            34.792 ms
	Integration of assets:  0.002 ms
	Thread Wait Time:       0.006 ms
	Total Operation Time:   37.399 ms
Unloading 11 unused Assets / (0.6 MB). Loaded Objects now: 10789.
Memory consumption went from 387.0 MB to 386.4 MB.
Total: 25.804791 ms (FindLiveObjects: 0.365541 ms CreateObjectMapping: 0.075500 ms MarkObjects: 25.206875 ms  DeleteObjects: 0.042500 ms)

Asset Pipeline Refresh (id=1bf5f5217196f4543a65e4f413a67427): Total: 0.178 seconds - Initiated by RefreshV2(AllowForceSynchronousImport)
Thread 0x4543cb000 may have been prematurely finalized
SpriteAtlasPacking completed in 0.004878 sec
Entering Playmode with Reload Domain disabled.
If you experience any issues, please disable "Enter Play Mode Options" in Editor Settings
Loaded scene 'Temp/__Backupscenes/0.backup'
	Deserialize:            33.467 ms
	Integration:            74.816 ms
	Integration of assets:  0.036 ms
	Thread Wait Time:       -0.000 ms
	Total Operation Time:   108.319 ms
Thread 0x4591a3000 may have been prematurely finalized
Unloading 14 Unused Serialized files (Serialized files now loaded: 0)
Loaded scene 'Temp/__Backupscenes/0.backup'
	Deserialize:            2.348 ms
	Integration:            20.357 ms
	Integration of assets:  0.001 ms
	Thread Wait Time:       0.006 ms
	Total Operation Time:   22.713 ms
Unloading 11 unused Assets / (0.6 MB). Loaded Objects now: 10794.
Memory consumption went from 387.2 MB to 386.6 MB.
Total: 29.313792 ms (FindLiveObjects: 0.374125 ms CreateObjectMapping: 0.090167 ms MarkObjects: 28.667500 ms  DeleteObjects: 0.063291 ms)

[Licensing::Client] Successfully resolved entitlement details
Thread 0x45505f000 may have been prematurely finalized
SpriteAtlasPacking completed in 0.002588 sec
Entering Playmode with Reload Domain disabled.
If you experience any issues, please disable "Enter Play Mode Options" in Editor Settings
Loaded scene 'Temp/__Backupscenes/0.backup'
	Deserialize:            1.949 ms
	Integration:            23.320 ms
	Integration of assets:  0.027 ms
	Thread Wait Time:       0.005 ms
	Total Operation Time:   25.300 ms
Thread 0x45b8cb000 may have been prematurely finalized
Unloading 16 Unused Serialized files (Serialized files now loaded: 0)
Loaded scene 'Temp/__Backupscenes/0.backup'
	Deserialize:            2.134 ms
	Integration:            21.559 ms
	Integration of assets:  0.001 ms
	Thread Wait Time:       0.007 ms
	Total Operation Time:   23.702 ms
Unloading 11 unused Assets / (0.6 MB). Loaded Objects now: 10799.
Memory consumption went from 387.3 MB to 386.7 MB.
Total: 27.164250 ms (FindLiveObjects: 0.365042 ms CreateObjectMapping: 0.090458 ms MarkObjects: 26.554375 ms  DeleteObjects: 0.039042 ms)

[Licensing::Client] Successfully resolved entitlement details
Project ID request failed, Reason: The requested URL returned error: 401 (401).
Unknown Unity Connect error (400). Please contact support at support@unity.com while processing request "https://services.unity.com/api/unity/legacy/v1/projects/b1e31746-d8d5-4dd1-b346-428c91bb6578", HTTP error code 401
.[Licensing::Client] Successfully resolved entitlement details
[Licensing::Client] Successfully updated the access token
[Licensing::Module] Successfully updated access token: "-OLmJiFN"... (expires: 2026-09-13T13:41:37Z)
[Licensing::Client] Successfully resolved entitlement details
[Licensing::Client] Successfully resolved entitlement details
Project ID request failed, Reason: The requested URL returned error: 401 (401).
Unknown Unity Connect error (400). Please contact support at support@unity.com while processing request "https://services.unity.com/api/unity/legacy/v1/projects/b1e31746-d8d5-4dd1-b346-428c91bb6578", HTTP error code 401
.Thread 0x45505f000 may have been prematurely finalized
SpriteAtlasPacking completed in 0.009298 sec
Entering Playmode with Reload Domain disabled.
If you experience any issues, please disable "Enter Play Mode Options" in Editor Settings
Loaded scene 'Temp/__Backupscenes/0.backup'
	Deserialize:            37.368 ms
	Integration:            70.536 ms
	Integration of assets:  0.035 ms
	Thread Wait Time:       -0.000 ms
	Total Operation Time:   107.938 ms
Thread 0x4724c3000 may have been prematurely finalized
Unloading 16 Unused Serialized files (Serialized files now loaded: 0)
Loaded scene 'Temp/__Backupscenes/0.backup'
	Deserialize:            2.578 ms
	Integration:            23.063 ms
	Integration of assets:  0.002 ms
	Thread Wait Time:       0.007 ms
	Total Operation Time:   25.650 ms
Unloading 11 unused Assets / (0.6 MB). Loaded Objects now: 10804.
Memory consumption went from 387.4 MB to 386.8 MB.
Total: 34.387708 ms (FindLiveObjects: 0.380666 ms CreateObjectMapping: 0.087083 ms MarkObjects: 33.738042 ms  DeleteObjects: 0.065250 ms)

[Licensing::Client] Successfully resolved entitlement details
Thread 0x4591a3000 may have been prematurely finalized
SpriteAtlasPacking completed in 0.004231 sec
Entering Playmode with Reload Domain disabled.
If you experience any issues, please disable "Enter Play Mode Options" in Editor Settings
Loaded scene 'Temp/__Backupscenes/0.backup'
	Deserialize:            2.014 ms
	Integration:            25.380 ms
	Integration of assets:  0.026 ms
	Thread Wait Time:       0.005 ms
	Total Operation Time:   27.425 ms
Thread 0x4724c3000 may have been prematurely finalized
Unloading 16 Unused Serialized files (Serialized files now loaded: 0)
Loaded scene 'Temp/__Backupscenes/0.backup'
	Deserialize:            2.296 ms
	Integration:            23.811 ms
	Integration of assets:  0.001 ms
	Thread Wait Time:       0.007 ms
	Total Operation Time:   26.115 ms
Unloading 11 unused Assets / (0.6 MB). Loaded Objects now: 10809.
Memory consumption went from 387.7 MB to 387.1 MB.
Total: 31.440333 ms (FindLiveObjects: 0.413292 ms CreateObjectMapping: 0.080250 ms MarkObjects: 30.778583 ms  DeleteObjects: 0.042833 ms)

Thread 0x45505f000 may have been prematurely finalized
SpriteAtlasPacking completed in 0.002657 sec
Entering Playmode with Reload Domain disabled.
If you experience any issues, please disable "Enter Play Mode Options" in Editor Settings
Loaded scene 'Temp/__Backupscenes/0.backup'
	Deserialize:            2.066 ms
	Integration:            25.813 ms
	Integration of assets:  0.035 ms
	Thread Wait Time:       0.009 ms
	Total Operation Time:   27.923 ms
Thread 0x4724c3000 may have been prematurely finalized
Unloading 16 Unused Serialized files (Serialized files now loaded: 0)
Loaded scene 'Temp/__Backupscenes/0.backup'
	Deserialize:            2.200 ms
	Integration:            24.262 ms
	Integration of assets:  0.001 ms
	Thread Wait Time:       0.007 ms
	Total Operation Time:   26.471 ms
Unloading 11 unused Assets / (0.6 MB). Loaded Objects now: 10814.
Memory consumption went from 388.4 MB to 387.8 MB.
Total: 31.862500 ms (FindLiveObjects: 0.413208 ms CreateObjectMapping: 0.109375 ms MarkObjects: 31.179625 ms  DeleteObjects: 0.038209 ms)

Thread 0x4591a3000 may have been prematurely finalized
SpriteAtlasPacking completed in 0.002510 sec
Entering Playmode with Reload Domain disabled.
If you experience any issues, please disable "Enter Play Mode Options" in Editor Settings
Loaded scene 'Temp/__Backupscenes/0.backup'
	Deserialize:            1.873 ms
	Integration:            26.010 ms
	Integration of assets:  0.028 ms
	Thread Wait Time:       0.005 ms
	Total Operation Time:   27.916 ms
Thread 0x4724c3000 may have been prematurely finalized
Unloading 16 Unused Serialized files (Serialized files now loaded: 0)
Loaded scene 'Temp/__Backupscenes/0.backup'
	Deserialize:            2.095 ms
	Integration:            61.312 ms
	Integration of assets:  0.001 ms
	Thread Wait Time:       0.007 ms
	Total Operation Time:   63.415 ms
Unloading 11 unused Assets / (0.6 MB). Loaded Objects now: 10819.
Memory consumption went from 388.2 MB to 387.6 MB.
Total: 33.760333 ms (FindLiveObjects: 0.360583 ms CreateObjectMapping: 0.097334 ms MarkObjects: 33.153750 ms  DeleteObjects: 0.035875 ms)

Asset Pipeline Refresh (id=e3e62da5647ee4f5ebd3f4f173a64a33): Total: 0.171 seconds - Initiated by RefreshV2(AllowForceSynchronousImport)
Asset Pipeline Refresh (id=a7b0d41d2a1f0456b95f1bb0f317e9b4): Total: 0.145 seconds - Initiated by RefreshV2(AllowForceSynchronousImport)
Scanning for USB devices : 0.068ms
Curl error 42: Callback aborted
[Licensing::Client] Successfully resolved entitlement details
[Licensing::Client] Successfully resolved entitlement details
[Licensing::Client] Successfully updated the access token
[Licensing::Module] Successfully updated access token: "C68ThmQz"... (expires: 2026-09-13T15:48:19Z)
[Licensing::Client] Successfully resolved entitlement details
[Licensing::Client] Successfully resolved entitlement details
[Licensing::Client] Successfully resolved entitlement details
Asset Pipeline Refresh (id=3ecc0adeef6f84394b81dabd6dec2d04): Total: 0.144 seconds - Initiated by RefreshV2(AllowForceSynchronousImport)
Thread 0x4591a3000 may have been prematurely finalized
SpriteAtlasPacking completed in 0.025725 sec
Entering Playmode with Reload Domain disabled.
If you experience any issues, please disable "Enter Play Mode Options" in Editor Settings
Loaded scene 'Temp/__Backupscenes/0.backup'
	Deserialize:            36.156 ms
	Integration:            87.418 ms
	Integration of assets:  0.156 ms
	Thread Wait Time:       0.001 ms
	Total Operation Time:   123.731 ms
[Licensing::Client] Successfully resolved entitlement details
Asset Pipeline Refresh (id=aa93595050e4f4b89b7deef85fd8bd14): Total: 0.221 seconds - Initiated by RefreshV2(NoUpdateAssetOptions)
UnityConnectWebRequestException: Token Exchange failed due a failure with the web request.
  at UnityEditor.Connect.TokenExchange.VerifyTokenExchangeResponse (UnityEngine.Networking.UnityWebRequest exchangeRequest) [0x00009] in /Users/bokken/build/output/unity/unity/Editor/Mono/UnityConnect/ServiceToken/TokenExchange/TokenExchange.cs:106 
  at UnityEditor.Connect.TokenExchange.TokenExchangeRequestAsync (UnityEditor.Connect.TokenExchangeRequest tokenExchangeRequest, System.Threading.CancellationToken cancellationToken) [0x00195] in /Users/bokken/build/output/unity/unity/Editor/Mono/UnityConnect/ServiceToken/TokenExchange/TokenExchange.cs:89 
  at UnityEditor.Connect.TokenExchange.GetServiceTokenAsync (System.String genesisToken, System.Threading.CancellationToken cancellationToken) [0x00031] in /Users/bokken/build/output/unity/unity/Editor/Mono/UnityConnect/ServiceToken/TokenExchange/TokenExchange.cs:33 
  at UnityEditor.Connect.ServiceToken.GetServiceTokenAsync (System.String genesisToken, System.Threading.CancellationToken cancellationToken) [0x000f3] in /Users/bokken/build/output/unity/unity/Editor/Mono/UnityConnect/ServiceToken/ServiceToken.cs:50 
  at UnityEditor.Connect.UnityConnect.RequestNewServiceToken () [0x0003b] in /Users/bokken/build/output/unity/unity/Editor/Mono/UnityConnect/UnityConnect.bindings.cs:564 
  at System.Runtime.CompilerServices.AsyncMethodBuilderCore+<>c.<ThrowAsync>b__7_0 (System.Object state) [0x00000] in <a145436f8291401f83a99993a54f74b5>:0 
  at UnityEngine.UnitySynchronizationContext+WorkRequest.Invoke () [0x00000] in /Users/bokken/build/output/unity/unity/Runtime/Export/Scripting/UnitySynchronizationContext.cs:155 
  at UnityEngine.UnitySynchronizationContext.Exec () [0x00052] in /Users/bokken/build/output/unity/unity/Runtime/Export/Scripting/UnitySynchronizationContext.cs:83 
  at UnityEngine.UnitySynchronizationContext.ExecuteTasks () [0x0000e] in /Users/bokken/build/output/unity/unity/Runtime/Export/Scripting/UnitySynchronizationContext.cs:109 
UnityEngine.StackTraceUtility:ExtractStringFromExceptionInternal(Object, String&, String&) (at /Users/bokken/build/output/unity/unity/Runtime/Export/Scripting/StackTrace.cs:50)

(Filename: /Users/bokken/build/output/unity/unity/Editor/Mono/UnityConnect/ServiceToken/TokenExchange/TokenExchange.cs Line: 106)

Curl error 3: URL rejected: Error
Curl error 3: URL rejected: Error
Curl error 3: URL rejected: Error
Curl error 3: URL rejected: Error
[Licensing::Client] Successfully resolved entitlement details
Thread 0x45c47b000 may have been prematurely finalized
Unloading 0 Unused Serialized files (Serialized files now loaded: 0)
Loaded scene 'Temp/__Backupscenes/0.backup'
	Deserialize:            3.409 ms
	Integration:            63.668 ms
	Integration of assets:  0.004 ms
	Thread Wait Time:       0.003 ms
	Total Operation Time:   67.084 ms
Unloading 11 unused Assets / (7.5 KB). Loaded Objects now: 10824.
Memory consumption went from 389.0 MB to 389.0 MB.
Total: 38.553375 ms (FindLiveObjects: 0.334333 ms CreateObjectMapping: 0.073000 ms MarkObjects: 37.523334 ms  DeleteObjects: 0.510750 ms)

[Licensing::Client] Successfully resolved entitlement details
Thread 0x45966b000 may have been prematurely finalized
SpriteAtlasPacking completed in 0.004191 sec
Entering Playmode with Reload Domain disabled.
If you experience any issues, please disable "Enter Play Mode Options" in Editor Settings
Loaded scene 'Temp/__Backupscenes/0.backup'
	Deserialize:            35.899 ms
	Integration:            27.742 ms
	Integration of assets:  0.035 ms
	Thread Wait Time:       -0.001 ms
	Total Operation Time:   63.675 ms
[Licensing::Client] Successfully updated the access token
[Licensing::Module] Successfully updated access token: "6NJ38c-V"... (expires: 2026-09-13T17:55:21Z)
Project ID request failed, Reason: The requested URL returned error: 401 (401).
Unknown Unity Connect error (400). Please contact support at support@unity.com while processing request "https://services.unity.com/api/unity/legacy/v1/projects/b1e31746-d8d5-4dd1-b346-428c91bb6578", HTTP error code 401
.[Licensing::Client] Successfully resolved entitlement details
Thread 0x473fef000 may have been prematurely finalized
Unloading 16 Unused Serialized files (Serialized files now loaded: 0)
Loaded scene 'Temp/__Backupscenes/0.backup'
	Deserialize:            2.158 ms
	Integration:            59.363 ms
	Integration of assets:  0.001 ms
	Thread Wait Time:       0.004 ms
	Total Operation Time:   61.527 ms
Unloading 11 unused Assets / (0.6 MB). Loaded Objects now: 10829.
Memory consumption went from 389.2 MB to 388.6 MB.
Total: 37.597000 ms (FindLiveObjects: 0.363292 ms CreateObjectMapping: 0.112125 ms MarkObjects: 36.946875 ms  DeleteObjects: 0.048125 ms)

[Licensing::Client] Successfully resolved entitlement details
UPID Received 'b1e31746-d8d5-4dd1-b346-428c91bb6578'.
Thread 0x456247000 may have been prematurely finalized
SpriteAtlasPacking completed in 0.002796 sec
Entering Playmode with Reload Domain disabled.
If you experience any issues, please disable "Enter Play Mode Options" in Editor Settings
Loaded scene 'Temp/__Backupscenes/0.backup'
	Deserialize:            35.170 ms
	Integration:            27.302 ms
	Integration of assets:  0.032 ms
	Thread Wait Time:       -0.001 ms
	Total Operation Time:   62.503 ms
Thread 0x45b8cb000 may have been prematurely finalized
Unloading 16 Unused Serialized files (Serialized files now loaded: 0)
Loaded scene 'Temp/__Backupscenes/0.backup'
	Deserialize:            2.327 ms
	Integration:            27.239 ms
	Integration of assets:  0.002 ms
	Thread Wait Time:       0.009 ms
	Total Operation Time:   29.577 ms
Unloading 11 unused Assets / (0.6 MB). Loaded Objects now: 10834.
Memory consumption went from 389.6 MB to 389.0 MB.
Total: 39.287625 ms (FindLiveObjects: 0.373958 ms CreateObjectMapping: 0.087667 ms MarkObjects: 38.659625 ms  DeleteObjects: 0.046166 ms)

Thread 0x4591a3000 may have been prematurely finalized
SpriteAtlasPacking completed in 0.002972 sec
Entering Playmode with Reload Domain disabled.
If you experience any issues, please disable "Enter Play Mode Options" in Editor Settings
Loaded scene 'Temp/__Backupscenes/0.backup'
	Deserialize:            1.902 ms
	Integration:            28.074 ms
	Integration of assets:  0.024 ms
	Thread Wait Time:       0.004 ms
	Total Operation Time:   30.004 ms
Thread 0x473fef000 may have been prematurely finalized
Unloading 16 Unused Serialized files (Serialized files now loaded: 0)
Loaded scene 'Temp/__Backupscenes/0.backup'
	Deserialize:            2.124 ms
	Integration:            27.881 ms
	Integration of assets:  0.001 ms
	Thread Wait Time:       0.007 ms
	Total Operation Time:   30.013 ms
Unloading 11 unused Assets / (0.6 MB). Loaded Objects now: 10839.
Memory consumption went from 389.9 MB to 389.3 MB.
Total: 43.931875 ms (FindLiveObjects: 0.376375 ms CreateObjectMapping: 0.095208 ms MarkObjects: 43.276792 ms  DeleteObjects: 0.060333 ms)

Thread 0x4591a3000 may have been prematurely finalized
SpriteAtlasPacking completed in 0.002637 sec
Entering Playmode with Reload Domain disabled.
If you experience any issues, please disable "Enter Play Mode Options" in Editor Settings
Loaded scene 'Temp/__Backupscenes/0.backup'
	Deserialize:            1.834 ms
	Integration:            28.716 ms
	Integration of assets:  0.025 ms
	Thread Wait Time:       0.004 ms
	Total Operation Time:   30.580 ms
Thread 0x4753b3000 may have been prematurely finalized
Unloading 16 Unused Serialized files (Serialized files now loaded: 0)
Loaded scene 'Temp/__Backupscenes/0.backup'
	Deserialize:            2.152 ms
	Integration:            65.552 ms
	Integration of assets:  0.001 ms
	Thread Wait Time:       0.009 ms
	Total Operation Time:   67.714 ms
Unloading 11 unused Assets / (0.6 MB). Loaded Objects now: 10844.
Memory consumption went from 390.1 MB to 389.5 MB.
Total: 44.578916 ms (FindLiveObjects: 0.359250 ms CreateObjectMapping: 0.085125 ms MarkObjects: 43.977750 ms  DeleteObjects: 0.036875 ms)

[Licensing::Client] Successfully resolved entitlement details
[Licensing::Client] Successfully resolved entitlement details
[Licensing::Client] Successfully resolved entitlement details
[Licensing::Client] Successfully resolved entitlement details
[Licensing::Client] Successfully updated the access token
[Licensing::Module] Successfully updated access token: "c1cdElTZ"... (expires: 2026-09-13T19:56:58Z)
[Licensing::Client] Successfully resolved entitlement details
[Licensing::Client] Successfully resolved entitlement details
[Licensing::Client] Successfully resolved entitlement details

Asset Pipeline Refresh (id=0220605167cc94624a3c8f5e83f78fc0): Total: 0.374 seconds - Initiated by RefreshV2(AllowForceSynchronousImport)
	(Values over 0.05ms)
	Summary:
		Imports: total=0 (actual=0, local cache=0, cache server=0)
		Asset DB Process Time: managed=0 ms, native=371 ms
		Asset DB Callback time: managed=0 ms, native=2 ms
		Scripting: domain reloads=0, domain reload time=0 ms, compile time=0 ms, other=0 ms
		Project Asset Count: scripts=1599, non-scripts=3302
		Asset File Changes: new=0, changed=0, moved=0, deleted=0
		Scan Filter Count: 1
	InvokePackagesCallback: 2.821ms
	ApplyChangesToAssetFolders: 0.419ms
	Scan: 347.341ms
	Collect global state as custom dependencies: 0.596ms
	ProcessAssetsWithTransientArtifactChanges: 0.345ms
	CategorizeAssets: 1.491ms
	ImportOutOfDateAssets: 0.789ms (0.090ms without children)
		EnsureUptoDateAssetsAreRegisteredWithGuidPM: 0.267ms
		ImportSchedulerStart: 0.347ms
	GatherAllCurrentPrimaryImportResultRevisions: 1.588ms
	UnloadStreamsBegin: 1.406ms
	PersistCurrentRevisions: 0.092ms
	Untracked: 16.373ms

Thread 0x458547000 may have been prematurely finalized
SpriteAtlasPacking completed in 0.003510 sec
Entering Playmode with Reload Domain disabled.
If you experience any issues, please disable "Enter Play Mode Options" in Editor Settings
Loaded scene 'Temp/__Backupscenes/0.backup'
	Deserialize:            38.754 ms
	Integration:            89.866 ms
	Integration of assets:  0.035 ms
	Thread Wait Time:       0.000 ms
	Total Operation Time:   128.656 ms
Thread 0x45b8cb000 may have been prematurely finalized
Unloading 14 Unused Serialized files (Serialized files now loaded: 0)
Loaded scene 'Temp/__Backupscenes/0.backup'
	Deserialize:            2.546 ms
	Integration:            29.413 ms
	Integration of assets:  0.001 ms
	Thread Wait Time:       0.008 ms
	Total Operation Time:   31.968 ms
Unloading 11 unused Assets / (0.6 MB). Loaded Objects now: 10849.
Memory consumption went from 390.4 MB to 389.8 MB.
Total: 48.400208 ms (FindLiveObjects: 0.381292 ms CreateObjectMapping: 0.086958 ms MarkObjects: 47.751292 ms  DeleteObjects: 0.055458 ms)

[Licensing::Client] Successfully resolved entitlement details
Thread 0x4591a3000 may have been prematurely finalized
SpriteAtlasPacking completed in 0.002381 sec
Entering Playmode with Reload Domain disabled.
If you experience any issues, please disable "Enter Play Mode Options" in Editor Settings
Loaded scene 'Temp/__Backupscenes/0.backup'
	Deserialize:            1.861 ms
	Integration:            26.324 ms
	Integration of assets:  0.025 ms
	Thread Wait Time:       0.004 ms
	Total Operation Time:   28.215 ms
Thread 0x4753b3000 may have been prematurely finalized
Unloading 16 Unused Serialized files (Serialized files now loaded: 0)
Loaded scene 'Temp/__Backupscenes/0.backup'
	Deserialize:            2.504 ms
	Integration:            62.218 ms
	Integration of assets:  0.001 ms
	Thread Wait Time:       0.008 ms
	Total Operation Time:   64.731 ms
Unloading 11 unused Assets / (0.6 MB). Loaded Objects now: 10854.
Memory consumption went from 390.6 MB to 390.0 MB.
Total: 45.736458 ms (FindLiveObjects: 0.353417 ms CreateObjectMapping: 0.071750 ms MarkObjects: 45.128417 ms  DeleteObjects: 0.038625 ms)

[Licensing::Client] Successfully resolved entitlement details
Thread 0x456247000 may have been prematurely finalized
SpriteAtlasPacking completed in 0.002417 sec
Entering Playmode with Reload Domain disabled.
If you experience any issues, please disable "Enter Play Mode Options" in Editor Settings
Loaded scene 'Temp/__Backupscenes/0.backup'
	Deserialize:            33.698 ms
	Integration:            28.135 ms
	Integration of assets:  0.033 ms
	Thread Wait Time:       -0.001 ms
	Total Operation Time:   61.865 ms
Thread 0x4591a3000 may have been prematurely finalized
Unloading 16 Unused Serialized files (Serialized files now loaded: 0)
Loaded scene 'Temp/__Backupscenes/0.backup'
	Deserialize:            2.092 ms
	Integration:            30.516 ms
	Integration of assets:  0.001 ms
	Thread Wait Time:       0.007 ms
	Total Operation Time:   32.616 ms
Unloading 11 unused Assets / (0.6 MB). Loaded Objects now: 10859.
Memory consumption went from 391.3 MB to 390.7 MB.
Total: 50.808458 ms (FindLiveObjects: 0.367666 ms CreateObjectMapping: 0.089917 ms MarkObjects: 50.184958 ms  DeleteObjects: 0.039375 ms)

Thread 0x458547000 may have been prematurely finalized
SpriteAtlasPacking completed in 0.002500 sec
Entering Playmode with Reload Domain disabled.
If you experience any issues, please disable "Enter Play Mode Options" in Editor Settings
Loaded scene 'Temp/__Backupscenes/0.backup'
	Deserialize:            2.089 ms
	Integration:            30.245 ms
	Integration of assets:  0.023 ms
	Thread Wait Time:       0.006 ms
	Total Operation Time:   32.362 ms
Thread 0x473fef000 may have been prematurely finalized
Unloading 16 Unused Serialized files (Serialized files now loaded: 0)
Loaded scene 'Temp/__Backupscenes/0.backup'
	Deserialize:            1.972 ms
	Integration:            29.753 ms
	Integration of assets:  0.001 ms
	Thread Wait Time:       0.007 ms
	Total Operation Time:   31.733 ms
Unloading 11 unused Assets / (0.6 MB). Loaded Objects now: 10864.
Memory consumption went from 392.0 MB to 391.3 MB.
Total: 50.359958 ms (FindLiveObjects: 0.386000 ms CreateObjectMapping: 0.078542 ms MarkObjects: 49.731125 ms  DeleteObjects: 0.038625 ms)

Asset Pipeline Refresh (id=835b2c056e6764beab4fb07113e4e75b): Total: 0.193 seconds - Initiated by RefreshV2(AllowForceSynchronousImport)
Asset Pipeline Refresh (id=0e67bb7abc8c64926aa86259be6eafc2): Total: 0.138 seconds - Initiated by RefreshV2(AllowForceSynchronousImport)
2026-09-13 21:15:10.114 Unity[60376:1602523] NSEventModifierFlagFunction specified to -setKeyEquivalentModifierMask: for item <NSMenuItem: 0x8dc09f200 SDF, ke='Command-F12'>, but is only supported for system-provided menu items; will not be used
Asset Pipeline Refresh (id=04e63c3b0aa094c8280068530c921dfb): Total: 0.070 seconds - Initiated by RefreshV2(AllowForceSynchronousImport)
Importing 'GUID: 67d327dc581664571a066d199357bee6 - Path: Assets/Fonts' with importer (DefaultImporter)
Imported 'GUID: 67d327dc581664571a066d199357bee6' -> (Import Result ID: 'a39b379f0fcab1ea685c879c4ddd53c5') in 0.005 seconds [static dependencies only]. Details - ImportResultOutputID=f80c3dbd75438b761c154caf89a4012e DependenciesID=a1e46e95e4368c651922bd0065485c8a StaticDependenciesID=bbe677d7439b018d5a3c26660f7e3051 
Asset Pipeline Refresh (id=228413ee8808f492e90597fb35e44e37): Total: 0.052 seconds - Initiated by StopAssetImportingV2(NoUpdateAssetOptions)
[Worker0] Imported GUID: 67d327dc581664571a066d199357bee6 - Path: Assets/Fonts - Importer: PreviewImporter -> (Import Result ID: '46740b5e898561b42af354e70d6d57bd') in 0.015126291 seconds
[Worker0] Imported GUID: 67d327dc581664571a066d199357bee6 - Path: Assets/Fonts - Importer: ScriptedImporter/UnityEditor.QuickSearchModule:UnityEditor.Search:ASIAI0B -> (Import Result ID: 'fe4766747e70dc066621b20968cd61ae') in 0.047980792 seconds
Importing 'GUID: 3bd2f8966d5d14034a6835b64c33d6cf - Path: Assets/Fonts/ITC Korinna Bold.otf' with importer (TrueTypeFontImporter)
Imported 'GUID: 3bd2f8966d5d14034a6835b64c33d6cf' -> (Import Result ID: '2106c4aab9be92241e12000c78394005') in 0.005 seconds [static and dynamic dependencies]. Details - ImportResultOutputID=5f4cdc0bf9fec2a1022265058a3565af DependenciesID=6a94de1717a05c8308693b9bf9dff94e StaticDependenciesID=f5f3eb2d9a581937401d88d1569b2693 
Asset Pipeline Refresh (id=29ebcd65b2cdc4c638a450228e7a3c51): Total: 0.110 seconds - Initiated by RefreshV2(NoUpdateAssetOptions)
Asset Pipeline Refresh (id=5905c353073734601b5b9435dd707cc8): Total: 0.089 seconds - Initiated by RefreshV2(AllowForceSynchronousImport)
[Worker0] Imported GUID: 3bd2f8966d5d14034a6835b64c33d6cf - Path: Assets/Fonts/ITC Korinna Bold.otf - Importer: ScriptedImporter/UnityEditor.QuickSearchModule:UnityEditor.Search:ASIAI0B -> (Import Result ID: 'af4eb4f716e91ac2206b6d9a091164cc') in 0.031086666 seconds
[Worker0] Imported GUID: 3bd2f8966d5d14034a6835b64c33d6cf - Path: Assets/Fonts/ITC Korinna Bold.otf - Importer: PreviewImporter -> (Import Result ID: 'fd8952c4912cb101a36d2eaa0eb8d9d3') in 0.336630333 seconds
Importing 'GUID: 134f4e2a0b3c94d41b6d7ecaef984b51 - Path: Assets/Prefab/CategoryTitle.prefab' with importer (PrefabImporter)
Imported 'GUID: 134f4e2a0b3c94d41b6d7ecaef984b51' -> (Import Result ID: '7924c9155dac0dbcfec43036fd6c0f51') in 0.002 seconds [static and dynamic dependencies]. Details - ImportResultOutputID=be05d6ad515ad67f5ceca771ec4d51d6 DependenciesID=5a10905dcecae535cceaca0a941085d4 StaticDependenciesID=35f319c10bfb5933e380c0f907670fd4 
Refreshing native plugins compatible for Editor in 2.60 ms, found 3 plugins.
Asset Pipeline Refresh (id=c690ca3130d0e4fa79359a7d0fcaeac9): Total: 0.060 seconds - Initiated by StopAssetImportingV2(NoUpdateAssetOptions)
[Worker0] Imported GUID: 134f4e2a0b3c94d41b6d7ecaef984b51 - Path: Assets/Prefab/CategoryTitle.prefab - Importer: PreviewImporter -> (Import Result ID: '8136c01151c71e2f740b746df884689c') in 0.0224985 seconds
Importing 'GUID: 134f4e2a0b3c94d41b6d7ecaef984b51 - Path: Assets/Prefab/CategoryTitle.prefab' with importer (PrefabImporter)
Imported 'GUID: 134f4e2a0b3c94d41b6d7ecaef984b51' -> (Import Result ID: '9b31603b8489b8ed27462426f253535d') in 0.001 seconds [static and dynamic dependencies]. Details - ImportResultOutputID=56eaae9fb76730fe0be22c8d98d5c07c DependenciesID=1745ae038479ee760d9470f16347fb3f StaticDependenciesID=5e0fc02972e73878f029b9db1a4e3897 
Asset Pipeline Refresh (id=51effae1c0dd2488093c8c432f658240): Total: 0.043 seconds - Initiated by StopAssetImportingV2(NoUpdateAssetOptions)
[Worker0] Imported GUID: 134f4e2a0b3c94d41b6d7ecaef984b51 - Path: Assets/Prefab/CategoryTitle.prefab - Importer: PreviewImporter -> (Import Result ID: 'aa77f33155bc91cb4ba984b555a8e8f6') in 0.015439917 seconds
Asset Pipeline Refresh (id=4683a6898b039448495072b95b358672): Total: 0.039 seconds - Initiated by StopAssetImportingV2(NoUpdateAssetOptions)
Importing 'GUID: 134f4e2a0b3c94d41b6d7ecaef984b51 - Path: Assets/Prefab/CategoryTitle.prefab' with importer (PrefabImporter)
Imported 'GUID: 134f4e2a0b3c94d41b6d7ecaef984b51' -> (Import Result ID: '4c431bb581dbc18bb509deb3fd69907b') in 0.001 seconds [static and dynamic dependencies]. Details - ImportResultOutputID=8e0c31608025fb1694251295da969df8 DependenciesID=e516a52361833975e710fedc56117ec6 StaticDependenciesID=972f72148e9297667451cb13fc0280d7 
Asset Pipeline Refresh (id=aca7d3269301a460b9988e8e6290dc54): Total: 0.027 seconds - Initiated by StopAssetImportingV2(NoUpdateAssetOptions)
[Worker0] Imported GUID: 134f4e2a0b3c94d41b6d7ecaef984b51 - Path: Assets/Prefab/CategoryTitle.prefab - Importer: PreviewImporter -> (Import Result ID: '5428683c5337f7213871f33d0b397d34') in 0.012443708 seconds
[Worker0] Imported GUID: 134f4e2a0b3c94d41b6d7ecaef984b51 - Path: Assets/Prefab/CategoryTitle.prefab - Importer: ScriptedImporter/UnityEditor.QuickSearchModule:UnityEditor.Search:ASIAI0B -> (Import Result ID: 'f24b54e125a0539739242c5a2cbb7e50') in 0.050666125 seconds
Asset Pipeline Refresh (id=f6f90bc7e8824458ea7487045290db73): Total: 0.175 seconds - Initiated by RefreshV2(AllowForceSynchronousImport)
2026-09-13 21:18:40.462 Unity[60376:1602523] NSEventModifierFlagFunction specified to -setKeyEquivalentModifierMask: for item <NSMenuItem: 0x8dc08e4e0 SDF, ke='Command-F12'>, but is only supported for system-provided menu items; will not be used
Refreshing native plugins compatible for Editor in 3.85 ms, found 3 plugins.
Asset Pipeline Refresh (id=51881b6e640254c0687f6fbb15105f8f): Total: 0.054 seconds - Initiated by StopAssetImportingV2(NoUpdateAssetOptions)
Asset Pipeline Refresh (id=ebf8654a3ece743d0932acf7ca4b5edf): Total: 0.139 seconds - Initiated by RefreshV2(ForceSynchronousImport)
Asset Pipeline Refresh (id=4fd7f37df82174769955a04efdbf982c): Total: 0.102 seconds - Initiated by RefreshV2(AllowForceSynchronousImport)
Importing 'GUID: 5a15e7fd73a7147db969e2adec526102 - Path: Assets/Fonts/ITC Korinna Bold.woff2' with importer (DefaultImporter)
Imported 'GUID: 5a15e7fd73a7147db969e2adec526102' -> (Import Result ID: 'b0d82ff19864ac447565e7874869923c') in 0.611 seconds [static dependencies only]. Details - ImportResultOutputID=c32ea87b4eb5f53c980d72e81efc1826 DependenciesID=dfba031f201d8fa99f25c25b58a199f6 StaticDependenciesID=3edd12c033cab15e98939a98c1e8ebc7 
Refreshing native plugins compatible for Editor in 2.15 ms, found 3 plugins.

Asset Pipeline Refresh (id=bd572b1717f174697afaa596b443b8a2): Total: 0.737 seconds - Initiated by RefreshV2(NoUpdateAssetOptions)
	(Values over 0.05ms)
	Summary:
		Imports: total=1 (actual=1, local cache=0, cache server=0)
		Asset DB Process Time: managed=0 ms, native=723 ms
		Asset DB Callback time: managed=9 ms, native=3 ms
		Scripting: domain reloads=0, domain reload time=0 ms, compile time=0 ms, other=0 ms
		Project Asset Count: scripts=1600, non-scripts=3303
		Asset File Changes: new=1, changed=1, moved=0, deleted=0
		Scan Filter Count: 1
	ApplyChangesToAssetFolders: 0.175ms
	Scan: 85.579ms
	Collect global state as custom dependencies: 0.104ms
	OnSourceAssetsModified: 0.054ms
	CategorizeAssets: 13.456ms
	ImportOutOfDateAssets: 615.862ms (1.405ms without children)
		ImportManagerImport: 613.720ms (0.338ms without children)
		UnloadImportedAssets: 0.050ms
		EnsureUptoDateAssetsAreRegisteredWithGuidPM: 0.251ms
		InitializingProgressBar: 0.280ms
		ImportSchedulerStart: 0.129ms
	PostProcessAllAssets: 7.812ms
		XRBuildSystem.XRAssetImported 0.219ms
		MonoPostProcessAllAssets: 7.313ms
			ConfigAssetsTracker.OnPostprocessAllAssets 2.301ms
			SpriteEditorTexturePostprocessor.OnPostprocessAllAssets 1.274ms
			SyncVS.PostprocessSyncProject 1.074ms
			AssetPostprocessor.OnPostprocessAllAssets 0.355ms
			ShaderGraphAssetPostProcessor.OnPostprocessAllAssets 0.306ms
			AssetChangedListener.OnPostprocessAllAssets 0.303ms
			SpriteShapeAssetPostProcessor.OnPostprocessAllAssets 0.170ms
			RenderPipelineGlobalSettingsPostprocessor.OnPostprocessAllAssets 0.061ms
			RetainedModeAssetPostprocessor.OnPostprocessAllAssets 0.051ms
	PostAssetChangesProfiler: 5.406ms
	GatherAllCurrentPrimaryImportResultRevisions: 0.256ms
	PersistCurrentRevisions: 0.164ms
	Untracked: 7.591ms

Asset Pipeline Refresh (id=ebf5d27df3e4f4e97b9f2ab24e80f9b6): Total: 0.091 seconds - Initiated by RefreshV2(AllowForceSynchronousImport)
[Worker0] Imported GUID: 5a15e7fd73a7147db969e2adec526102 - Path: Assets/Fonts/ITC Korinna Bold.woff2 - Importer: ScriptedImporter/UnityEditor.QuickSearchModule:UnityEditor.Search:ASIAI0B -> (Import Result ID: '6fa45483ccd7bcea20aef1e1afb9c987') in 0.014811625 seconds
[Worker0] Imported GUID: 5a15e7fd73a7147db969e2adec526102 - Path: Assets/Fonts/ITC Korinna Bold.woff2 - Importer: PreviewImporter -> (Import Result ID: '75f6937b200517a09502009aa3f86b54') in 0.01229125 seconds
Asset Pipeline Refresh (id=ebe7a5b999e0d4b76b2e597f006365d2): Total: 0.047 seconds - Initiated by StopAssetImportingV2(NoUpdateAssetOptions)
Asset Pipeline Refresh (id=c9e03dcce02004f39a4c6ebddbbde9d7): Total: 0.062 seconds - Initiated by StopAssetImportingV2(NoUpdateAssetOptions)
[Worker0] Imported GUID: 134f4e2a0b3c94d41b6d7ecaef984b51 - Path: Assets/Prefab/CategoryTitle.prefab - Importer: ScriptedImporter/UnityEditor.QuickSearchModule:UnityEditor.Search:ASIAI0B -> (Import Result ID: '9184667a4210b94545826f539709ddc6') in 0.037886333 seconds
Asset Pipeline Refresh (id=bf22d998428004e82bc2b400004e5812): Total: 0.104 seconds - Initiated by RefreshV2(AllowForceSynchronousImport)
Asset Pipeline Refresh (id=ab54c5c8f1e8940b3a60b90740f0a2e8): Total: 0.089 seconds - Initiated by RefreshV2(AllowForceSynchronousImport)
Asset Pipeline Refresh (id=44f7934155745401e8b3ec4285ee8fc1): Total: 0.080 seconds - Initiated by RefreshV2(AllowForceSynchronousImport)
Importing 'GUID: 60a80472670d240a89978e5245aa1791 - Path: Assets/ITC Korinna Bold.ttf' with importer (TrueTypeFontImporter)
Imported 'GUID: 60a80472670d240a89978e5245aa1791' -> (Import Result ID: '4a7c427517ad0b38c098ccdee6cf1879') in 0.001 seconds [static and dynamic dependencies]. Details - ImportResultOutputID=74dc9dc37513c46b1bbe057c8aa9eae8 DependenciesID=33d8e6f51bc818f0e7f59cb6b6f00b0f StaticDependenciesID=a76d9f9b4bb33410c50ff6a2ce26e423 
Asset Pipeline Refresh (id=6b32eb4749f9b45709cca799f5791972): Total: 0.090 seconds - Initiated by RefreshV2(NoUpdateAssetOptions)
[Worker0] Imported GUID: 60a80472670d240a89978e5245aa1791 - Path: Assets/ITC Korinna Bold.ttf - Importer: ScriptedImporter/UnityEditor.QuickSearchModule:UnityEditor.Search:ASIAI0B -> (Import Result ID: '1ca6e301c7c067e061bcf278b252bee2') in 0.016671667 seconds
2026-09-13 21:22:03.541 Unity[60376:1602523] NSEventModifierFlagFunction specified to -setKeyEquivalentModifierMask: for item <NSMenuItem: 0x8dc09f2a0 SDF, ke='Command-F12'>, but is only supported for system-provided menu items; will not be used
Asset Pipeline Refresh (id=c2e0a000ccfbd4e25bf5fb57bc521395): Total: 0.046 seconds - Initiated by StopAssetImportingV2(NoUpdateAssetOptions)
Asset Pipeline Refresh (id=79cd9b6942d4e41f58cd2e15a9b6d9ba): Total: 0.135 seconds - Initiated by RefreshV2(ForceSynchronousImport)
Invalid AssetDatabase path: /Users/isaac/Downloads/ITC Korinna Bold.ttf. Use path relative to the project folder.
UnityEngine.Debug:ExtractStackTraceNoAlloc (byte*,int,string)
UnityEngine.StackTraceUtility:ExtractStackTrace () (at /Users/bokken/build/output/unity/unity/Runtime/Export/Scripting/StackTrace.cs:23)
UnityEditor.AssetDatabase:GetMainAssetTypeAtPath (string)
Unity.Hierarchy.Editor.DragAndDropHelpers:IsDraggingScene (Unity.Hierarchy.HierarchyViewDragAndDropHandlingData&) (at /Users/bokken/build/output/unity/unity/Modules/HierarchyEditor/Managed/DragAndDropHelpers.cs:57)
Unity.Hierarchy.Editor.HierarchySceneHandler:DoHandleDrop (Unity.Hierarchy.HierarchyViewDragAndDropHandlingData&,bool) (at /Users/bokken/build/output/unity/unity/Modules/HierarchyEditor/ScriptBindings/HierarchySceneHandler.bindings.cs:630)
Unity.Hierarchy.Editor.HierarchySceneHandler:Unity.Hierarchy.IHierarchyEditorNodeTypeHandler.CanAcceptDrop (Unity.Hierarchy.HierarchyViewDragAndDropHandlingData modreq(System.Runtime.InteropServices.InAttribute)&) (at /Users/bokken/build/output/unity/unity/Modules/HierarchyEditor/ScriptBindings/HierarchySceneHandler.bindings.cs:414)
Unity.Hierarchy.HierarchyViewDragHandler:HandleNodeHandlersAcceptDrop (Unity.Hierarchy.HierarchyViewDragHandler/HierarchyViewDragAndDropTargets,int,UnityEngine.UIElements.DragAndDropData,Unity.Hierarchy.HierarchyNode&,bool) (at /Users/bokken/build/output/unity/unity/Modules/Hierarchy/Managed/HierarchyViewDragHandler.cs:414)
Unity.Hierarchy.HierarchyViewDragHandler:GetVisualMode (UnityEngine.UIElements.HandleDragAndDropArgs&) (at /Users/bokken/build/output/unity/unity/Modules/Hierarchy/Managed/HierarchyViewDragHandler.cs:305)
Unity.Hierarchy.HierarchyViewDragHandler:DragAndDropUpdate (UnityEngine.UIElements.HandleDragAndDropArgs) (at /Users/bokken/build/output/unity/unity/Modules/Hierarchy/Managed/HierarchyViewDragHandler.cs:272)
UnityEngine.UIElements.HierarchyV2.CollectionView:RaiseHandleDragAndDrop (UnityEngine.Vector2,UnityEngine.UIElements.DragAndDropArgs) (at /Users/bokken/build/output/unity/unity/Modules/UIElements/Core/Controls/CollectionView/CollectionView.cs:2173)
UnityEngine.UIElements.HierarchyV2.CollectionViewDragger:GetVisualMode (UnityEngine.Vector3,UnityEngine.EventModifiers,UnityEngine.UIElements.HierarchyV2.CollectionViewDragger/DragPosition&) (at /Users/bokken/build/output/unity/unity/Modules/UIElements/Core/Controls/CollectionView/CollectionViewDragger.cs:216)
UnityEngine.UIElements.HierarchyV2.CollectionViewDragger:UpdateDrag (UnityEngine.Vector3,UnityEngine.EventModifiers) (at /Users/bokken/build/output/unity/unity/Modules/UIElements/Core/Controls/CollectionView/CollectionViewDragger.cs:106)
UnityEngine.UIElements.DragEventsProcessor:OnDragUpdate (UnityEngine.UIElements.DragUpdatedEvent) (at /Users/bokken/build/output/unity/unity/Modules/UIElements/Core/DragAndDrop/DragEventsProcessor.cs:249)
UnityEngine.UIElements.EventBase`1<UnityEngine.UIElements.DragUpdatedEvent>:InvokeCallback (System.Delegate) (at /Users/bokken/build/output/unity/unity/Modules/UIElements/Core/Events/EventBase.cs:750)
UnityEngine.UIElements.EventNoArgValue:Invoke (UnityEngine.UIElements.EventBase,UnityEngine.UIElements.EventCallbackInternal) (at /Users/bokken/build/output/unity/unity/Modules/UIElements/Core/Events/EventCallback.cs:149)
UnityEngine.UIElements.EventCallbackRegistry/DynamicCallbackList:Invoke (UnityEngine.UIElements.EventBase,UnityEngine.UIElements.BaseVisualElementPanel,UnityEngine.UIElements.VisualElement,UnityEngine.UIElements.EventCallbackRegistry) (at /Users/bokken/build/output/unity/unity/Modules/UIElements/Core/Events/EventCallbackRegistry.cs:379)
UnityEngine.UIElements.EventDispatchUtilities:HandleEventAcrossPropagationPath (UnityEngine.UIElements.EventBase,UnityEngine.UIElements.BaseVisualElementPanel,UnityEngine.UIElements.VisualElement,bool) (at /Users/bokken/build/output/unity/unity/Modules/UIElements/Core/Events/EventDispatchUtilities.cs:212)
UnityEngine.UIElements.EventDispatchUtilities:DispatchToElementUnderPointerOrPanelRoot (UnityEngine.UIElements.EventBase,UnityEngine.UIElements.BaseVisualElementPanel,int,UnityEngine.Vector2) (at /Users/bokken/build/output/unity/unity/Modules/UIElements/Core/Events/EventDispatchUtilities.cs:532)
UnityEngine.UIElements.EventDispatchUtilities:DispatchToCapturingElementOrElementUnderPointer (UnityEngine.UIElements.EventBase,UnityEngine.UIElements.BaseVisualElementPanel,int,UnityEngine.Vector2) (at /Users/bokken/build/output/unity/unity/Modules/UIElements/Core/Events/EventDispatchUtilities.cs:569)
UnityEngine.UIElements.MouseEventBase`1<UnityEngine.UIElements.DragUpdatedEvent>:Dispatch (UnityEngine.UIElements.BaseVisualElementPanel) (at /Users/bokken/build/output/unity/unity/Modules/UIElements/Core/Events/MouseEvents.cs:336)
UnityEngine.UIElements.EventDispatcher:ProcessEvent (UnityEngine.UIElements.EventBase,UnityEngine.UIElements.BaseVisualElementPanel) (at /Users/bokken/build/output/unity/unity/Modules/UIElements/Core/EventDispatcher.cs:420)
UnityEngine.UIElements.EventDispatcher:Dispatch (UnityEngine.UIElements.EventBase,UnityEngine.UIElements.BaseVisualElementPanel,UnityEngine.UIElements.DispatchMode) (at /Users/bokken/build/output/unity/unity/Modules/UIElements/Core/EventDispatcher.cs:216)
UnityEngine.UIElements.BaseVisualElementPanel:SendEvent (UnityEngine.UIElements.EventBase,UnityEngine.UIElements.DispatchMode) (at /Users/bokken/build/output/unity/unity/Modules/UIElements/Core/Panel.cs:780)
UnityEditor.UIElements.EditorEventDispatchUtility:DoDispatch (UnityEngine.UIElements.BaseVisualElementPanel,UnityEngine.Event) (at /Users/bokken/build/output/unity/unity/Modules/UIElementsEditor/EditorEventDispatchUtility.cs:87)
UnityEditor.UIElements.DefaultWindowBackend:ProcessEvent (UnityEngine.Event) (at /Users/bokken/build/output/unity/unity/Modules/UIElementsEditor/WindowBackends/DefaultWindowBackend.cs:114)
UnityEditor.GUIView:ProcessEvent (UnityEngine.EntityId,intptr,bool&) (at /Users/bokken/build/output/unity/unity/Editor/Mono/GUIView.cs:86)

[/Users/bokken/build/output/unity/unity/Runtime/Export/Scripting/StackTrace.cs line 23]

Invalid AssetDatabase path: /Users/isaac/Downloads/ITC Korinna Bold.ttf. Use path relative to the project folder.
UnityEngine.Debug:ExtractStackTraceNoAlloc (byte*,int,string)
UnityEngine.StackTraceUtility:ExtractStackTrace () (at /Users/bokken/build/output/unity/unity/Runtime/Export/Scripting/StackTrace.cs:23)
UnityEditor.AssetDatabase:GetMainAssetTypeAtPath (string)
Unity.Hierarchy.Editor.DragAndDropHelpers:IsDraggingScene (Unity.Hierarchy.HierarchyViewDragAndDropHandlingData&) (at /Users/bokken/build/output/unity/unity/Modules/HierarchyEditor/Managed/DragAndDropHelpers.cs:57)
Unity.Hierarchy.Editor.HierarchyGameObjectHandler:DoHandleDrop (Unity.Hierarchy.HierarchyViewDragAndDropHandlingData&,bool) (at /Users/bokken/build/output/unity/unity/Modules/HierarchyEditor/ScriptBindings/HierarchyGameObjectHandler.bindings.cs:752)
Unity.Hierarchy.Editor.HierarchyGameObjectHandler:Unity.Hierarchy.IHierarchyEditorNodeTypeHandler.CanAcceptDrop (Unity.Hierarchy.HierarchyViewDragAndDropHandlingData modreq(System.Runtime.InteropServices.InAttribute)&) (at /Users/bokken/build/output/unity/unity/Modules/HierarchyEditor/ScriptBindings/HierarchyGameObjectHandler.bindings.cs:427)
Unity.Hierarchy.HierarchyViewDragHandler:HandleNodeHandlersAcceptDrop (Unity.Hierarchy.HierarchyViewDragHandler/HierarchyViewDragAndDropTargets,int,UnityEngine.UIElements.DragAndDropData,Unity.Hierarchy.HierarchyNode&,bool) (at /Users/bokken/build/output/unity/unity/Modules/Hierarchy/Managed/HierarchyViewDragHandler.cs:414)
Unity.Hierarchy.HierarchyViewDragHandler:GetVisualMode (UnityEngine.UIElements.HandleDragAndDropArgs&) (at /Users/bokken/build/output/unity/unity/Modules/Hierarchy/Managed/HierarchyViewDragHandler.cs:305)
Unity.Hierarchy.HierarchyViewDragHandler:DragAndDropUpdate (UnityEngine.UIElements.HandleDragAndDropArgs) (at /Users/bokken/build/output/unity/unity/Modules/Hierarchy/Managed/HierarchyViewDragHandler.cs:272)
UnityEngine.UIElements.HierarchyV2.CollectionView:RaiseHandleDragAndDrop (UnityEngine.Vector2,UnityEngine.UIElements.DragAndDropArgs) (at /Users/bokken/build/output/unity/unity/Modules/UIElements/Core/Controls/CollectionView/CollectionView.cs:2173)
UnityEngine.UIElements.HierarchyV2.CollectionViewDragger:GetVisualMode (UnityEngine.Vector3,UnityEngine.EventModifiers,UnityEngine.UIElements.HierarchyV2.CollectionViewDragger/DragPosition&) (at /Users/bokken/build/output/unity/unity/Modules/UIElements/Core/Controls/CollectionView/CollectionViewDragger.cs:216)
UnityEngine.UIElements.HierarchyV2.CollectionViewDragger:UpdateDrag (UnityEngine.Vector3,UnityEngine.EventModifiers) (at /Users/bokken/build/output/unity/unity/Modules/UIElements/Core/Controls/CollectionView/CollectionViewDragger.cs:106)
UnityEngine.UIElements.DragEventsProcessor:OnDragUpdate (UnityEngine.UIElements.DragUpdatedEvent) (at /Users/bokken/build/output/unity/unity/Modules/UIElements/Core/DragAndDrop/DragEventsProcessor.cs:249)
UnityEngine.UIElements.EventBase`1<UnityEngine.UIElements.DragUpdatedEvent>:InvokeCallback (System.Delegate) (at /Users/bokken/build/output/unity/unity/Modules/UIElements/Core/Events/EventBase.cs:750)
UnityEngine.UIElements.EventNoArgValue:Invoke (UnityEngine.UIElements.EventBase,UnityEngine.UIElements.EventCallbackInternal) (at /Users/bokken/build/output/unity/unity/Modules/UIElements/Core/Events/EventCallback.cs:149)
UnityEngine.UIElements.EventCallbackRegistry/DynamicCallbackList:Invoke (UnityEngine.UIElements.EventBase,UnityEngine.UIElements.BaseVisualElementPanel,UnityEngine.UIElements.VisualElement,UnityEngine.UIElements.EventCallbackRegistry) (at /Users/bokken/build/output/unity/unity/Modules/UIElements/Core/Events/EventCallbackRegistry.cs:379)
UnityEngine.UIElements.EventDispatchUtilities:HandleEventAcrossPropagationPath (UnityEngine.UIElements.EventBase,UnityEngine.UIElements.BaseVisualElementPanel,UnityEngine.UIElements.VisualElement,bool) (at /Users/bokken/build/output/unity/unity/Modules/UIElements/Core/Events/EventDispatchUtilities.cs:212)
UnityEngine.UIElements.EventDispatchUtilities:DispatchToElementUnderPointerOrPanelRoot (UnityEngine.UIElements.EventBase,UnityEngine.UIElements.BaseVisualElementPanel,int,UnityEngine.Vector2) (at /Users/bokken/build/output/unity/unity/Modules/UIElements/Core/Events/EventDispatchUtilities.cs:532)
UnityEngine.UIElements.EventDispatchUtilities:DispatchToCapturingElementOrElementUnderPointer (UnityEngine.UIElements.EventBase,UnityEngine.UIElements.BaseVisualElementPanel,int,UnityEngine.Vector2) (at /Users/bokken/build/output/unity/unity/Modules/UIElements/Core/Events/EventDispatchUtilities.cs:569)
UnityEngine.UIElements.MouseEventBase`1<UnityEngine.UIElements.DragUpdatedEvent>:Dispatch (UnityEngine.UIElements.BaseVisualElementPanel) (at /Users/bokken/build/output/unity/unity/Modules/UIElements/Core/Events/MouseEvents.cs:336)
UnityEngine.UIElements.EventDispatcher:ProcessEvent (UnityEngine.UIElements.EventBase,UnityEngine.UIElements.BaseVisualElementPanel) (at /Users/bokken/build/output/unity/unity/Modules/UIElements/Core/EventDispatcher.cs:420)
UnityEngine.UIElements.EventDispatcher:Dispatch (UnityEngine.UIElements.EventBase,UnityEngine.UIElements.BaseVisualElementPanel,UnityEngine.UIElements.DispatchMode) (at /Users/bokken/build/output/unity/unity/Modules/UIElements/Core/EventDispatcher.cs:216)
UnityEngine.UIElements.BaseVisualElementPanel:SendEvent (UnityEngine.UIElements.EventBase,UnityEngine.UIElements.DispatchMode) (at /Users/bokken/build/output/unity/unity/Modules/UIElements/Core/Panel.cs:780)
UnityEditor.UIElements.EditorEventDispatchUtility:DoDispatch (UnityEngine.UIElements.BaseVisualElementPanel,UnityEngine.Event) (at /Users/bokken/build/output/unity/unity/Modules/UIElementsEditor/EditorEventDispatchUtility.cs:87)
UnityEditor.UIElements.DefaultWindowBackend:ProcessEvent (UnityEngine.Event) (at /Users/bokken/build/output/unity/unity/Modules/UIElementsEditor/WindowBackends/DefaultWindowBackend.cs:114)
UnityEditor.GUIView:ProcessEvent (UnityEngine.EntityId,intptr,bool&) (at /Users/bokken/build/output/unity/unity/Editor/Mono/GUIView.cs:86)

[/Users/bokken/build/output/unity/unity/Runtime/Export/Scripting/StackTrace.cs line 23]

Invalid AssetDatabase path: /Users/isaac/Downloads/ITC Korinna Bold.ttf. Use path relative to the project folder.
UnityEngine.Debug:ExtractStackTraceNoAlloc (byte*,int,string)
UnityEngine.StackTraceUtility:ExtractStackTrace () (at /Users/bokken/build/output/unity/unity/Runtime/Export/Scripting/StackTrace.cs:23)
UnityEditor.AssetDatabase:GetMainAssetTypeAtPath (string)
Unity.Hierarchy.Editor.DragAndDropHelpers:IsDraggingScene (Unity.Hierarchy.HierarchyViewDragAndDropHandlingData&) (at /Users/bokken/build/output/unity/unity/Modules/HierarchyEditor/Managed/DragAndDropHelpers.cs:57)
Unity.Hierarchy.Editor.HierarchySceneHandler:DoHandleDrop (Unity.Hierarchy.HierarchyViewDragAndDropHandlingData&,bool) (at /Users/bokken/build/output/unity/unity/Modules/HierarchyEditor/ScriptBindings/HierarchySceneHandler.bindings.cs:630)
Unity.Hierarchy.Editor.HierarchySceneHandler:Unity.Hierarchy.IHierarchyEditorNodeTypeHandler.CanAcceptDrop (Unity.Hierarchy.HierarchyViewDragAndDropHandlingData modreq(System.Runtime.InteropServices.InAttribute)&) (at /Users/bokken/build/output/unity/unity/Modules/HierarchyEditor/ScriptBindings/HierarchySceneHandler.bindings.cs:414)
Unity.Hierarchy.HierarchyViewDragHandler:HandleNodeHandlersAcceptDrop (Unity.Hierarchy.HierarchyViewDragHandler/HierarchyViewDragAndDropTargets,int,UnityEngine.UIElements.DragAndDropData,Unity.Hierarchy.HierarchyNode&,bool) (at /Users/bokken/build/output/unity/unity/Modules/Hierarchy/Managed/HierarchyViewDragHandler.cs:414)
Unity.Hierarchy.HierarchyViewDragHandler:GetVisualMode (UnityEngine.UIElements.HandleDragAndDropArgs&) (at /Users/bokken/build/output/unity/unity/Modules/Hierarchy/Managed/HierarchyViewDragHandler.cs:305)
Unity.Hierarchy.HierarchyViewDragHandler:DragAndDropUpdate (UnityEngine.UIElements.HandleDragAndDropArgs) (at /Users/bokken/build/output/unity/unity/Modules/Hierarchy/Managed/HierarchyViewDragHandler.cs:272)
UnityEngine.UIElements.HierarchyV2.CollectionView:RaiseHandleDragAndDrop (UnityEngine.Vector2,UnityEngine.UIElements.DragAndDropArgs) (at /Users/bokken/build/output/unity/unity/Modules/UIElements/Core/Controls/CollectionView/CollectionView.cs:2173)
UnityEngine.UIElements.HierarchyV2.CollectionViewDragger:GetVisualMode (UnityEngine.Vector3,UnityEngine.EventModifiers,UnityEngine.UIElements.HierarchyV2.CollectionViewDragger/DragPosition&) (at /Users/bokken/build/output/unity/unity/Modules/UIElements/Core/Controls/CollectionView/CollectionViewDragger.cs:216)
UnityEngine.UIElements.HierarchyV2.CollectionViewDragger:UpdateDrag (UnityEngine.Vector3,UnityEngine.EventModifiers) (at /Users/bokken/build/output/unity/unity/Modules/UIElements/Core/Controls/CollectionView/CollectionViewDragger.cs:106)
UnityEngine.UIElements.DragEventsProcessor:OnDragUpdate (UnityEngine.UIElements.DragUpdatedEvent) (at /Users/bokken/build/output/unity/unity/Modules/UIElements/Core/DragAndDrop/DragEventsProcessor.cs:249)
UnityEngine.UIElements.EventBase`1<UnityEngine.UIElements.DragUpdatedEvent>:InvokeCallback (System.Delegate) (at /Users/bokken/build/output/unity/unity/Modules/UIElements/Core/Events/EventBase.cs:750)
UnityEngine.UIElements.EventNoArgValue:Invoke (UnityEngine.UIElements.EventBase,UnityEngine.UIElements.EventCallbackInternal) (at /Users/bokken/build/output/unity/unity/Modules/UIElements/Core/Events/EventCallback.cs:149)
UnityEngine.UIElements.EventCallbackRegistry/DynamicCallbackList:Invoke (UnityEngine.UIElements.EventBase,UnityEngine.UIElements.BaseVisualElementPanel,UnityEngine.UIElements.VisualElement,UnityEngine.UIElements.EventCallbackRegistry) (at /Users/bokken/build/output/unity/unity/Modules/UIElements/Core/Events/EventCallbackRegistry.cs:379)
UnityEngine.UIElements.EventDispatchUtilities:HandleEventAcrossPropagationPath (UnityEngine.UIElements.EventBase,UnityEngine.UIElements.BaseVisualElementPanel,UnityEngine.UIElements.VisualElement,bool) (at /Users/bokken/build/output/unity/unity/Modules/UIElements/Core/Events/EventDispatchUtilities.cs:212)
UnityEngine.UIElements.EventDispatchUtilities:DispatchToElementUnderPointerOrPanelRoot (UnityEngine.UIElements.EventBase,UnityEngine.UIElements.BaseVisualElementPanel,int,UnityEngine.Vector2) (at /Users/bokken/build/output/unity/unity/Modules/UIElements/Core/Events/EventDispatchUtilities.cs:532)
UnityEngine.UIElements.EventDispatchUtilities:DispatchToCapturingElementOrElementUnderPointer (UnityEngine.UIElements.EventBase,UnityEngine.UIElements.BaseVisualElementPanel,int,UnityEngine.Vector2) (at /Users/bokken/build/output/unity/unity/Modules/UIElements/Core/Events/EventDispatchUtilities.cs:569)
UnityEngine.UIElements.MouseEventBase`1<UnityEngine.UIElements.DragUpdatedEvent>:Dispatch (UnityEngine.UIElements.BaseVisualElementPanel) (at /Users/bokken/build/output/unity/unity/Modules/UIElements/Core/Events/MouseEvents.cs:336)
UnityEngine.UIElements.EventDispatcher:ProcessEvent (UnityEngine.UIElements.EventBase,UnityEngine.UIElements.BaseVisualElementPanel) (at /Users/bokken/build/output/unity/unity/Modules/UIElements/Core/EventDispatcher.cs:420)
UnityEngine.UIElements.EventDispatcher:Dispatch (UnityEngine.UIElements.EventBase,UnityEngine.UIElements.BaseVisualElementPanel,UnityEngine.UIElements.DispatchMode) (at /Users/bokken/build/output/unity/unity/Modules/UIElements/Core/EventDispatcher.cs:216)
UnityEngine.UIElements.BaseVisualElementPanel:SendEvent (UnityEngine.UIElements.EventBase,UnityEngine.UIElements.DispatchMode) (at /Users/bokken/build/output/unity/unity/Modules/UIElements/Core/Panel.cs:780)
UnityEditor.UIElements.EditorEventDispatchUtility:DoDispatch (UnityEngine.UIElements.BaseVisualElementPanel,UnityEngine.Event) (at /Users/bokken/build/output/unity/unity/Modules/UIElementsEditor/EditorEventDispatchUtility.cs:87)
UnityEditor.UIElements.DefaultWindowBackend:ProcessEvent (UnityEngine.Event) (at /Users/bokken/build/output/unity/unity/Modules/UIElementsEditor/WindowBackends/DefaultWindowBackend.cs:114)
UnityEditor.GUIView:ProcessEvent (UnityEngine.EntityId,intptr,bool&) (at /Users/bokken/build/output/unity/unity/Editor/Mono/GUIView.cs:86)

[/Users/bokken/build/output/unity/unity/Runtime/Export/Scripting/StackTrace.cs line 23]

Invalid AssetDatabase path: /Users/isaac/Downloads/ITC Korinna Bold.ttf. Use path relative to the project folder.
UnityEngine.Debug:ExtractStackTraceNoAlloc (byte*,int,string)
UnityEngine.StackTraceUtility:ExtractStackTrace () (at /Users/bokken/build/output/unity/unity/Runtime/Export/Scripting/StackTrace.cs:23)
UnityEditor.AssetDatabase:GetMainAssetTypeAtPath (string)
Unity.Hierarchy.Editor.DragAndDropHelpers:IsDraggingScene (Unity.Hierarchy.HierarchyViewDragAndDropHandlingData&) (at /Users/bokken/build/output/unity/unity/Modules/HierarchyEditor/Managed/DragAndDropHelpers.cs:57)
Unity.Hierarchy.Editor.HierarchyGameObjectHandler:DoHandleDrop (Unity.Hierarchy.HierarchyViewDragAndDropHandlingData&,bool) (at /Users/bokken/build/output/unity/unity/Modules/HierarchyEditor/ScriptBindings/HierarchyGameObjectHandler.bindings.cs:752)
Unity.Hierarchy.Editor.HierarchyGameObjectHandler:Unity.Hierarchy.IHierarchyEditorNodeTypeHandler.CanAcceptDrop (Unity.Hierarchy.HierarchyViewDragAndDropHandlingData modreq(System.Runtime.InteropServices.InAttribute)&) (at /Users/bokken/build/output/unity/unity/Modules/HierarchyEditor/ScriptBindings/HierarchyGameObjectHandler.bindings.cs:427)
Unity.Hierarchy.HierarchyViewDragHandler:HandleNodeHandlersAcceptDrop (Unity.Hierarchy.HierarchyViewDragHandler/HierarchyViewDragAndDropTargets,int,UnityEngine.UIElements.DragAndDropData,Unity.Hierarchy.HierarchyNode&,bool) (at /Users/bokken/build/output/unity/unity/Modules/Hierarchy/Managed/HierarchyViewDragHandler.cs:414)
Unity.Hierarchy.HierarchyViewDragHandler:GetVisualMode (UnityEngine.UIElements.HandleDragAndDropArgs&) (at /Users/bokken/build/output/unity/unity/Modules/Hierarchy/Managed/HierarchyViewDragHandler.cs:305)
Unity.Hierarchy.HierarchyViewDragHandler:DragAndDropUpdate (UnityEngine.UIElements.HandleDragAndDropArgs) (at /Users/bokken/build/output/unity/unity/Modules/Hierarchy/Managed/HierarchyViewDragHandler.cs:272)
UnityEngine.UIElements.HierarchyV2.CollectionView:RaiseHandleDragAndDrop (UnityEngine.Vector2,UnityEngine.UIElements.DragAndDropArgs) (at /Users/bokken/build/output/unity/unity/Modules/UIElements/Core/Controls/CollectionView/CollectionView.cs:2173)
UnityEngine.UIElements.HierarchyV2.CollectionViewDragger:GetVisualMode (UnityEngine.Vector3,UnityEngine.EventModifiers,UnityEngine.UIElements.HierarchyV2.CollectionViewDragger/DragPosition&) (at /Users/bokken/build/output/unity/unity/Modules/UIElements/Core/Controls/CollectionView/CollectionViewDragger.cs:216)
UnityEngine.UIElements.HierarchyV2.CollectionViewDragger:UpdateDrag (UnityEngine.Vector3,UnityEngine.EventModifiers) (at /Users/bokken/build/output/unity/unity/Modules/UIElements/Core/Controls/CollectionView/CollectionViewDragger.cs:106)
UnityEngine.UIElements.DragEventsProcessor:OnDragUpdate (UnityEngine.UIElements.DragUpdatedEvent) (at /Users/bokken/build/output/unity/unity/Modules/UIElements/Core/DragAndDrop/DragEventsProcessor.cs:249)
UnityEngine.UIElements.EventBase`1<UnityEngine.UIElements.DragUpdatedEvent>:InvokeCallback (System.Delegate) (at /Users/bokken/build/output/unity/unity/Modules/UIElements/Core/Events/EventBase.cs:750)
UnityEngine.UIElements.EventNoArgValue:Invoke (UnityEngine.UIElements.EventBase,UnityEngine.UIElements.EventCallbackInternal) (at /Users/bokken/build/output/unity/unity/Modules/UIElements/Core/Events/EventCallback.cs:149)
UnityEngine.UIElements.EventCallbackRegistry/DynamicCallbackList:Invoke (UnityEngine.UIElements.EventBase,UnityEngine.UIElements.BaseVisualElementPanel,UnityEngine.UIElements.VisualElement,UnityEngine.UIElements.EventCallbackRegistry) (at /Users/bokken/build/output/unity/unity/Modules/UIElements/Core/Events/EventCallbackRegistry.cs:379)
UnityEngine.UIElements.EventDispatchUtilities:HandleEventAcrossPropagationPath (UnityEngine.UIElements.EventBase,UnityEngine.UIElements.BaseVisualElementPanel,UnityEngine.UIElements.VisualElement,bool) (at /Users/bokken/build/output/unity/unity/Modules/UIElements/Core/Events/EventDispatchUtilities.cs:212)
UnityEngine.UIElements.EventDispatchUtilities:DispatchToElementUnderPointerOrPanelRoot (UnityEngine.UIElements.EventBase,UnityEngine.UIElements.BaseVisualElementPanel,int,UnityEngine.Vector2) (at /Users/bokken/build/output/unity/unity/Modules/UIElements/Core/Events/EventDispatchUtilities.cs:532)
UnityEngine.UIElements.EventDispatchUtilities:DispatchToCapturingElementOrElementUnderPointer (UnityEngine.UIElements.EventBase,UnityEngine.UIElements.BaseVisualElementPanel,int,UnityEngine.Vector2) (at /Users/bokken/build/output/unity/unity/Modules/UIElements/Core/Events/EventDispatchUtilities.cs:569)
UnityEngine.UIElements.MouseEventBase`1<UnityEngine.UIElements.DragUpdatedEvent>:Dispatch (UnityEngine.UIElements.BaseVisualElementPanel) (at /Users/bokken/build/output/unity/unity/Modules/UIElements/Core/Events/MouseEvents.cs:336)
UnityEngine.UIElements.EventDispatcher:ProcessEvent (UnityEngine.UIElements.EventBase,UnityEngine.UIElements.BaseVisualElementPanel) (at /Users/bokken/build/output/unity/unity/Modules/UIElements/Core/EventDispatcher.cs:420)
UnityEngine.UIElements.EventDispatcher:Dispatch (UnityEngine.UIElements.EventBase,UnityEngine.UIElements.BaseVisualElementPanel,UnityEngine.UIElements.DispatchMode) (at /Users/bokken/build/output/unity/unity/Modules/UIElements/Core/EventDispatcher.cs:216)
UnityEngine.UIElements.BaseVisualElementPanel:SendEvent (UnityEngine.UIElements.EventBase,UnityEngine.UIElements.DispatchMode) (at /Users/bokken/build/output/unity/unity/Modules/UIElements/Core/Panel.cs:780)
UnityEditor.UIElements.EditorEventDispatchUtility:DoDispatch (UnityEngine.UIElements.BaseVisualElementPanel,UnityEngine.Event) (at /Users/bokken/build/output/unity/unity/Modules/UIElementsEditor/EditorEventDispatchUtility.cs:87)
UnityEditor.UIElements.DefaultWindowBackend:ProcessEvent (UnityEngine.Event) (at /Users/bokken/build/output/unity/unity/Modules/UIElementsEditor/WindowBackends/DefaultWindowBackend.cs:114)
UnityEditor.GUIView:ProcessEvent (UnityEngine.EntityId,intptr,bool&) (at /Users/bokken/build/output/unity/unity/Editor/Mono/GUIView.cs:86)

[/Users/bokken/build/output/unity/unity/Runtime/Export/Scripting/StackTrace.cs line 23]

Importing 'GUID: 3b51b5f80e0024dbba9a2c28e98fe9f1 - Path: Assets/Fonts/ITC Korinna Bold.ttf' with importer (TrueTypeFontImporter)
Imported 'GUID: 3b51b5f80e0024dbba9a2c28e98fe9f1' -> (Import Result ID: '3f413e48e732b90c7181044540df6efd') in 0.001 seconds [static and dynamic dependencies]. Details - ImportResultOutputID=8ff96dd415d6680f588b29f0e713c9d2 DependenciesID=823b1bc448ff215e01b3eec8b1473b84 StaticDependenciesID=5186eb2ea7a323b6f45f1e333d7f1dba 
Asset Pipeline Refresh (id=21e1ce00ce6a64f6e9cf459a1e7f9413): Total: 0.103 seconds - Initiated by RefreshV2(NoUpdateAssetOptions)
[Worker0] Imported GUID: 3b51b5f80e0024dbba9a2c28e98fe9f1 - Path: Assets/Fonts/ITC Korinna Bold.ttf - Importer: ScriptedImporter/UnityEditor.QuickSearchModule:UnityEditor.Search:ASIAI0B -> (Import Result ID: 'fd4d5b85a10b63713c16af2cfee3d72a') in 0.021523458 seconds
Asset Pipeline Refresh (id=88e66508527ca437da23a831a66fc423): Total: 0.082 seconds - Initiated by RefreshV2(AllowForceSynchronousImport)
[Worker0] Imported GUID: 3b51b5f80e0024dbba9a2c28e98fe9f1 - Path: Assets/Fonts/ITC Korinna Bold.ttf - Importer: PreviewImporter -> (Import Result ID: '61c5377185804ec5b074d33a48d26ff9') in 0.035605 seconds
2026-09-13 21:22:43.456 Unity[60376:1602523] NSEventModifierFlagFunction specified to -setKeyEquivalentModifierMask: for item <NSMenuItem: 0x8dc08eee0 SDF, ke='Command-F12'>, but is only supported for system-provided menu items; will not be used
Refreshing native plugins compatible for Editor in 2.31 ms, found 3 plugins.
Asset Pipeline Refresh (id=d0efeed976f344582ac6862ec49f5ab4): Total: 0.048 seconds - Initiated by StopAssetImportingV2(NoUpdateAssetOptions)
Asset Pipeline Refresh (id=971ddc363b7634c8b962f74c40c42fb0): Total: 0.128 seconds - Initiated by RefreshV2(ForceSynchronousImport)
Thread 0x456247000 may have been prematurely finalized
SpriteAtlasPacking completed in 0.003228 sec
Entering Playmode with Reload Domain disabled.
If you experience any issues, please disable "Enter Play Mode Options" in Editor Settings
Loaded scene 'Temp/__Backupscenes/0.backup'
	Deserialize:            35.401 ms
	Integration:            89.827 ms
	Integration of assets:  0.031 ms
	Thread Wait Time:       -0.002 ms
	Total Operation Time:   125.257 ms
Thread 0x45657b000 may have been prematurely finalized
Unloading 14 Unused Serialized files (Serialized files now loaded: 0)
Loaded scene 'Temp/__Backupscenes/0.backup'
	Deserialize:            2.299 ms
	Integration:            32.463 ms
	Integration of assets:  0.001 ms
	Thread Wait Time:       0.006 ms
	Total Operation Time:   34.769 ms
Unloading 58 unused Assets / (0.6 MB). Loaded Objects now: 10884.
Memory consumption went from 398.8 MB to 398.2 MB.
Total: 55.317750 ms (FindLiveObjects: 0.391167 ms CreateObjectMapping: 0.136250 ms MarkObjects: 54.503291 ms  DeleteObjects: 0.162625 ms)

[Licensing::Client] Successfully resolved entitlement details
Asset Pipeline Refresh (id=c162518b804784a57b73a4b97979fc4f): Total: 0.167 seconds - Initiated by RefreshV2(AllowForceSynchronousImport)
Invalid AssetDatabase path: /Users/isaac/Downloads/itc-korinna-bold.zip. Use path relative to the project folder.
UnityEngine.Debug:ExtractStackTraceNoAlloc (byte*,int,string)
UnityEngine.StackTraceUtility:ExtractStackTrace () (at /Users/bokken/build/output/unity/unity/Runtime/Export/Scripting/StackTrace.cs:23)
UnityEditor.AssetDatabase:GetMainAssetTypeAtPath (string)
Unity.Hierarchy.Editor.DragAndDropHelpers:IsDraggingScene (Unity.Hierarchy.HierarchyViewDragAndDropHandlingData&) (at /Users/bokken/build/output/unity/unity/Modules/HierarchyEditor/Managed/DragAndDropHelpers.cs:57)
Unity.Hierarchy.Editor.HierarchySceneHandler:DoHandleDrop (Unity.Hierarchy.HierarchyViewDragAndDropHandlingData&,bool) (at /Users/bokken/build/output/unity/unity/Modules/HierarchyEditor/ScriptBindings/HierarchySceneHandler.bindings.cs:630)
Unity.Hierarchy.Editor.HierarchySceneHandler:Unity.Hierarchy.IHierarchyEditorNodeTypeHandler.CanAcceptDrop (Unity.Hierarchy.HierarchyViewDragAndDropHandlingData modreq(System.Runtime.InteropServices.InAttribute)&) (at /Users/bokken/build/output/unity/unity/Modules/HierarchyEditor/ScriptBindings/HierarchySceneHandler.bindings.cs:414)
Unity.Hierarchy.HierarchyViewDragHandler:HandleNodeHandlersAcceptDrop (Unity.Hierarchy.HierarchyViewDragHandler/HierarchyViewDragAndDropTargets,int,UnityEngine.UIElements.DragAndDropData,Unity.Hierarchy.HierarchyNode&,bool) (at /Users/bokken/build/output/unity/unity/Modules/Hierarchy/Managed/HierarchyViewDragHandler.cs:414)
Unity.Hierarchy.HierarchyViewDragHandler:GetVisualMode (UnityEngine.UIElements.HandleDragAndDropArgs&) (at /Users/bokken/build/output/unity/unity/Modules/Hierarchy/Managed/HierarchyViewDragHandler.cs:305)
Unity.Hierarchy.HierarchyViewDragHandler:DragAndDropUpdate (UnityEngine.UIElements.HandleDragAndDropArgs) (at /Users/bokken/build/output/unity/unity/Modules/Hierarchy/Managed/HierarchyViewDragHandler.cs:272)
UnityEngine.UIElements.HierarchyV2.CollectionView:RaiseHandleDragAndDrop (UnityEngine.Vector2,UnityEngine.UIElements.DragAndDropArgs) (at /Users/bokken/build/output/unity/unity/Modules/UIElements/Core/Controls/CollectionView/CollectionView.cs:2173)
UnityEngine.UIElements.HierarchyV2.CollectionViewDragger:GetVisualMode (UnityEngine.Vector3,UnityEngine.EventModifiers,UnityEngine.UIElements.HierarchyV2.CollectionViewDragger/DragPosition&) (at /Users/bokken/build/output/unity/unity/Modules/UIElements/Core/Controls/CollectionView/CollectionViewDragger.cs:216)
UnityEngine.UIElements.HierarchyV2.CollectionViewDragger:UpdateDrag (UnityEngine.Vector3,UnityEngine.EventModifiers) (at /Users/bokken/build/output/unity/unity/Modules/UIElements/Core/Controls/CollectionView/CollectionViewDragger.cs:106)
UnityEngine.UIElements.DragEventsProcessor:OnDragUpdate (UnityEngine.UIElements.DragUpdatedEvent) (at /Users/bokken/build/output/unity/unity/Modules/UIElements/Core/DragAndDrop/DragEventsProcessor.cs:249)
UnityEngine.UIElements.EventBase`1<UnityEngine.UIElements.DragUpdatedEvent>:InvokeCallback (System.Delegate) (at /Users/bokken/build/output/unity/unity/Modules/UIElements/Core/Events/EventBase.cs:750)
UnityEngine.UIElements.EventNoArgValue:Invoke (UnityEngine.UIElements.EventBase,UnityEngine.UIElements.EventCallbackInternal) (at /Users/bokken/build/output/unity/unity/Modules/UIElements/Core/Events/EventCallback.cs:149)
UnityEngine.UIElements.EventCallbackRegistry/DynamicCallbackList:Invoke (UnityEngine.UIElements.EventBase,UnityEngine.UIElements.BaseVisualElementPanel,UnityEngine.UIElements.VisualElement,UnityEngine.UIElements.EventCallbackRegistry) (at /Users/bokken/build/output/unity/unity/Modules/UIElements/Core/Events/EventCallbackRegistry.cs:379)
UnityEngine.UIElements.EventDispatchUtilities:HandleEventAcrossPropagationPath (UnityEngine.UIElements.EventBase,UnityEngine.UIElements.BaseVisualElementPanel,UnityEngine.UIElements.VisualElement,bool) (at /Users/bokken/build/output/unity/unity/Modules/UIElements/Core/Events/EventDispatchUtilities.cs:212)
UnityEngine.UIElements.EventDispatchUtilities:DispatchToElementUnderPointerOrPanelRoot (UnityEngine.UIElements.EventBase,UnityEngine.UIElements.BaseVisualElementPanel,int,UnityEngine.Vector2) (at /Users/bokken/build/output/unity/unity/Modules/UIElements/Core/Events/EventDispatchUtilities.cs:532)
UnityEngine.UIElements.EventDispatchUtilities:DispatchToCapturingElementOrElementUnderPointer (UnityEngine.UIElements.EventBase,UnityEngine.UIElements.BaseVisualElementPanel,int,UnityEngine.Vector2) (at /Users/bokken/build/output/unity/unity/Modules/UIElements/Core/Events/EventDispatchUtilities.cs:569)
UnityEngine.UIElements.MouseEventBase`1<UnityEngine.UIElements.DragUpdatedEvent>:Dispatch (UnityEngine.UIElements.BaseVisualElementPanel) (at /Users/bokken/build/output/unity/unity/Modules/UIElements/Core/Events/MouseEvents.cs:336)
UnityEngine.UIElements.EventDispatcher:ProcessEvent (UnityEngine.UIElements.EventBase,UnityEngine.UIElements.BaseVisualElementPanel) (at /Users/bokken/build/output/unity/unity/Modules/UIElements/Core/EventDispatcher.cs:420)
UnityEngine.UIElements.EventDispatcher:Dispatch (UnityEngine.UIElements.EventBase,UnityEngine.UIElements.BaseVisualElementPanel,UnityEngine.UIElements.DispatchMode) (at /Users/bokken/build/output/unity/unity/Modules/UIElements/Core/EventDispatcher.cs:216)
UnityEngine.UIElements.BaseVisualElementPanel:SendEvent (UnityEngine.UIElements.EventBase,UnityEngine.UIElements.DispatchMode) (at /Users/bokken/build/output/unity/unity/Modules/UIElements/Core/Panel.cs:780)
UnityEditor.UIElements.EditorEventDispatchUtility:DoDispatch (UnityEngine.UIElements.BaseVisualElementPanel,UnityEngine.Event) (at /Users/bokken/build/output/unity/unity/Modules/UIElementsEditor/EditorEventDispatchUtility.cs:87)
UnityEditor.UIElements.DefaultWindowBackend:ProcessEvent (UnityEngine.Event) (at /Users/bokken/build/output/unity/unity/Modules/UIElementsEditor/WindowBackends/DefaultWindowBackend.cs:114)
UnityEditor.GUIView:ProcessEvent (UnityEngine.EntityId,intptr,bool&) (at /Users/bokken/build/output/unity/unity/Editor/Mono/GUIView.cs:86)

[/Users/bokken/build/output/unity/unity/Runtime/Export/Scripting/StackTrace.cs line 23]

Invalid AssetDatabase path: /Users/isaac/Downloads/itc-korinna-bold.zip. Use path relative to the project folder.
UnityEngine.Debug:ExtractStackTraceNoAlloc (byte*,int,string)
UnityEngine.StackTraceUtility:ExtractStackTrace () (at /Users/bokken/build/output/unity/unity/Runtime/Export/Scripting/StackTrace.cs:23)
UnityEditor.AssetDatabase:GetMainAssetTypeAtPath (string)
Unity.Hierarchy.Editor.DragAndDropHelpers:IsDraggingScene (Unity.Hierarchy.HierarchyViewDragAndDropHandlingData&) (at /Users/bokken/build/output/unity/unity/Modules/HierarchyEditor/Managed/DragAndDropHelpers.cs:57)
Unity.Hierarchy.Editor.HierarchyGameObjectHandler:DoHandleDrop (Unity.Hierarchy.HierarchyViewDragAndDropHandlingData&,bool) (at /Users/bokken/build/output/unity/unity/Modules/HierarchyEditor/ScriptBindings/HierarchyGameObjectHandler.bindings.cs:752)
Unity.Hierarchy.Editor.HierarchyGameObjectHandler:Unity.Hierarchy.IHierarchyEditorNodeTypeHandler.CanAcceptDrop (Unity.Hierarchy.HierarchyViewDragAndDropHandlingData modreq(System.Runtime.InteropServices.InAttribute)&) (at /Users/bokken/build/output/unity/unity/Modules/HierarchyEditor/ScriptBindings/HierarchyGameObjectHandler.bindings.cs:427)
Unity.Hierarchy.HierarchyViewDragHandler:HandleNodeHandlersAcceptDrop (Unity.Hierarchy.HierarchyViewDragHandler/HierarchyViewDragAndDropTargets,int,UnityEngine.UIElements.DragAndDropData,Unity.Hierarchy.HierarchyNode&,bool) (at /Users/bokken/build/output/unity/unity/Modules/Hierarchy/Managed/HierarchyViewDragHandler.cs:414)
Unity.Hierarchy.HierarchyViewDragHandler:GetVisualMode (UnityEngine.UIElements.HandleDragAndDropArgs&) (at /Users/bokken/build/output/unity/unity/Modules/Hierarchy/Managed/HierarchyViewDragHandler.cs:305)
Unity.Hierarchy.HierarchyViewDragHandler:DragAndDropUpdate (UnityEngine.UIElements.HandleDragAndDropArgs) (at /Users/bokken/build/output/unity/unity/Modules/Hierarchy/Managed/HierarchyViewDragHandler.cs:272)
UnityEngine.UIElements.HierarchyV2.CollectionView:RaiseHandleDragAndDrop (UnityEngine.Vector2,UnityEngine.UIElements.DragAndDropArgs) (at /Users/bokken/build/output/unity/unity/Modules/UIElements/Core/Controls/CollectionView/CollectionView.cs:2173)
UnityEngine.UIElements.HierarchyV2.CollectionViewDragger:GetVisualMode (UnityEngine.Vector3,UnityEngine.EventModifiers,UnityEngine.UIElements.HierarchyV2.CollectionViewDragger/DragPosition&) (at /Users/bokken/build/output/unity/unity/Modules/UIElements/Core/Controls/CollectionView/CollectionViewDragger.cs:216)
UnityEngine.UIElements.HierarchyV2.CollectionViewDragger:UpdateDrag (UnityEngine.Vector3,UnityEngine.EventModifiers) (at /Users/bokken/build/output/unity/unity/Modules/UIElements/Core/Controls/CollectionView/CollectionViewDragger.cs:106)
UnityEngine.UIElements.DragEventsProcessor:OnDragUpdate (UnityEngine.UIElements.DragUpdatedEvent) (at /Users/bokken/build/output/unity/unity/Modules/UIElements/Core/DragAndDrop/DragEventsProcessor.cs:249)
UnityEngine.UIElements.EventBase`1<UnityEngine.UIElements.DragUpdatedEvent>:InvokeCallback (System.Delegate) (at /Users/bokken/build/output/unity/unity/Modules/UIElements/Core/Events/EventBase.cs:750)
UnityEngine.UIElements.EventNoArgValue:Invoke (UnityEngine.UIElements.EventBase,UnityEngine.UIElements.EventCallbackInternal) (at /Users/bokken/build/output/unity/unity/Modules/UIElements/Core/Events/EventCallback.cs:149)
UnityEngine.UIElements.EventCallbackRegistry/DynamicCallbackList:Invoke (UnityEngine.UIElements.EventBase,UnityEngine.UIElements.BaseVisualElementPanel,UnityEngine.UIElements.VisualElement,UnityEngine.UIElements.EventCallbackRegistry) (at /Users/bokken/build/output/unity/unity/Modules/UIElements/Core/Events/EventCallbackRegistry.cs:379)
UnityEngine.UIElements.EventDispatchUtilities:HandleEventAcrossPropagationPath (UnityEngine.UIElements.EventBase,UnityEngine.UIElements.BaseVisualElementPanel,UnityEngine.UIElements.VisualElement,bool) (at /Users/bokken/build/output/unity/unity/Modules/UIElements/Core/Events/EventDispatchUtilities.cs:212)
UnityEngine.UIElements.EventDispatchUtilities:DispatchToElementUnderPointerOrPanelRoot (UnityEngine.UIElements.EventBase,UnityEngine.UIElements.BaseVisualElementPanel,int,UnityEngine.Vector2) (at /Users/bokken/build/output/unity/unity/Modules/UIElements/Core/Events/EventDispatchUtilities.cs:532)
UnityEngine.UIElements.EventDispatchUtilities:DispatchToCapturingElementOrElementUnderPointer (UnityEngine.UIElements.EventBase,UnityEngine.UIElements.BaseVisualElementPanel,int,UnityEngine.Vector2) (at /Users/bokken/build/output/unity/unity/Modules/UIElements/Core/Events/EventDispatchUtilities.cs:569)
UnityEngine.UIElements.MouseEventBase`1<UnityEngine.UIElements.DragUpdatedEvent>:Dispatch (UnityEngine.UIElements.BaseVisualElementPanel) (at /Users/bokken/build/output/unity/unity/Modules/UIElements/Core/Events/MouseEvents.cs:336)
UnityEngine.UIElements.EventDispatcher:ProcessEvent (UnityEngine.UIElements.EventBase,UnityEngine.UIElements.BaseVisualElementPanel) (at /Users/bokken/build/output/unity/unity/Modules/UIElements/Core/EventDispatcher.cs:420)
UnityEngine.UIElements.EventDispatcher:Dispatch (UnityEngine.UIElements.EventBase,UnityEngine.UIElements.BaseVisualElementPanel,UnityEngine.UIElements.DispatchMode) (at /Users/bokken/build/output/unity/unity/Modules/UIElements/Core/EventDispatcher.cs:216)
UnityEngine.UIElements.BaseVisualElementPanel:SendEvent (UnityEngine.UIElements.EventBase,UnityEngine.UIElements.DispatchMode) (at /Users/bokken/build/output/unity/unity/Modules/UIElements/Core/Panel.cs:780)
UnityEditor.UIElements.EditorEventDispatchUtility:DoDispatch (UnityEngine.UIElements.BaseVisualElementPanel,UnityEngine.Event) (at /Users/bokken/build/output/unity/unity/Modules/UIElementsEditor/EditorEventDispatchUtility.cs:87)
UnityEditor.UIElements.DefaultWindowBackend:ProcessEvent (UnityEngine.Event) (at /Users/bokken/build/output/unity/unity/Modules/UIElementsEditor/WindowBackends/DefaultWindowBackend.cs:114)
UnityEditor.GUIView:ProcessEvent (UnityEngine.EntityId,intptr,bool&) (at /Users/bokken/build/output/unity/unity/Editor/Mono/GUIView.cs:86)

[/Users/bokken/build/output/unity/unity/Runtime/Export/Scripting/StackTrace.cs line 23]

Invalid AssetDatabase path: /Users/isaac/Downloads/itc-korinna-bold.zip. Use path relative to the project folder.
UnityEngine.Debug:ExtractStackTraceNoAlloc (byte*,int,string)
UnityEngine.StackTraceUtility:ExtractStackTrace () (at /Users/bokken/build/output/unity/unity/Runtime/Export/Scripting/StackTrace.cs:23)
UnityEditor.AssetDatabase:GetMainAssetTypeAtPath (string)
Unity.Hierarchy.Editor.DragAndDropHelpers:IsDraggingScene (Unity.Hierarchy.HierarchyViewDragAndDropHandlingData&) (at /Users/bokken/build/output/unity/unity/Modules/HierarchyEditor/Managed/DragAndDropHelpers.cs:57)
Unity.Hierarchy.Editor.HierarchySceneHandler:DoHandleDrop (Unity.Hierarchy.HierarchyViewDragAndDropHandlingData&,bool) (at /Users/bokken/build/output/unity/unity/Modules/HierarchyEditor/ScriptBindings/HierarchySceneHandler.bindings.cs:630)
Unity.Hierarchy.Editor.HierarchySceneHandler:Unity.Hierarchy.IHierarchyEditorNodeTypeHandler.CanAcceptDrop (Unity.Hierarchy.HierarchyViewDragAndDropHandlingData modreq(System.Runtime.InteropServices.InAttribute)&) (at /Users/bokken/build/output/unity/unity/Modules/HierarchyEditor/ScriptBindings/HierarchySceneHandler.bindings.cs:414)
Unity.Hierarchy.HierarchyViewDragHandler:HandleNodeHandlersAcceptDrop (Unity.Hierarchy.HierarchyViewDragHandler/HierarchyViewDragAndDropTargets,int,UnityEngine.UIElements.DragAndDropData,Unity.Hierarchy.HierarchyNode&,bool) (at /Users/bokken/build/output/unity/unity/Modules/Hierarchy/Managed/HierarchyViewDragHandler.cs:414)
Unity.Hierarchy.HierarchyViewDragHandler:GetVisualMode (UnityEngine.UIElements.HandleDragAndDropArgs&) (at /Users/bokken/build/output/unity/unity/Modules/Hierarchy/Managed/HierarchyViewDragHandler.cs:305)
Unity.Hierarchy.HierarchyViewDragHandler:DragAndDropUpdate (UnityEngine.UIElements.HandleDragAndDropArgs) (at /Users/bokken/build/output/unity/unity/Modules/Hierarchy/Managed/HierarchyViewDragHandler.cs:272)
UnityEngine.UIElements.HierarchyV2.CollectionView:RaiseHandleDragAndDrop (UnityEngine.Vector2,UnityEngine.UIElements.DragAndDropArgs) (at /Users/bokken/build/output/unity/unity/Modules/UIElements/Core/Controls/CollectionView/CollectionView.cs:2173)
UnityEngine.UIElements.HierarchyV2.CollectionViewDragger:GetVisualMode (UnityEngine.Vector3,UnityEngine.EventModifiers,UnityEngine.UIElements.HierarchyV2.CollectionViewDragger/DragPosition&) (at /Users/bokken/build/output/unity/unity/Modules/UIElements/Core/Controls/CollectionView/CollectionViewDragger.cs:216)
UnityEngine.UIElements.HierarchyV2.CollectionViewDragger:UpdateDrag (UnityEngine.Vector3,UnityEngine.EventModifiers) (at /Users/bokken/build/output/unity/unity/Modules/UIElements/Core/Controls/CollectionView/CollectionViewDragger.cs:106)
UnityEngine.UIElements.DragEventsProcessor:OnDragUpdate (UnityEngine.UIElements.DragUpdatedEvent) (at /Users/bokken/build/output/unity/unity/Modules/UIElements/Core/DragAndDrop/DragEventsProcessor.cs:249)
UnityEngine.UIElements.EventBase`1<UnityEngine.UIElements.DragUpdatedEvent>:InvokeCallback (System.Delegate) (at /Users/bokken/build/output/unity/unity/Modules/UIElements/Core/Events/EventBase.cs:750)
UnityEngine.UIElements.EventNoArgValue:Invoke (UnityEngine.UIElements.EventBase,UnityEngine.UIElements.EventCallbackInternal) (at /Users/bokken/build/output/unity/unity/Modules/UIElements/Core/Events/EventCallback.cs:149)
UnityEngine.UIElements.EventCallbackRegistry/DynamicCallbackList:Invoke (UnityEngine.UIElements.EventBase,UnityEngine.UIElements.BaseVisualElementPanel,UnityEngine.UIElements.VisualElement,UnityEngine.UIElements.EventCallbackRegistry) (at /Users/bokken/build/output/unity/unity/Modules/UIElements/Core/Events/EventCallbackRegistry.cs:379)
UnityEngine.UIElements.EventDispatchUtilities:HandleEventAcrossPropagationPath (UnityEngine.UIElements.EventBase,UnityEngine.UIElements.BaseVisualElementPanel,UnityEngine.UIElements.VisualElement,bool) (at /Users/bokken/build/output/unity/unity/Modules/UIElements/Core/Events/EventDispatchUtilities.cs:212)
UnityEngine.UIElements.EventDispatchUtilities:DispatchToElementUnderPointerOrPanelRoot (UnityEngine.UIElements.EventBase,UnityEngine.UIElements.BaseVisualElementPanel,int,UnityEngine.Vector2) (at /Users/bokken/build/output/unity/unity/Modules/UIElements/Core/Events/EventDispatchUtilities.cs:532)
UnityEngine.UIElements.EventDispatchUtilities:DispatchToCapturingElementOrElementUnderPointer (UnityEngine.UIElements.EventBase,UnityEngine.UIElements.BaseVisualElementPanel,int,UnityEngine.Vector2) (at /Users/bokken/build/output/unity/unity/Modules/UIElements/Core/Events/EventDispatchUtilities.cs:569)
UnityEngine.UIElements.MouseEventBase`1<UnityEngine.UIElements.DragUpdatedEvent>:Dispatch (UnityEngine.UIElements.BaseVisualElementPanel) (at /Users/bokken/build/output/unity/unity/Modules/UIElements/Core/Events/MouseEvents.cs:336)
UnityEngine.UIElements.EventDispatcher:ProcessEvent (UnityEngine.UIElements.EventBase,UnityEngine.UIElements.BaseVisualElementPanel) (at /Users/bokken/build/output/unity/unity/Modules/UIElements/Core/EventDispatcher.cs:420)
UnityEngine.UIElements.EventDispatcher:Dispatch (UnityEngine.UIElements.EventBase,UnityEngine.UIElements.BaseVisualElementPanel,UnityEngine.UIElements.DispatchMode) (at /Users/bokken/build/output/unity/unity/Modules/UIElements/Core/EventDispatcher.cs:216)
UnityEngine.UIElements.BaseVisualElementPanel:SendEvent (UnityEngine.UIElements.EventBase,UnityEngine.UIElements.DispatchMode) (at /Users/bokken/build/output/unity/unity/Modules/UIElements/Core/Panel.cs:780)
UnityEditor.UIElements.EditorEventDispatchUtility:DoDispatch (UnityEngine.UIElements.BaseVisualElementPanel,UnityEngine.Event) (at /Users/bokken/build/output/unity/unity/Modules/UIElementsEditor/EditorEventDispatchUtility.cs:87)
UnityEditor.UIElements.DefaultWindowBackend:ProcessEvent (UnityEngine.Event) (at /Users/bokken/build/output/unity/unity/Modules/UIElementsEditor/WindowBackends/DefaultWindowBackend.cs:114)
UnityEditor.GUIView:ProcessEvent (UnityEngine.EntityId,intptr,bool&) (at /Users/bokken/build/output/unity/unity/Editor/Mono/GUIView.cs:86)

[/Users/bokken/build/output/unity/unity/Runtime/Export/Scripting/StackTrace.cs line 23]

Invalid AssetDatabase path: /Users/isaac/Downloads/itc-korinna-bold.zip. Use path relative to the project folder.
UnityEngine.Debug:ExtractStackTraceNoAlloc (byte*,int,string)
UnityEngine.StackTraceUtility:ExtractStackTrace () (at /Users/bokken/build/output/unity/unity/Runtime/Export/Scripting/StackTrace.cs:23)
UnityEditor.AssetDatabase:GetMainAssetTypeAtPath (string)
Unity.Hierarchy.Editor.DragAndDropHelpers:IsDraggingScene (Unity.Hierarchy.HierarchyViewDragAndDropHandlingData&) (at /Users/bokken/build/output/unity/unity/Modules/HierarchyEditor/Managed/DragAndDropHelpers.cs:57)
Unity.Hierarchy.Editor.HierarchyGameObjectHandler:DoHandleDrop (Unity.Hierarchy.HierarchyViewDragAndDropHandlingData&,bool) (at /Users/bokken/build/output/unity/unity/Modules/HierarchyEditor/ScriptBindings/HierarchyGameObjectHandler.bindings.cs:752)
Unity.Hierarchy.Editor.HierarchyGameObjectHandler:Unity.Hierarchy.IHierarchyEditorNodeTypeHandler.CanAcceptDrop (Unity.Hierarchy.HierarchyViewDragAndDropHandlingData modreq(System.Runtime.InteropServices.InAttribute)&) (at /Users/bokken/build/output/unity/unity/Modules/HierarchyEditor/ScriptBindings/HierarchyGameObjectHandler.bindings.cs:427)
Unity.Hierarchy.HierarchyViewDragHandler:HandleNodeHandlersAcceptDrop (Unity.Hierarchy.HierarchyViewDragHandler/HierarchyViewDragAndDropTargets,int,UnityEngine.UIElements.DragAndDropData,Unity.Hierarchy.HierarchyNode&,bool) (at /Users/bokken/build/output/unity/unity/Modules/Hierarchy/Managed/HierarchyViewDragHandler.cs:414)
Unity.Hierarchy.HierarchyViewDragHandler:GetVisualMode (UnityEngine.UIElements.HandleDragAndDropArgs&) (at /Users/bokken/build/output/unity/unity/Modules/Hierarchy/Managed/HierarchyViewDragHandler.cs:305)
Unity.Hierarchy.HierarchyViewDragHandler:DragAndDropUpdate (UnityEngine.UIElements.HandleDragAndDropArgs) (at /Users/bokken/build/output/unity/unity/Modules/Hierarchy/Managed/HierarchyViewDragHandler.cs:272)
UnityEngine.UIElements.HierarchyV2.CollectionView:RaiseHandleDragAndDrop (UnityEngine.Vector2,UnityEngine.UIElements.DragAndDropArgs) (at /Users/bokken/build/output/unity/unity/Modules/UIElements/Core/Controls/CollectionView/CollectionView.cs:2173)
UnityEngine.UIElements.HierarchyV2.CollectionViewDragger:GetVisualMode (UnityEngine.Vector3,UnityEngine.EventModifiers,UnityEngine.UIElements.HierarchyV2.CollectionViewDragger/DragPosition&) (at /Users/bokken/build/output/unity/unity/Modules/UIElements/Core/Controls/CollectionView/CollectionViewDragger.cs:216)
UnityEngine.UIElements.HierarchyV2.CollectionViewDragger:UpdateDrag (UnityEngine.Vector3,UnityEngine.EventModifiers) (at /Users/bokken/build/output/unity/unity/Modules/UIElements/Core/Controls/CollectionView/CollectionViewDragger.cs:106)
UnityEngine.UIElements.DragEventsProcessor:OnDragUpdate (UnityEngine.UIElements.DragUpdatedEvent) (at /Users/bokken/build/output/unity/unity/Modules/UIElements/Core/DragAndDrop/DragEventsProcessor.cs:249)
UnityEngine.UIElements.EventBase`1<UnityEngine.UIElements.DragUpdatedEvent>:InvokeCallback (System.Delegate) (at /Users/bokken/build/output/unity/unity/Modules/UIElements/Core/Events/EventBase.cs:750)
UnityEngine.UIElements.EventNoArgValue:Invoke (UnityEngine.UIElements.EventBase,UnityEngine.UIElements.EventCallbackInternal) (at /Users/bokken/build/output/unity/unity/Modules/UIElements/Core/Events/EventCallback.cs:149)
UnityEngine.UIElements.EventCallbackRegistry/DynamicCallbackList:Invoke (UnityEngine.UIElements.EventBase,UnityEngine.UIElements.BaseVisualElementPanel,UnityEngine.UIElements.VisualElement,UnityEngine.UIElements.EventCallbackRegistry) (at /Users/bokken/build/output/unity/unity/Modules/UIElements/Core/Events/EventCallbackRegistry.cs:379)
UnityEngine.UIElements.EventDispatchUtilities:HandleEventAcrossPropagationPath (UnityEngine.UIElements.EventBase,UnityEngine.UIElements.BaseVisualElementPanel,UnityEngine.UIElements.VisualElement,bool) (at /Users/bokken/build/output/unity/unity/Modules/UIElements/Core/Events/EventDispatchUtilities.cs:212)
UnityEngine.UIElements.EventDispatchUtilities:DispatchToElementUnderPointerOrPanelRoot (UnityEngine.UIElements.EventBase,UnityEngine.UIElements.BaseVisualElementPanel,int,UnityEngine.Vector2) (at /Users/bokken/build/output/unity/unity/Modules/UIElements/Core/Events/EventDispatchUtilities.cs:532)
UnityEngine.UIElements.EventDispatchUtilities:DispatchToCapturingElementOrElementUnderPointer (UnityEngine.UIElements.EventBase,UnityEngine.UIElements.BaseVisualElementPanel,int,UnityEngine.Vector2) (at /Users/bokken/build/output/unity/unity/Modules/UIElements/Core/Events/EventDispatchUtilities.cs:569)
UnityEngine.UIElements.MouseEventBase`1<UnityEngine.UIElements.DragUpdatedEvent>:Dispatch (UnityEngine.UIElements.BaseVisualElementPanel) (at /Users/bokken/build/output/unity/unity/Modules/UIElements/Core/Events/MouseEvents.cs:336)
UnityEngine.UIElements.EventDispatcher:ProcessEvent (UnityEngine.UIElements.EventBase,UnityEngine.UIElements.BaseVisualElementPanel) (at /Users/bokken/build/output/unity/unity/Modules/UIElements/Core/EventDispatcher.cs:420)
UnityEngine.UIElements.EventDispatcher:Dispatch (UnityEngine.UIElements.EventBase,UnityEngine.UIElements.BaseVisualElementPanel,UnityEngine.UIElements.DispatchMode) (at /Users/bokken/build/output/unity/unity/Modules/UIElements/Core/EventDispatcher.cs:216)
UnityEngine.UIElements.BaseVisualElementPanel:SendEvent (UnityEngine.UIElements.EventBase,UnityEngine.UIElements.DispatchMode) (at /Users/bokken/build/output/unity/unity/Modules/UIElements/Core/Panel.cs:780)
UnityEditor.UIElements.EditorEventDispatchUtility:DoDispatch (UnityEngine.UIElements.BaseVisualElementPanel,UnityEngine.Event) (at /Users/bokken/build/output/unity/unity/Modules/UIElementsEditor/EditorEventDispatchUtility.cs:87)
UnityEditor.UIElements.DefaultWindowBackend:ProcessEvent (UnityEngine.Event) (at /Users/bokken/build/output/unity/unity/Modules/UIElementsEditor/WindowBackends/DefaultWindowBackend.cs:114)
UnityEditor.GUIView:ProcessEvent (UnityEngine.EntityId,intptr,bool&) (at /Users/bokken/build/output/unity/unity/Editor/Mono/GUIView.cs:86)

[/Users/bokken/build/output/unity/unity/Runtime/Export/Scripting/StackTrace.cs line 23]

Importing 'GUID: 38df5a34fe81a443aa91fdcaee3da17c - Path: Assets/Fonts/itc-korinna-bold.zip' with importer (DefaultImporter)
Imported 'GUID: 38df5a34fe81a443aa91fdcaee3da17c' -> (Import Result ID: 'e9c554a9d86a1dff4b89c84787590780') in 0.764 seconds [static dependencies only]. Details - ImportResultOutputID=102d075b27de6b0440bf4cdeb8e95f3f DependenciesID=f3c94035fc7a463bef00b2c10b81cd01 StaticDependenciesID=3b95601d2cdfe20ae2df46f03dd1f77b 

Asset Pipeline Refresh (id=dce3f9f92cb9e4bee8f373570c95b5d6): Total: 0.898 seconds - Initiated by RefreshV2(NoUpdateAssetOptions)
	(Values over 0.05ms)
	Summary:
		Imports: total=1 (actual=1, local cache=0, cache server=0)
		Asset DB Process Time: managed=0 ms, native=883 ms
		Asset DB Callback time: managed=8 ms, native=5 ms
		Scripting: domain reloads=0, domain reload time=0 ms, compile time=0 ms, other=0 ms
		Project Asset Count: scripts=1600, non-scripts=3304
		Asset File Changes: new=1, changed=1, moved=0, deleted=0
		Scan Filter Count: 1
	ApplyChangesToAssetFolders: 0.153ms
	Scan: 92.624ms
	Collect global state as custom dependencies: 0.190ms
	OnSourceAssetsModified: 0.077ms
	CategorizeAssets: 14.300ms
	ImportOutOfDateAssets: 770.520ms (1.276ms without children)
		ImportManagerImport: 768.077ms (0.324ms without children)
		UnloadImportedAssets: 0.066ms
		EnsureUptoDateAssetsAreRegisteredWithGuidPM: 0.344ms
		InitializingProgressBar: 0.556ms
		ImportSchedulerStart: 0.166ms
	PostProcessAllAssets: 8.629ms
		XRBuildSystem.XRAssetImported 3.547ms
		MonoPostProcessAllAssets: 4.915ms
			ConfigAssetsTracker.OnPostprocessAllAssets 1.435ms
			SyncVS.PostprocessSyncProject 0.952ms
			SpriteEditorTexturePostprocessor.OnPostprocessAllAssets 0.548ms
			AssetChangedListener.OnPostprocessAllAssets 0.436ms
			AssetPostprocessor.OnPostprocessAllAssets 0.244ms
			SpriteShapeAssetPostProcessor.OnPostprocessAllAssets 0.151ms
			ShaderGraphAssetPostProcessor.OnPostprocessAllAssets 0.085ms
			EditModeScopePostprocessor.OnPostprocessAllAssets 0.060ms
	PostAssetChangesProfiler: 4.947ms
	GatherAllCurrentPrimaryImportResultRevisions: 0.226ms
	PersistCurrentRevisions: 0.221ms
	Untracked: 5.688ms

[Worker0] Imported GUID: 38df5a34fe81a443aa91fdcaee3da17c - Path: Assets/Fonts/itc-korinna-bold.zip - Importer: ScriptedImporter/UnityEditor.QuickSearchModule:UnityEditor.Search:ASIAI0B -> (Import Result ID: 'fb7bb2b71a8ea5d55d1367bfe93f5ae0') in 0.023637584 seconds
Asset Pipeline Refresh (id=f3eef905551594f6bab21fdf573ec780): Total: 0.090 seconds - Initiated by RefreshV2(AllowForceSynchronousImport)
[Worker0] Imported GUID: 60a80472670d240a89978e5245aa1791 - Path: Assets/ITC Korinna Bold.ttf - Importer: PreviewImporter -> (Import Result ID: 'bc7feb1b8a2177740e2ef2cee92651e0') in 0.030126833 seconds
2026-09-13 21:24:39.817 Unity[60376:1602523] NSEventModifierFlagFunction specified to -setKeyEquivalentModifierMask: for item <NSMenuItem: 0x8dc09e440 SDF, ke='Command-F12'>, but is only supported for system-provided menu items; will not be used
Refreshing native plugins compatible for Editor in 2.58 ms, found 3 plugins.
Asset Pipeline Refresh (id=9d151b5a4a88242c7908400c78ce63a6): Total: 0.051 seconds - Initiated by StopAssetImportingV2(NoUpdateAssetOptions)
Asset Pipeline Refresh (id=06777ec1ac0944be29dc5655804c3315): Total: 0.128 seconds - Initiated by RefreshV2(ForceSynchronousImport)
[Worker0] Imported GUID: 38df5a34fe81a443aa91fdcaee3da17c - Path: Assets/Fonts/itc-korinna-bold.zip - Importer: PreviewImporter -> (Import Result ID: '25bc7c5bd494a3ed917007404742c27e') in 0.010196583 seconds
2026-09-13 21:25:22.398 Unity[60376:1602523] NSEventModifierFlagFunction specified to -setKeyEquivalentModifierMask: for item <NSMenuItem: 0x8e5606b20 SDF, ke='Command-F12'>, but is only supported for system-provided menu items; will not be used
Refreshing native plugins compatible for Editor in 5.55 ms, found 3 plugins.
Asset Pipeline Refresh (id=d72ee9ad3741e410080d90e3d05f091d): Total: 0.053 seconds - Initiated by StopAssetImportingV2(NoUpdateAssetOptions)
Asset Pipeline Refresh (id=0f2a8747253b343759c0313bfcb9e12a): Total: 0.160 seconds - Initiated by RefreshV2(ForceSynchronousImport)
Asset Pipeline Refresh (id=d5daee59e1df44c1cbeb1d09a41ba289): Total: 0.130 seconds - Initiated by RefreshV2(AllowForceSynchronousImport)
Importing 'GUID: 60a80472670d240a89978e5245aa1791 - Path: Assets/ITC Korinna Bold.ttf' with importer (TrueTypeFontImporter)
Imported 'GUID: 60a80472670d240a89978e5245aa1791' -> (Import Result ID: '4a7c427517ad0b38c098ccdee6cf1879') in 0.001 seconds [static and dynamic dependencies]. Details - ImportResultOutputID=74dc9dc37513c46b1bbe057c8aa9eae8 DependenciesID=33d8e6f51bc818f0e7f59cb6b6f00b0f StaticDependenciesID=a76d9f9b4bb33410c50ff6a2ce26e423 
Refreshing native plugins compatible for Editor in 4.56 ms, found 3 plugins.
Asset Pipeline Refresh (id=9980f7515c81e4aa497cd7b1b35152ce): Total: 0.127 seconds - Initiated by RefreshV2(NoUpdateAssetOptions)
Asset Pipeline Refresh (id=beb0366dbf2f54814a68f72bacabf49c): Total: 0.086 seconds - Initiated by RefreshV2(AllowForceSynchronousImport)
2026-09-13 21:26:38.670 Unity[60376:1602523] NSEventModifierFlagFunction specified to -setKeyEquivalentModifierMask: for item <NSMenuItem: 0x8ddeb05a0 SDF, ke='Command-F12'>, but is only supported for system-provided menu items; will not be used
Asset Pipeline Refresh (id=7435202e5fa2b4c8c86edaff3005bc9d): Total: 0.027 seconds - Initiated by StopAssetImportingV2(NoUpdateAssetOptions)
Asset Pipeline Refresh (id=0c12801591b244852a46be68c0bc4e14): Total: 0.005 seconds - Initiated by StopAssetImportingV2(NoUpdateAssetOptions)
[Worker0] Imported GUID: 60a80472670d240a89978e5245aa1791 - Path: Assets/Fonts/ITC Korinna Bold.ttf - Importer: ScriptedImporter/UnityEditor.QuickSearchModule:UnityEditor.Search:ASIAI0B -> (Import Result ID: '2607b48a71bcfa5d60aac318bf820328') in 0.012287167 seconds
2026-09-13 21:27:07.011 Unity[60376:1602523] NSEventModifierFlagFunction specified to -setKeyEquivalentModifierMask: for item <NSMenuItem: 0x8d18a48c0 SDF, ke='Command-F12'>, but is only supported for system-provided menu items; will not be used
Refreshing native plugins compatible for Editor in 2.19 ms, found 3 plugins.
Asset Pipeline Refresh (id=d456558479a564602909ffca6d53e0b9): Total: 0.050 seconds - Initiated by StopAssetImportingV2(NoUpdateAssetOptions)
Asset Pipeline Refresh (id=f30f7180354294a9e8999852abacdacd): Total: 0.131 seconds - Initiated by RefreshV2(ForceSynchronousImport)
2026-09-13 21:27:13.048 Unity[60376:1602523] NSEventModifierFlagFunction specified to -setKeyEquivalentModifierMask: for item <NSMenuItem: 0x8dc0afca0 SDF, ke='Command-F12'>, but is only supported for system-provided menu items; will not be used
Invalid AssetDatabase path: /Users/isaac/Downloads/ITC Korinna Bold.ttf. Use path relative to the project folder.
UnityEngine.Debug:ExtractStackTraceNoAlloc (byte*,int,string)
UnityEngine.StackTraceUtility:ExtractStackTrace () (at /Users/bokken/build/output/unity/unity/Runtime/Export/Scripting/StackTrace.cs:23)
UnityEditor.AssetDatabase:GetMainAssetTypeAtPath (string)
Unity.Hierarchy.Editor.DragAndDropHelpers:IsDraggingScene (Unity.Hierarchy.HierarchyViewDragAndDropHandlingData&) (at /Users/bokken/build/output/unity/unity/Modules/HierarchyEditor/Managed/DragAndDropHelpers.cs:57)
Unity.Hierarchy.Editor.HierarchySceneHandler:DoHandleDrop (Unity.Hierarchy.HierarchyViewDragAndDropHandlingData&,bool) (at /Users/bokken/build/output/unity/unity/Modules/HierarchyEditor/ScriptBindings/HierarchySceneHandler.bindings.cs:630)
Unity.Hierarchy.Editor.HierarchySceneHandler:Unity.Hierarchy.IHierarchyEditorNodeTypeHandler.CanAcceptDrop (Unity.Hierarchy.HierarchyViewDragAndDropHandlingData modreq(System.Runtime.InteropServices.InAttribute)&) (at /Users/bokken/build/output/unity/unity/Modules/HierarchyEditor/ScriptBindings/HierarchySceneHandler.bindings.cs:414)
Unity.Hierarchy.HierarchyViewDragHandler:HandleNodeHandlersAcceptDrop (Unity.Hierarchy.HierarchyViewDragHandler/HierarchyViewDragAndDropTargets,int,UnityEngine.UIElements.DragAndDropData,Unity.Hierarchy.HierarchyNode&,bool) (at /Users/bokken/build/output/unity/unity/Modules/Hierarchy/Managed/HierarchyViewDragHandler.cs:414)
Unity.Hierarchy.HierarchyViewDragHandler:GetVisualMode (UnityEngine.UIElements.HandleDragAndDropArgs&) (at /Users/bokken/build/output/unity/unity/Modules/Hierarchy/Managed/HierarchyViewDragHandler.cs:305)
Unity.Hierarchy.HierarchyViewDragHandler:DragAndDropUpdate (UnityEngine.UIElements.HandleDragAndDropArgs) (at /Users/bokken/build/output/unity/unity/Modules/Hierarchy/Managed/HierarchyViewDragHandler.cs:272)
UnityEngine.UIElements.HierarchyV2.CollectionView:RaiseHandleDragAndDrop (UnityEngine.Vector2,UnityEngine.UIElements.DragAndDropArgs) (at /Users/bokken/build/output/unity/unity/Modules/UIElements/Core/Controls/CollectionView/CollectionView.cs:2173)
UnityEngine.UIElements.HierarchyV2.CollectionViewDragger:GetVisualMode (UnityEngine.Vector3,UnityEngine.EventModifiers,UnityEngine.UIElements.HierarchyV2.CollectionViewDragger/DragPosition&) (at /Users/bokken/build/output/unity/unity/Modules/UIElements/Core/Controls/CollectionView/CollectionViewDragger.cs:216)
UnityEngine.UIElements.HierarchyV2.CollectionViewDragger:UpdateDrag (UnityEngine.Vector3,UnityEngine.EventModifiers) (at /Users/bokken/build/output/unity/unity/Modules/UIElements/Core/Controls/CollectionView/CollectionViewDragger.cs:106)
UnityEngine.UIElements.DragEventsProcessor:OnDragUpdate (UnityEngine.UIElements.DragUpdatedEvent) (at /Users/bokken/build/output/unity/unity/Modules/UIElements/Core/DragAndDrop/DragEventsProcessor.cs:249)
UnityEngine.UIElements.EventBase`1<UnityEngine.UIElements.DragUpdatedEvent>:InvokeCallback (System.Delegate) (at /Users/bokken/build/output/unity/unity/Modules/UIElements/Core/Events/EventBase.cs:750)
UnityEngine.UIElements.EventNoArgValue:Invoke (UnityEngine.UIElements.EventBase,UnityEngine.UIElements.EventCallbackInternal) (at /Users/bokken/build/output/unity/unity/Modules/UIElements/Core/Events/EventCallback.cs:149)
UnityEngine.UIElements.EventCallbackRegistry/DynamicCallbackList:Invoke (UnityEngine.UIElements.EventBase,UnityEngine.UIElements.BaseVisualElementPanel,UnityEngine.UIElements.VisualElement,UnityEngine.UIElements.EventCallbackRegistry) (at /Users/bokken/build/output/unity/unity/Modules/UIElements/Core/Events/EventCallbackRegistry.cs:379)
UnityEngine.UIElements.EventDispatchUtilities:HandleEventAcrossPropagationPath (UnityEngine.UIElements.EventBase,UnityEngine.UIElements.BaseVisualElementPanel,UnityEngine.UIElements.VisualElement,bool) (at /Users/bokken/build/output/unity/unity/Modules/UIElements/Core/Events/EventDispatchUtilities.cs:212)
UnityEngine.UIElements.EventDispatchUtilities:DispatchToElementUnderPointerOrPanelRoot (UnityEngine.UIElements.EventBase,UnityEngine.UIElements.BaseVisualElementPanel,int,UnityEngine.Vector2) (at /Users/bokken/build/output/unity/unity/Modules/UIElements/Core/Events/EventDispatchUtilities.cs:532)
UnityEngine.UIElements.EventDispatchUtilities:DispatchToCapturingElementOrElementUnderPointer (UnityEngine.UIElements.EventBase,UnityEngine.UIElements.BaseVisualElementPanel,int,UnityEngine.Vector2) (at /Users/bokken/build/output/unity/unity/Modules/UIElements/Core/Events/EventDispatchUtilities.cs:569)
UnityEngine.UIElements.MouseEventBase`1<UnityEngine.UIElements.DragUpdatedEvent>:Dispatch (UnityEngine.UIElements.BaseVisualElementPanel) (at /Users/bokken/build/output/unity/unity/Modules/UIElements/Core/Events/MouseEvents.cs:336)
UnityEngine.UIElements.EventDispatcher:ProcessEvent (UnityEngine.UIElements.EventBase,UnityEngine.UIElements.BaseVisualElementPanel) (at /Users/bokken/build/output/unity/unity/Modules/UIElements/Core/EventDispatcher.cs:420)
UnityEngine.UIElements.EventDispatcher:Dispatch (UnityEngine.UIElements.EventBase,UnityEngine.UIElements.BaseVisualElementPanel,UnityEngine.UIElements.DispatchMode) (at /Users/bokken/build/output/unity/unity/Modules/UIElements/Core/EventDispatcher.cs:216)
UnityEngine.UIElements.BaseVisualElementPanel:SendEvent (UnityEngine.UIElements.EventBase,UnityEngine.UIElements.DispatchMode) (at /Users/bokken/build/output/unity/unity/Modules/UIElements/Core/Panel.cs:780)
UnityEditor.UIElements.EditorEventDispatchUtility:DoDispatch (UnityEngine.UIElements.BaseVisualElementPanel,UnityEngine.Event) (at /Users/bokken/build/output/unity/unity/Modules/UIElementsEditor/EditorEventDispatchUtility.cs:87)
UnityEditor.UIElements.DefaultWindowBackend:ProcessEvent (UnityEngine.Event) (at /Users/bokken/build/output/unity/unity/Modules/UIElementsEditor/WindowBackends/DefaultWindowBackend.cs:114)
UnityEditor.GUIView:ProcessEvent (UnityEngine.EntityId,intptr,bool&) (at /Users/bokken/build/output/unity/unity/Editor/Mono/GUIView.cs:86)

[/Users/bokken/build/output/unity/unity/Runtime/Export/Scripting/StackTrace.cs line 23]

Invalid AssetDatabase path: /Users/isaac/Downloads/ITC Korinna Bold.ttf. Use path relative to the project folder.
UnityEngine.Debug:ExtractStackTraceNoAlloc (byte*,int,string)
UnityEngine.StackTraceUtility:ExtractStackTrace () (at /Users/bokken/build/output/unity/unity/Runtime/Export/Scripting/StackTrace.cs:23)
UnityEditor.AssetDatabase:GetMainAssetTypeAtPath (string)
Unity.Hierarchy.Editor.DragAndDropHelpers:IsDraggingScene (Unity.Hierarchy.HierarchyViewDragAndDropHandlingData&) (at /Users/bokken/build/output/unity/unity/Modules/HierarchyEditor/Managed/DragAndDropHelpers.cs:57)
Unity.Hierarchy.Editor.HierarchyGameObjectHandler:DoHandleDrop (Unity.Hierarchy.HierarchyViewDragAndDropHandlingData&,bool) (at /Users/bokken/build/output/unity/unity/Modules/HierarchyEditor/ScriptBindings/HierarchyGameObjectHandler.bindings.cs:752)
Unity.Hierarchy.Editor.HierarchyGameObjectHandler:Unity.Hierarchy.IHierarchyEditorNodeTypeHandler.CanAcceptDrop (Unity.Hierarchy.HierarchyViewDragAndDropHandlingData modreq(System.Runtime.InteropServices.InAttribute)&) (at /Users/bokken/build/output/unity/unity/Modules/HierarchyEditor/ScriptBindings/HierarchyGameObjectHandler.bindings.cs:427)
Unity.Hierarchy.HierarchyViewDragHandler:HandleNodeHandlersAcceptDrop (Unity.Hierarchy.HierarchyViewDragHandler/HierarchyViewDragAndDropTargets,int,UnityEngine.UIElements.DragAndDropData,Unity.Hierarchy.HierarchyNode&,bool) (at /Users/bokken/build/output/unity/unity/Modules/Hierarchy/Managed/HierarchyViewDragHandler.cs:414)
Unity.Hierarchy.HierarchyViewDragHandler:GetVisualMode (UnityEngine.UIElements.HandleDragAndDropArgs&) (at /Users/bokken/build/output/unity/unity/Modules/Hierarchy/Managed/HierarchyViewDragHandler.cs:305)
Unity.Hierarchy.HierarchyViewDragHandler:DragAndDropUpdate (UnityEngine.UIElements.HandleDragAndDropArgs) (at /Users/bokken/build/output/unity/unity/Modules/Hierarchy/Managed/HierarchyViewDragHandler.cs:272)
UnityEngine.UIElements.HierarchyV2.CollectionView:RaiseHandleDragAndDrop (UnityEngine.Vector2,UnityEngine.UIElements.DragAndDropArgs) (at /Users/bokken/build/output/unity/unity/Modules/UIElements/Core/Controls/CollectionView/CollectionView.cs:2173)
UnityEngine.UIElements.HierarchyV2.CollectionViewDragger:GetVisualMode (UnityEngine.Vector3,UnityEngine.EventModifiers,UnityEngine.UIElements.HierarchyV2.CollectionViewDragger/DragPosition&) (at /Users/bokken/build/output/unity/unity/Modules/UIElements/Core/Controls/CollectionView/CollectionViewDragger.cs:216)
UnityEngine.UIElements.HierarchyV2.CollectionViewDragger:UpdateDrag (UnityEngine.Vector3,UnityEngine.EventModifiers) (at /Users/bokken/build/output/unity/unity/Modules/UIElements/Core/Controls/CollectionView/CollectionViewDragger.cs:106)
UnityEngine.UIElements.DragEventsProcessor:OnDragUpdate (UnityEngine.UIElements.DragUpdatedEvent) (at /Users/bokken/build/output/unity/unity/Modules/UIElements/Core/DragAndDrop/DragEventsProcessor.cs:249)
UnityEngine.UIElements.EventBase`1<UnityEngine.UIElements.DragUpdatedEvent>:InvokeCallback (System.Delegate) (at /Users/bokken/build/output/unity/unity/Modules/UIElements/Core/Events/EventBase.cs:750)
UnityEngine.UIElements.EventNoArgValue:Invoke (UnityEngine.UIElements.EventBase,UnityEngine.UIElements.EventCallbackInternal) (at /Users/bokken/build/output/unity/unity/Modules/UIElements/Core/Events/EventCallback.cs:149)
UnityEngine.UIElements.EventCallbackRegistry/DynamicCallbackList:Invoke (UnityEngine.UIElements.EventBase,UnityEngine.UIElements.BaseVisualElementPanel,UnityEngine.UIElements.VisualElement,UnityEngine.UIElements.EventCallbackRegistry) (at /Users/bokken/build/output/unity/unity/Modules/UIElements/Core/Events/EventCallbackRegistry.cs:379)
UnityEngine.UIElements.EventDispatchUtilities:HandleEventAcrossPropagationPath (UnityEngine.UIElements.EventBase,UnityEngine.UIElements.BaseVisualElementPanel,UnityEngine.UIElements.VisualElement,bool) (at /Users/bokken/build/output/unity/unity/Modules/UIElements/Core/Events/EventDispatchUtilities.cs:212)
UnityEngine.UIElements.EventDispatchUtilities:DispatchToElementUnderPointerOrPanelRoot (UnityEngine.UIElements.EventBase,UnityEngine.UIElements.BaseVisualElementPanel,int,UnityEngine.Vector2) (at /Users/bokken/build/output/unity/unity/Modules/UIElements/Core/Events/EventDispatchUtilities.cs:532)
UnityEngine.UIElements.EventDispatchUtilities:DispatchToCapturingElementOrElementUnderPointer (UnityEngine.UIElements.EventBase,UnityEngine.UIElements.BaseVisualElementPanel,int,UnityEngine.Vector2) (at /Users/bokken/build/output/unity/unity/Modules/UIElements/Core/Events/EventDispatchUtilities.cs:569)
UnityEngine.UIElements.MouseEventBase`1<UnityEngine.UIElements.DragUpdatedEvent>:Dispatch (UnityEngine.UIElements.BaseVisualElementPanel) (at /Users/bokken/build/output/unity/unity/Modules/UIElements/Core/Events/MouseEvents.cs:336)
UnityEngine.UIElements.EventDispatcher:ProcessEvent (UnityEngine.UIElements.EventBase,UnityEngine.UIElements.BaseVisualElementPanel) (at /Users/bokken/build/output/unity/unity/Modules/UIElements/Core/EventDispatcher.cs:420)
UnityEngine.UIElements.EventDispatcher:Dispatch (UnityEngine.UIElements.EventBase,UnityEngine.UIElements.BaseVisualElementPanel,UnityEngine.UIElements.DispatchMode) (at /Users/bokken/build/output/unity/unity/Modules/UIElements/Core/EventDispatcher.cs:216)
UnityEngine.UIElements.BaseVisualElementPanel:SendEvent (UnityEngine.UIElements.EventBase,UnityEngine.UIElements.DispatchMode) (at /Users/bokken/build/output/unity/unity/Modules/UIElements/Core/Panel.cs:780)
UnityEditor.UIElements.EditorEventDispatchUtility:DoDispatch (UnityEngine.UIElements.BaseVisualElementPanel,UnityEngine.Event) (at /Users/bokken/build/output/unity/unity/Modules/UIElementsEditor/EditorEventDispatchUtility.cs:87)
UnityEditor.UIElements.DefaultWindowBackend:ProcessEvent (UnityEngine.Event) (at /Users/bokken/build/output/unity/unity/Modules/UIElementsEditor/WindowBackends/DefaultWindowBackend.cs:114)
UnityEditor.GUIView:ProcessEvent (UnityEngine.EntityId,intptr,bool&) (at /Users/bokken/build/output/unity/unity/Editor/Mono/GUIView.cs:86)

[/Users/bokken/build/output/unity/unity/Runtime/Export/Scripting/StackTrace.cs line 23]

Invalid AssetDatabase path: /Users/isaac/Downloads/ITC Korinna Bold.ttf. Use path relative to the project folder.
UnityEngine.Debug:ExtractStackTraceNoAlloc (byte*,int,string)
UnityEngine.StackTraceUtility:ExtractStackTrace () (at /Users/bokken/build/output/unity/unity/Runtime/Export/Scripting/StackTrace.cs:23)
UnityEditor.AssetDatabase:GetMainAssetTypeAtPath (string)
Unity.Hierarchy.Editor.DragAndDropHelpers:IsDraggingScene (Unity.Hierarchy.HierarchyViewDragAndDropHandlingData&) (at /Users/bokken/build/output/unity/unity/Modules/HierarchyEditor/Managed/DragAndDropHelpers.cs:57)
Unity.Hierarchy.Editor.HierarchySceneHandler:DoHandleDrop (Unity.Hierarchy.HierarchyViewDragAndDropHandlingData&,bool) (at /Users/bokken/build/output/unity/unity/Modules/HierarchyEditor/ScriptBindings/HierarchySceneHandler.bindings.cs:630)
Unity.Hierarchy.Editor.HierarchySceneHandler:Unity.Hierarchy.IHierarchyEditorNodeTypeHandler.CanAcceptDrop (Unity.Hierarchy.HierarchyViewDragAndDropHandlingData modreq(System.Runtime.InteropServices.InAttribute)&) (at /Users/bokken/build/output/unity/unity/Modules/HierarchyEditor/ScriptBindings/HierarchySceneHandler.bindings.cs:414)
Unity.Hierarchy.HierarchyViewDragHandler:HandleNodeHandlersAcceptDrop (Unity.Hierarchy.HierarchyViewDragHandler/HierarchyViewDragAndDropTargets,int,UnityEngine.UIElements.DragAndDropData,Unity.Hierarchy.HierarchyNode&,bool) (at /Users/bokken/build/output/unity/unity/Modules/Hierarchy/Managed/HierarchyViewDragHandler.cs:414)
Unity.Hierarchy.HierarchyViewDragHandler:GetVisualMode (UnityEngine.UIElements.HandleDragAndDropArgs&) (at /Users/bokken/build/output/unity/unity/Modules/Hierarchy/Managed/HierarchyViewDragHandler.cs:305)
Unity.Hierarchy.HierarchyViewDragHandler:DragAndDropUpdate (UnityEngine.UIElements.HandleDragAndDropArgs) (at /Users/bokken/build/output/unity/unity/Modules/Hierarchy/Managed/HierarchyViewDragHandler.cs:272)
UnityEngine.UIElements.HierarchyV2.CollectionView:RaiseHandleDragAndDrop (UnityEngine.Vector2,UnityEngine.UIElements.DragAndDropArgs) (at /Users/bokken/build/output/unity/unity/Modules/UIElements/Core/Controls/CollectionView/CollectionView.cs:2173)
UnityEngine.UIElements.HierarchyV2.CollectionViewDragger:GetVisualMode (UnityEngine.Vector3,UnityEngine.EventModifiers,UnityEngine.UIElements.HierarchyV2.CollectionViewDragger/DragPosition&) (at /Users/bokken/build/output/unity/unity/Modules/UIElements/Core/Controls/CollectionView/CollectionViewDragger.cs:216)
UnityEngine.UIElements.HierarchyV2.CollectionViewDragger:UpdateDrag (UnityEngine.Vector3,UnityEngine.EventModifiers) (at /Users/bokken/build/output/unity/unity/Modules/UIElements/Core/Controls/CollectionView/CollectionViewDragger.cs:106)
UnityEngine.UIElements.DragEventsProcessor:OnDragUpdate (UnityEngine.UIElements.DragUpdatedEvent) (at /Users/bokken/build/output/unity/unity/Modules/UIElements/Core/DragAndDrop/DragEventsProcessor.cs:249)
UnityEngine.UIElements.EventBase`1<UnityEngine.UIElements.DragUpdatedEvent>:InvokeCallback (System.Delegate) (at /Users/bokken/build/output/unity/unity/Modules/UIElements/Core/Events/EventBase.cs:750)
UnityEngine.UIElements.EventNoArgValue:Invoke (UnityEngine.UIElements.EventBase,UnityEngine.UIElements.EventCallbackInternal) (at /Users/bokken/build/output/unity/unity/Modules/UIElements/Core/Events/EventCallback.cs:149)
UnityEngine.UIElements.EventCallbackRegistry/DynamicCallbackList:Invoke (UnityEngine.UIElements.EventBase,UnityEngine.UIElements.BaseVisualElementPanel,UnityEngine.UIElements.VisualElement,UnityEngine.UIElements.EventCallbackRegistry) (at /Users/bokken/build/output/unity/unity/Modules/UIElements/Core/Events/EventCallbackRegistry.cs:379)
UnityEngine.UIElements.EventDispatchUtilities:HandleEventAcrossPropagationPath (UnityEngine.UIElements.EventBase,UnityEngine.UIElements.BaseVisualElementPanel,UnityEngine.UIElements.VisualElement,bool) (at /Users/bokken/build/output/unity/unity/Modules/UIElements/Core/Events/EventDispatchUtilities.cs:212)
UnityEngine.UIElements.EventDispatchUtilities:DispatchToElementUnderPointerOrPanelRoot (UnityEngine.UIElements.EventBase,UnityEngine.UIElements.BaseVisualElementPanel,int,UnityEngine.Vector2) (at /Users/bokken/build/output/unity/unity/Modules/UIElements/Core/Events/EventDispatchUtilities.cs:532)
UnityEngine.UIElements.EventDispatchUtilities:DispatchToCapturingElementOrElementUnderPointer (UnityEngine.UIElements.EventBase,UnityEngine.UIElements.BaseVisualElementPanel,int,UnityEngine.Vector2) (at /Users/bokken/build/output/unity/unity/Modules/UIElements/Core/Events/EventDispatchUtilities.cs:569)
UnityEngine.UIElements.MouseEventBase`1<UnityEngine.UIElements.DragUpdatedEvent>:Dispatch (UnityEngine.UIElements.BaseVisualElementPanel) (at /Users/bokken/build/output/unity/unity/Modules/UIElements/Core/Events/MouseEvents.cs:336)
UnityEngine.UIElements.EventDispatcher:ProcessEvent (UnityEngine.UIElements.EventBase,UnityEngine.UIElements.BaseVisualElementPanel) (at /Users/bokken/build/output/unity/unity/Modules/UIElements/Core/EventDispatcher.cs:420)
UnityEngine.UIElements.EventDispatcher:Dispatch (UnityEngine.UIElements.EventBase,UnityEngine.UIElements.BaseVisualElementPanel,UnityEngine.UIElements.DispatchMode) (at /Users/bokken/build/output/unity/unity/Modules/UIElements/Core/EventDispatcher.cs:216)
UnityEngine.UIElements.BaseVisualElementPanel:SendEvent (UnityEngine.UIElements.EventBase,UnityEngine.UIElements.DispatchMode) (at /Users/bokken/build/output/unity/unity/Modules/UIElements/Core/Panel.cs:780)
UnityEditor.UIElements.EditorEventDispatchUtility:DoDispatch (UnityEngine.UIElements.BaseVisualElementPanel,UnityEngine.Event) (at /Users/bokken/build/output/unity/unity/Modules/UIElementsEditor/EditorEventDispatchUtility.cs:87)
UnityEditor.UIElements.DefaultWindowBackend:ProcessEvent (UnityEngine.Event) (at /Users/bokken/build/output/unity/unity/Modules/UIElementsEditor/WindowBackends/DefaultWindowBackend.cs:114)
UnityEditor.GUIView:ProcessEvent (UnityEngine.EntityId,intptr,bool&) (at /Users/bokken/build/output/unity/unity/Editor/Mono/GUIView.cs:86)

[/Users/bokken/build/output/unity/unity/Runtime/Export/Scripting/StackTrace.cs line 23]

Invalid AssetDatabase path: /Users/isaac/Downloads/ITC Korinna Bold.ttf. Use path relative to the project folder.
UnityEngine.Debug:ExtractStackTraceNoAlloc (byte*,int,string)
UnityEngine.StackTraceUtility:ExtractStackTrace () (at /Users/bokken/build/output/unity/unity/Runtime/Export/Scripting/StackTrace.cs:23)
UnityEditor.AssetDatabase:GetMainAssetTypeAtPath (string)
Unity.Hierarchy.Editor.DragAndDropHelpers:IsDraggingScene (Unity.Hierarchy.HierarchyViewDragAndDropHandlingData&) (at /Users/bokken/build/output/unity/unity/Modules/HierarchyEditor/Managed/DragAndDropHelpers.cs:57)
Unity.Hierarchy.Editor.HierarchyGameObjectHandler:DoHandleDrop (Unity.Hierarchy.HierarchyViewDragAndDropHandlingData&,bool) (at /Users/bokken/build/output/unity/unity/Modules/HierarchyEditor/ScriptBindings/HierarchyGameObjectHandler.bindings.cs:752)
Unity.Hierarchy.Editor.HierarchyGameObjectHandler:Unity.Hierarchy.IHierarchyEditorNodeTypeHandler.CanAcceptDrop (Unity.Hierarchy.HierarchyViewDragAndDropHandlingData modreq(System.Runtime.InteropServices.InAttribute)&) (at /Users/bokken/build/output/unity/unity/Modules/HierarchyEditor/ScriptBindings/HierarchyGameObjectHandler.bindings.cs:427)
Unity.Hierarchy.HierarchyViewDragHandler:HandleNodeHandlersAcceptDrop (Unity.Hierarchy.HierarchyViewDragHandler/HierarchyViewDragAndDropTargets,int,UnityEngine.UIElements.DragAndDropData,Unity.Hierarchy.HierarchyNode&,bool) (at /Users/bokken/build/output/unity/unity/Modules/Hierarchy/Managed/HierarchyViewDragHandler.cs:414)
Unity.Hierarchy.HierarchyViewDragHandler:GetVisualMode (UnityEngine.UIElements.HandleDragAndDropArgs&) (at /Users/bokken/build/output/unity/unity/Modules/Hierarchy/Managed/HierarchyViewDragHandler.cs:305)
Unity.Hierarchy.HierarchyViewDragHandler:DragAndDropUpdate (UnityEngine.UIElements.HandleDragAndDropArgs) (at /Users/bokken/build/output/unity/unity/Modules/Hierarchy/Managed/HierarchyViewDragHandler.cs:272)
UnityEngine.UIElements.HierarchyV2.CollectionView:RaiseHandleDragAndDrop (UnityEngine.Vector2,UnityEngine.UIElements.DragAndDropArgs) (at /Users/bokken/build/output/unity/unity/Modules/UIElements/Core/Controls/CollectionView/CollectionView.cs:2173)
UnityEngine.UIElements.HierarchyV2.CollectionViewDragger:GetVisualMode (UnityEngine.Vector3,UnityEngine.EventModifiers,UnityEngine.UIElements.HierarchyV2.CollectionViewDragger/DragPosition&) (at /Users/bokken/build/output/unity/unity/Modules/UIElements/Core/Controls/CollectionView/CollectionViewDragger.cs:216)
UnityEngine.UIElements.HierarchyV2.CollectionViewDragger:UpdateDrag (UnityEngine.Vector3,UnityEngine.EventModifiers) (at /Users/bokken/build/output/unity/unity/Modules/UIElements/Core/Controls/CollectionView/CollectionViewDragger.cs:106)
UnityEngine.UIElements.DragEventsProcessor:OnDragUpdate (UnityEngine.UIElements.DragUpdatedEvent) (at /Users/bokken/build/output/unity/unity/Modules/UIElements/Core/DragAndDrop/DragEventsProcessor.cs:249)
UnityEngine.UIElements.EventBase`1<UnityEngine.UIElements.DragUpdatedEvent>:InvokeCallback (System.Delegate) (at /Users/bokken/build/output/unity/unity/Modules/UIElements/Core/Events/EventBase.cs:750)
UnityEngine.UIElements.EventNoArgValue:Invoke (UnityEngine.UIElements.EventBase,UnityEngine.UIElements.EventCallbackInternal) (at /Users/bokken/build/output/unity/unity/Modules/UIElements/Core/Events/EventCallback.cs:149)
UnityEngine.UIElements.EventCallbackRegistry/DynamicCallbackList:Invoke (UnityEngine.UIElements.EventBase,UnityEngine.UIElements.BaseVisualElementPanel,UnityEngine.UIElements.VisualElement,UnityEngine.UIElements.EventCallbackRegistry) (at /Users/bokken/build/output/unity/unity/Modules/UIElements/Core/Events/EventCallbackRegistry.cs:379)
UnityEngine.UIElements.EventDispatchUtilities:HandleEventAcrossPropagationPath (UnityEngine.UIElements.EventBase,UnityEngine.UIElements.BaseVisualElementPanel,UnityEngine.UIElements.VisualElement,bool) (at /Users/bokken/build/output/unity/unity/Modules/UIElements/Core/Events/EventDispatchUtilities.cs:212)
UnityEngine.UIElements.EventDispatchUtilities:DispatchToElementUnderPointerOrPanelRoot (UnityEngine.UIElements.EventBase,UnityEngine.UIElements.BaseVisualElementPanel,int,UnityEngine.Vector2) (at /Users/bokken/build/output/unity/unity/Modules/UIElements/Core/Events/EventDispatchUtilities.cs:532)
UnityEngine.UIElements.EventDispatchUtilities:DispatchToCapturingElementOrElementUnderPointer (UnityEngine.UIElements.EventBase,UnityEngine.UIElements.BaseVisualElementPanel,int,UnityEngine.Vector2) (at /Users/bokken/build/output/unity/unity/Modules/UIElements/Core/Events/EventDispatchUtilities.cs:569)
UnityEngine.UIElements.MouseEventBase`1<UnityEngine.UIElements.DragUpdatedEvent>:Dispatch (UnityEngine.UIElements.BaseVisualElementPanel) (at /Users/bokken/build/output/unity/unity/Modules/UIElements/Core/Events/MouseEvents.cs:336)
UnityEngine.UIElements.EventDispatcher:ProcessEvent (UnityEngine.UIElements.EventBase,UnityEngine.UIElements.BaseVisualElementPanel) (at /Users/bokken/build/output/unity/unity/Modules/UIElements/Core/EventDispatcher.cs:420)
UnityEngine.UIElements.EventDispatcher:Dispatch (UnityEngine.UIElements.EventBase,UnityEngine.UIElements.BaseVisualElementPanel,UnityEngine.UIElements.DispatchMode) (at /Users/bokken/build/output/unity/unity/Modules/UIElements/Core/EventDispatcher.cs:216)
UnityEngine.UIElements.BaseVisualElementPanel:SendEvent (UnityEngine.UIElements.EventBase,UnityEngine.UIElements.DispatchMode) (at /Users/bokken/build/output/unity/unity/Modules/UIElements/Core/Panel.cs:780)
UnityEditor.UIElements.EditorEventDispatchUtility:DoDispatch (UnityEngine.UIElements.BaseVisualElementPanel,UnityEngine.Event) (at /Users/bokken/build/output/unity/unity/Modules/UIElementsEditor/EditorEventDispatchUtility.cs:87)
UnityEditor.UIElements.DefaultWindowBackend:ProcessEvent (UnityEngine.Event) (at /Users/bokken/build/output/unity/unity/Modules/UIElementsEditor/WindowBackends/DefaultWindowBackend.cs:114)
UnityEditor.GUIView:ProcessEvent (UnityEngine.EntityId,intptr,bool&) (at /Users/bokken/build/output/unity/unity/Editor/Mono/GUIView.cs:86)

[/Users/bokken/build/output/unity/unity/Runtime/Export/Scripting/StackTrace.cs line 23]

Importing 'GUID: 60a80472670d240a89978e5245aa1791 - Path: Assets/Fonts/ITC Korinna Bold.ttf' with importer (TrueTypeFontImporter)
Imported 'GUID: 60a80472670d240a89978e5245aa1791' -> (Import Result ID: '4a7c427517ad0b38c098ccdee6cf1879') in 0.001 seconds [static and dynamic dependencies]. Details - ImportResultOutputID=74dc9dc37513c46b1bbe057c8aa9eae8 DependenciesID=33d8e6f51bc818f0e7f59cb6b6f00b0f StaticDependenciesID=a76d9f9b4bb33410c50ff6a2ce26e423 
Asset Pipeline Refresh (id=0d81f1ec013934affb8b49335d9299de): Total: 0.109 seconds - Initiated by RefreshV2(NoUpdateAssetOptions)
Asset Pipeline Refresh (id=6c66f7cbe12d24b2ea866c07dcae6307): Total: 0.085 seconds - Initiated by RefreshV2(AllowForceSynchronousImport)
Importing 'GUID: 5d1c49f3133214c4a8d6c30aac0980ee - Path: Assets/TextMesh Pro/Glyph Report.txt' with importer (TextScriptImporter)
Imported 'GUID: 5d1c49f3133214c4a8d6c30aac0980ee' -> (Import Result ID: 'c8cc2151763168ad48221f2b913ac8b9') in 0.001 seconds [static dependencies only]. Details - ImportResultOutputID=8ebf2427e763d34db50a61dadffc7607 DependenciesID=14c1f4db5d4540727faafa62d7ad4b00 StaticDependenciesID=56b57b8e36c3b15d82639786553eb92c 
[Licensing::Client] Successfully resolved entitlement details
Refreshing native plugins compatible for Editor in 3.53 ms, found 3 plugins.
Asset Pipeline Refresh (id=42617ef1bb3814323bac6fb4b29b9658): Total: 0.234 seconds - Initiated by RefreshV2(NoUpdateAssetOptions)
Glyph packing completed in: 8.954 ms
UnityEngine.Debug:ExtractStackTraceNoAlloc (byte*,int,string)
UnityEngine.StackTraceUtility:ExtractStackTrace () (at /Users/bokken/build/output/unity/unity/Runtime/Export/Scripting/StackTrace.cs:23)
UnityEngine.DebugLogHandler:Internal_Log (UnityEngine.LogType,UnityEngine.LogOption,string,UnityEngine.Object)
UnityEngine.DebugLogHandler:LogFormat (UnityEngine.LogType,UnityEngine.Object,string,object[])
UnityEngine.Logger:Log (UnityEngine.LogType,object)
UnityEngine.Debug:Log (object)
TMPro.EditorUtilities.TMPro_FontAssetCreatorWindow:Update () (at ./Library/PackageCache/com.unity.ugui@7bdf7d4d8aaf/Editor/TMP/TMPro_FontAssetCreatorWindow.cs:315)
UnityEditor.HostView:SendUpdate () (at /Users/bokken/build/output/unity/unity/Editor/Mono/HostView.cs:723)
UnityEditor.EditorApplication:Internal_CallUpdateFunctions () (at /Users/bokken/build/output/unity/unity/Editor/Mono/EditorApplication.cs:464)

(Filename: ./Library/PackageCache/com.unity.ugui@7bdf7d4d8aaf/Editor/TMP/TMPro_FontAssetCreatorWindow.cs Line: 315)

Font Atlas generation completed in: 2.243 ms
UnityEngine.Debug:ExtractStackTraceNoAlloc (byte*,int,string)
UnityEngine.StackTraceUtility:ExtractStackTrace () (at /Users/bokken/build/output/unity/unity/Runtime/Export/Scripting/StackTrace.cs:23)
UnityEngine.DebugLogHandler:Internal_Log (UnityEngine.LogType,UnityEngine.LogOption,string,UnityEngine.Object)
UnityEngine.DebugLogHandler:LogFormat (UnityEngine.LogType,UnityEngine.Object,string,object[])
UnityEngine.Logger:Log (UnityEngine.LogType,object)
UnityEngine.Debug:Log (object)
TMPro.EditorUtilities.TMPro_FontAssetCreatorWindow:Update () (at ./Library/PackageCache/com.unity.ugui@7bdf7d4d8aaf/Editor/TMP/TMPro_FontAssetCreatorWindow.cs:323)
UnityEditor.HostView:SendUpdate () (at /Users/bokken/build/output/unity/unity/Editor/Mono/HostView.cs:723)
UnityEditor.EditorApplication:Internal_CallUpdateFunctions () (at /Users/bokken/build/output/unity/unity/Editor/Mono/EditorApplication.cs:464)

(Filename: ./Library/PackageCache/com.unity.ugui@7bdf7d4d8aaf/Editor/TMP/TMPro_FontAssetCreatorWindow.cs Line: 323)

Asset Pipeline Refresh (id=70fd70d6d77fb48bfad4e9b86fcee7b2): Total: 0.064 seconds - Initiated by RefreshV2(NoUpdateAssetOptions)
[Worker0] Imported GUID: 5d1c49f3133214c4a8d6c30aac0980ee - Path: Assets/TextMesh Pro/Glyph Report.txt - Importer: ScriptedImporter/UnityEditor.QuickSearchModule:UnityEditor.Search:ASIAI0B -> (Import Result ID: '9555eab4ceac5d7ae054dda47d257eee') in 0.011829917 seconds
Importing 'GUID: 1cc13052b3af0471688186ac20991bfd - Path: Assets/Fonts/ITC Korinna Bold SDF.asset' with importer (NativeFormatImporter)
Imported 'GUID: 1cc13052b3af0471688186ac20991bfd' -> (Import Result ID: '0ec8e7c488f0fb0178b627c164bade0f') in 0.001 seconds [static dependencies only]. Details - ImportResultOutputID=b5c96d52ac725177c1b7795b651a1c52 DependenciesID=9e737787e4450346e32543d110dd35fb StaticDependenciesID=c810750a2327e67ba9a866dc4ecfc910 
Refreshing native plugins compatible for Editor in 4.75 ms, found 3 plugins.
Asset Pipeline Refresh (id=cfc6b376c4783414ca1834e059144c33): Total: 0.044 seconds - Initiated by StopAssetImportingV2(NoUpdateAssetOptions)
Importing 'GUID: 00000000000000009000000000000000 - Path: ProjectSettings/QualitySettings.asset' with importer (LibraryAssetImporter)
Imported 'GUID: 00000000000000009000000000000000' -> (Import Result ID: '403c6c1a416723476486c6c76ad86f7f') in 0.000 seconds [static dependencies only]. Details - ImportResultOutputID=43b4ee972f78e910f47a00fe3c96f65c DependenciesID=1aedbe56ae62f321fe459982db2fa012 StaticDependenciesID=e9a43e809c5953780a851aff477bfce8 
Importing 'GUID: 1cc13052b3af0471688186ac20991bfd - Path: Assets/Fonts/ITC Korinna Bold SDF.asset' with importer (NativeFormatImporter)
Imported 'GUID: 1cc13052b3af0471688186ac20991bfd' -> (Import Result ID: '647eb02cd1b595bbd73158e1b1a12cfd') in 0.002 seconds [static dependencies only]. Details - ImportResultOutputID=debc4dbec2d74ee79630dcdaa5b6dc5d DependenciesID=141efa1b8b05e3da09b8f53d38656eb5 StaticDependenciesID=4cbeb919b682d32bb9461f6249848759 
Importing 'GUID: 2e498d1c8094910479dc3e1b768306a4 - Path: Assets/TextMesh Pro/Resources/Fonts & Materials/LiberationSans SDF - Fallback.asset' with importer (NativeFormatImporter)
Imported 'GUID: 2e498d1c8094910479dc3e1b768306a4' -> (Import Result ID: '140423474d9e8fc53dc46a537c5adaf3') in 0.002 seconds [static dependencies only]. Details - ImportResultOutputID=35c56ade0d07983cc0af010f13541481 DependenciesID=dbf14a598def93e6c0395d1d275f7591 StaticDependenciesID=b50b0f0673df91ec7607b046f5e363b3 
Asset Pipeline Refresh (id=cd490116990114b0a89c6436f671fcf2): Total: 0.032 seconds - Initiated by StopAssetImportingV2(NoUpdateAssetOptions)
Importing 'GUID: 1cc13052b3af0471688186ac20991bfd - Path: Assets/Fonts/ITC Korinna Bold SDF.asset' with importer (NativeFormatImporter)
Imported 'GUID: 1cc13052b3af0471688186ac20991bfd' -> (Import Result ID: '647eb02cd1b595bbd73158e1b1a12cfd') in 0.002 seconds [static dependencies only]. Details - ImportResultOutputID=debc4dbec2d74ee79630dcdaa5b6dc5d DependenciesID=141efa1b8b05e3da09b8f53d38656eb5 StaticDependenciesID=4cbeb919b682d32bb9461f6249848759 
Asset Pipeline Refresh (id=0fddfba14d4e3456c83db7bae766eda7): Total: 0.009 seconds - Initiated by StopAssetImportingV2(NoUpdateAssetOptions)
Asset Pipeline Refresh (id=e25d5a10eef614a40bfe0019c8da4b1b): Total: 0.072 seconds - Initiated by RefreshV2(NoUpdateAssetOptions)
[Worker0] Imported GUID: 1cc13052b3af0471688186ac20991bfd - Path: Assets/Fonts/ITC Korinna Bold SDF.asset - Importer: ScriptedImporter/UnityEditor.QuickSearchModule:UnityEditor.Search:ASIAI0B -> (Import Result ID: 'ddb0a1af9a3c3fed6b0975705a31931c') in 0.041381667 seconds
[Worker1] Imported GUID: 2e498d1c8094910479dc3e1b768306a4 - Path: Assets/TextMesh Pro/Resources/Fonts & Materials/LiberationSans SDF - Fallback.asset - Importer: ScriptedImporter/UnityEditor.QuickSearchModule:UnityEditor.Search:ASIAI0B -> (Import Result ID: '536285b518be87081a2c395a4b2b14b3') in 0.101150875 seconds
2026-09-13 21:28:38.561 Unity[60376:1602523] NSEventModifierFlagFunction specified to -setKeyEquivalentModifierMask: for item <NSMenuItem: 0x8dc09f480 SDF, ke='Command-F12'>, but is only supported for system-provided menu items; will not be used
Asset Pipeline Refresh (id=98239bcfba1764889b3cd60dd29d39c1): Total: 0.045 seconds - Initiated by StopAssetImportingV2(NoUpdateAssetOptions)
Asset Pipeline Refresh (id=9099ff649b2794f0f9fa415077c6c85a): Total: 0.151 seconds - Initiated by RefreshV2(ForceSynchronousImport)
Importing 'GUID: 134f4e2a0b3c94d41b6d7ecaef984b51 - Path: Assets/Prefab/CategoryTitle.prefab' with importer (PrefabImporter)
Imported 'GUID: 134f4e2a0b3c94d41b6d7ecaef984b51' -> (Import Result ID: '6ebaca9f584d7ed6142a115cf68f274a') in 0.001 seconds [static and dynamic dependencies]. Details - ImportResultOutputID=33ebe1a6e6c112030cacd7d8b0207913 DependenciesID=2d364777ad72e59b903637d91dd8ba81 StaticDependenciesID=4b5033b77ce5379167171c4821fa932d 
Asset Pipeline Refresh (id=e2f0289b8076247939988a6540472c53): Total: 0.045 seconds - Initiated by StopAssetImportingV2(NoUpdateAssetOptions)
[Worker0] Imported GUID: 134f4e2a0b3c94d41b6d7ecaef984b51 - Path: Assets/Prefab/CategoryTitle.prefab - Importer: PreviewImporter -> (Import Result ID: '6075975963df1fdb6544d64e65369cc8') in 0.01897975 seconds
[Worker0] Imported GUID: 134f4e2a0b3c94d41b6d7ecaef984b51 - Path: Assets/Prefab/CategoryTitle.prefab - Importer: ScriptedImporter/UnityEditor.QuickSearchModule:UnityEditor.Search:ASIAI0B -> (Import Result ID: '4ca1e5cd1b315cffdc184d15b9b0b179') in 0.016662416 seconds
Thread 0x456247000 may have been prematurely finalized
SpriteAtlasPacking completed in 0.003973 sec
Entering Playmode with Reload Domain disabled.
If you experience any issues, please disable "Enter Play Mode Options" in Editor Settings
Loaded scene 'Temp/__Backupscenes/0.backup'
	Deserialize:            53.079 ms
	Integration:            80.444 ms
	Integration of assets:  0.039 ms
	Thread Wait Time:       -0.007 ms
	Total Operation Time:   133.555 ms
Thread 0x49530b000 may have been prematurely finalized
Unloading 14 Unused Serialized files (Serialized files now loaded: 0)
Loaded scene 'Temp/__Backupscenes/0.backup'
	Deserialize:            1.935 ms
	Integration:            31.481 ms
	Integration of assets:  0.001 ms
	Thread Wait Time:       0.007 ms
	Total Operation Time:   33.424 ms
Unloading 44 unused Assets / (0.7 MB). Loaded Objects now: 10907.
Memory consumption went from 404.5 MB to 403.9 MB.
Total: 60.880792 ms (FindLiveObjects: 0.360042 ms CreateObjectMapping: 0.091250 ms MarkObjects: 60.190792 ms  DeleteObjects: 0.118459 ms)

[Licensing::Client] Successfully resolved entitlement details
Thread 0x456247000 may have been prematurely finalized
SpriteAtlasPacking completed in 0.002624 sec
Entering Playmode with Reload Domain disabled.
If you experience any issues, please disable "Enter Play Mode Options" in Editor Settings
Loaded scene 'Temp/__Backupscenes/0.backup'
	Deserialize:            2.034 ms
	Integration:            38.747 ms
	Integration of assets:  0.025 ms
	Thread Wait Time:       0.007 ms
	Total Operation Time:   40.812 ms
Thread 0x49530b000 may have been prematurely finalized
Unloading 19 Unused Serialized files (Serialized files now loaded: 0)
Loaded scene 'Temp/__Backupscenes/0.backup'
	Deserialize:            2.378 ms
	Integration:            36.226 ms
	Integration of assets:  0.002 ms
	Thread Wait Time:       0.007 ms
	Total Operation Time:   38.612 ms
Unloading 12 unused Assets / (0.6 MB). Loaded Objects now: 10913.
Memory consumption went from 405.6 MB to 405.0 MB.
Total: 60.279750 ms (FindLiveObjects: 0.384833 ms CreateObjectMapping: 0.098083 ms MarkObjects: 59.610000 ms  DeleteObjects: 0.053125 ms)

Asset Pipeline Refresh (id=ac17c8faf381d458d96ce9124133a494): Total: 0.213 seconds - Initiated by RefreshV2(AllowForceSynchronousImport)
Importing 'GUID: da2fac6799677429c8e763bb405bdf11 - Path: Assets/Swiss 911 Ultra Compressed BT Regular.ttf' with importer (TrueTypeFontImporter)
Imported 'GUID: da2fac6799677429c8e763bb405bdf11' -> (Import Result ID: 'c4149d52ac89890f0b4bb5c912cafef6') in 0.003 seconds [static and dynamic dependencies]. Details - ImportResultOutputID=11416fa493cdf722cfe34bd848287df2 DependenciesID=e04d7956a57fc35630e96f05c46e6326 StaticDependenciesID=54f1aa90eefa8b41dacf80ff1453a072 
Asset Pipeline Refresh (id=b23d3f64bb7714565a4f8c0cc3d4497a): Total: 0.117 seconds - Initiated by RefreshV2(NoUpdateAssetOptions)
[Worker0] Imported GUID: da2fac6799677429c8e763bb405bdf11 - Path: Assets/Swiss 911 Ultra Compressed BT Regular.ttf - Importer: ScriptedImporter/UnityEditor.QuickSearchModule:UnityEditor.Search:ASIAI0B -> (Import Result ID: '42994c9ec8b14a103811fc626c6e83f8') in 0.027309583 seconds
Importing 'GUID: f94288ecf824a41d98b8e54128d9740d - Path: Assets/Fonts/Swiss 911 Ultra Compressed BT Regular.ttf' with importer (TrueTypeFontImporter)
Imported 'GUID: f94288ecf824a41d98b8e54128d9740d' -> (Import Result ID: '4fe7f0d6e11799e39c2fa5b9aeedbd66') in 0.003 seconds [static and dynamic dependencies]. Details - ImportResultOutputID=21923774ae60c49a1aec57cc6b407a34 DependenciesID=3ab27052c33390a2316b34b152b18256 StaticDependenciesID=d065541eb86cf78c54c62526c6fc65c7 
Asset Pipeline Refresh (id=4aa46d9433e9843228c86a6b0597459b): Total: 0.109 seconds - Initiated by RefreshV2(NoUpdateAssetOptions)
[Worker0] Imported GUID: f94288ecf824a41d98b8e54128d9740d - Path: Assets/Fonts/Swiss 911 Ultra Compressed BT Regular.ttf - Importer: ScriptedImporter/UnityEditor.QuickSearchModule:UnityEditor.Search:ASIAI0B -> (Import Result ID: '575ccb280839435e3ba39404b8f4e64d') in 0.022779125 seconds
Asset Pipeline Refresh (id=933088dcec13649e3901f2f4f680f9f6): Total: 0.097 seconds - Initiated by RefreshV2(AllowForceSynchronousImport)
[Worker0] Imported GUID: da2fac6799677429c8e763bb405bdf11 - Path: Assets/Swiss 911 Ultra Compressed BT Regular.ttf - Importer: PreviewImporter -> (Import Result ID: '5104f53ab5400f0fc0fa55c952506e87') in 0.024977292 seconds
2026-09-13 21:32:56.835 Unity[60376:1602523] NSEventModifierFlagFunction specified to -setKeyEquivalentModifierMask: for item <NSMenuItem: 0x8e5607f20 SDF, ke='Command-F12'>, but is only supported for system-provided menu items; will not be used
Refreshing native plugins compatible for Editor in 5.66 ms, found 3 plugins.
Asset Pipeline Refresh (id=782daa66640e24a06b47e52f5796ad8a): Total: 0.052 seconds - Initiated by StopAssetImportingV2(NoUpdateAssetOptions)
Asset Pipeline Refresh (id=d09975c3bf43644d7888d1da8d949c51): Total: 0.129 seconds - Initiated by RefreshV2(ForceSynchronousImport)
[Worker0] Imported GUID: f94288ecf824a41d98b8e54128d9740d - Path: Assets/Fonts/Swiss 911 Ultra Compressed BT Regular.ttf - Importer: PreviewImporter -> (Import Result ID: 'b108fe5357e0d50303cd7cfcb6e89a1d') in 0.016422459 seconds
2026-09-13 21:33:04.081 Unity[60376:1602523] NSEventModifierFlagFunction specified to -setKeyEquivalentModifierMask: for item <NSMenuItem: 0x8dc0ad0e0 SDF, ke='Command-F12'>, but is only supported for system-provided menu items; will not be used
Importing 'GUID: 5d1c49f3133214c4a8d6c30aac0980ee - Path: Assets/TextMesh Pro/Glyph Report.txt' with importer (TextScriptImporter)
Imported 'GUID: 5d1c49f3133214c4a8d6c30aac0980ee' -> (Import Result ID: 'ff972efff5bbf7c23cc6872fdb7c33dc') in 0.001 seconds [static dependencies only]. Details - ImportResultOutputID=3e9a1866d1456f0c599a4c198d386dde DependenciesID=d4dea29a0b1502407b011533849cd35d StaticDependenciesID=fc5ead48cebae9b9db6ad04d1c1530ac 
Refreshing native plugins compatible for Editor in 4.34 ms, found 3 plugins.
Asset Pipeline Refresh (id=9d110826657064c60a00ef7bb24db590): Total: 0.144 seconds - Initiated by RefreshV2(NoUpdateAssetOptions)
Glyph packing completed in: 4.445 ms
UnityEngine.Debug:ExtractStackTraceNoAlloc (byte*,int,string)
UnityEngine.StackTraceUtility:ExtractStackTrace () (at /Users/bokken/build/output/unity/unity/Runtime/Export/Scripting/StackTrace.cs:23)
UnityEngine.DebugLogHandler:Internal_Log (UnityEngine.LogType,UnityEngine.LogOption,string,UnityEngine.Object)
UnityEngine.DebugLogHandler:LogFormat (UnityEngine.LogType,UnityEngine.Object,string,object[])
UnityEngine.Logger:Log (UnityEngine.LogType,object)
UnityEngine.Debug:Log (object)
TMPro.EditorUtilities.TMPro_FontAssetCreatorWindow:Update () (at ./Library/PackageCache/com.unity.ugui@7bdf7d4d8aaf/Editor/TMP/TMPro_FontAssetCreatorWindow.cs:315)
UnityEditor.HostView:SendUpdate () (at /Users/bokken/build/output/unity/unity/Editor/Mono/HostView.cs:723)
UnityEditor.EditorApplication:Internal_CallUpdateFunctions () (at /Users/bokken/build/output/unity/unity/Editor/Mono/EditorApplication.cs:464)

(Filename: ./Library/PackageCache/com.unity.ugui@7bdf7d4d8aaf/Editor/TMP/TMPro_FontAssetCreatorWindow.cs Line: 315)

Font Atlas generation completed in: 5.001 ms
UnityEngine.Debug:ExtractStackTraceNoAlloc (byte*,int,string)
UnityEngine.StackTraceUtility:ExtractStackTrace () (at /Users/bokken/build/output/unity/unity/Runtime/Export/Scripting/StackTrace.cs:23)
UnityEngine.DebugLogHandler:Internal_Log (UnityEngine.LogType,UnityEngine.LogOption,string,UnityEngine.Object)
UnityEngine.DebugLogHandler:LogFormat (UnityEngine.LogType,UnityEngine.Object,string,object[])
UnityEngine.Logger:Log (UnityEngine.LogType,object)
UnityEngine.Debug:Log (object)
TMPro.EditorUtilities.TMPro_FontAssetCreatorWindow:Update () (at ./Library/PackageCache/com.unity.ugui@7bdf7d4d8aaf/Editor/TMP/TMPro_FontAssetCreatorWindow.cs:323)
UnityEditor.HostView:SendUpdate () (at /Users/bokken/build/output/unity/unity/Editor/Mono/HostView.cs:723)
UnityEditor.EditorApplication:Internal_CallUpdateFunctions () (at /Users/bokken/build/output/unity/unity/Editor/Mono/EditorApplication.cs:464)

(Filename: ./Library/PackageCache/com.unity.ugui@7bdf7d4d8aaf/Editor/TMP/TMPro_FontAssetCreatorWindow.cs Line: 323)

Asset Pipeline Refresh (id=a5d1ac7e9b94145ea8529826385c713a): Total: 0.065 seconds - Initiated by RefreshV2(NoUpdateAssetOptions)
[Worker0] Imported GUID: 5d1c49f3133214c4a8d6c30aac0980ee - Path: Assets/TextMesh Pro/Glyph Report.txt - Importer: ScriptedImporter/UnityEditor.QuickSearchModule:UnityEditor.Search:ASIAI0B -> (Import Result ID: 'f58d396ed1b66b01f83b544bce6c9e0f') in 0.015917292 seconds
Importing 'GUID: 77558fb8cabba46d28095ef0e397fa90 - Path: Assets/Fonts/Swiss 911 Ultra Compressed BT Regular SDF.asset' with importer (NativeFormatImporter)
Imported 'GUID: 77558fb8cabba46d28095ef0e397fa90' -> (Import Result ID: 'fa7805ebd2a202647712c662d81de117') in 0.001 seconds [static dependencies only]. Details - ImportResultOutputID=e2272fcb1c5e03e1c6e347948b9d1778 DependenciesID=9f61923b3e19a7761dc88d5523ed9b81 StaticDependenciesID=384a3eb327561540223bb41f41cbe3b9 
Refreshing native plugins compatible for Editor in 2.18 ms, found 3 plugins.
Asset Pipeline Refresh (id=cd756c461e55845ee8b0f51130f5f5db): Total: 0.041 seconds - Initiated by StopAssetImportingV2(NoUpdateAssetOptions)
Importing 'GUID: 00000000000000009000000000000000 - Path: ProjectSettings/QualitySettings.asset' with importer (LibraryAssetImporter)
Imported 'GUID: 00000000000000009000000000000000' -> (Import Result ID: '403c6c1a416723476486c6c76ad86f7f') in 0.000 seconds [static dependencies only]. Details - ImportResultOutputID=43b4ee972f78e910f47a00fe3c96f65c DependenciesID=1aedbe56ae62f321fe459982db2fa012 StaticDependenciesID=e9a43e809c5953780a851aff477bfce8 
Importing 'GUID: 77558fb8cabba46d28095ef0e397fa90 - Path: Assets/Fonts/Swiss 911 Ultra Compressed BT Regular SDF.asset' with importer (NativeFormatImporter)
Imported 'GUID: 77558fb8cabba46d28095ef0e397fa90' -> (Import Result ID: '7f4a88ba85641dcf403a442ecb9b643a') in 0.002 seconds [static dependencies only]. Details - ImportResultOutputID=743d6c27535ae006fb24fbc8e7f95a90 DependenciesID=28733f66bb48b137580051d21b988895 StaticDependenciesID=022b205303daa2d5fce4a5d0085b8e58 
Importing 'GUID: 1cc13052b3af0471688186ac20991bfd - Path: Assets/Fonts/ITC Korinna Bold SDF.asset' with importer (NativeFormatImporter)
Imported 'GUID: 1cc13052b3af0471688186ac20991bfd' -> (Import Result ID: '52b3ec5a970dae7f6a91baefab44f6fa') in 0.002 seconds [static dependencies only]. Details - ImportResultOutputID=debc4dbec2d74ee79630dcdaa5b6dc5d DependenciesID=b4c7825a93971174d6a1de7988c17f5d StaticDependenciesID=0e6dc8e23c274f687e101bacecd62f23 
Asset Pipeline Refresh (id=4ad7924af1a3c48b9b06320ac00bf96b): Total: 0.033 seconds - Initiated by StopAssetImportingV2(NoUpdateAssetOptions)
Importing 'GUID: 77558fb8cabba46d28095ef0e397fa90 - Path: Assets/Fonts/Swiss 911 Ultra Compressed BT Regular SDF.asset' with importer (NativeFormatImporter)
Imported 'GUID: 77558fb8cabba46d28095ef0e397fa90' -> (Import Result ID: '7f4a88ba85641dcf403a442ecb9b643a') in 0.002 seconds [static dependencies only]. Details - ImportResultOutputID=743d6c27535ae006fb24fbc8e7f95a90 DependenciesID=28733f66bb48b137580051d21b988895 StaticDependenciesID=022b205303daa2d5fce4a5d0085b8e58 
Asset Pipeline Refresh (id=a5d1075f1c2ca429d948b3753abc1b77): Total: 0.011 seconds - Initiated by StopAssetImportingV2(NoUpdateAssetOptions)
Asset Pipeline Refresh (id=57de26e1ce58b4b4a8c6d9e433b21978): Total: 0.061 seconds - Initiated by RefreshV2(NoUpdateAssetOptions)
[Worker0] Imported GUID: 77558fb8cabba46d28095ef0e397fa90 - Path: Assets/Fonts/Swiss 911 Ultra Compressed BT Regular SDF.asset - Importer: ScriptedImporter/UnityEditor.QuickSearchModule:UnityEditor.Search:ASIAI0B -> (Import Result ID: '25b268886fd786bdb7f55705c60d2604') in 0.018534708 seconds
[Worker1] Imported GUID: 1cc13052b3af0471688186ac20991bfd - Path: Assets/Fonts/ITC Korinna Bold SDF.asset - Importer: ScriptedImporter/UnityEditor.QuickSearchModule:UnityEditor.Search:ASIAI0B -> (Import Result ID: '69a386558adfeb39df6123c2cea29359') in 0.048891042 seconds
2026-09-13 21:34:33.938 Unity[60376:1602523] NSEventModifierFlagFunction specified to -setKeyEquivalentModifierMask: for item <NSMenuItem: 0x8dc09c6e0 SDF, ke='Command-F12'>, but is only supported for system-provided menu items; will not be used
Asset Pipeline Refresh (id=cad19a49b0b0e459692878b716fe2af7): Total: 0.045 seconds - Initiated by StopAssetImportingV2(NoUpdateAssetOptions)
Asset Pipeline Refresh (id=9a3e77ab8a60d4deba4490713ffa211a): Total: 0.131 seconds - Initiated by RefreshV2(ForceSynchronousImport)
Importing 'GUID: 134f4e2a0b3c94d41b6d7ecaef984b51 - Path: Assets/Prefab/CategoryTitle.prefab' with importer (PrefabImporter)
Imported 'GUID: 134f4e2a0b3c94d41b6d7ecaef984b51' -> (Import Result ID: '11265719b3d4f868c480a4fb1fa117de') in 0.001 seconds [static and dynamic dependencies]. Details - ImportResultOutputID=334c08a30945caeb6785cca2e2ea27c8 DependenciesID=b72f5a6ea265352d7c74249d2351ef99 StaticDependenciesID=eb0b00eac5e7b7e0149264082ce8e964 
Asset Pipeline Refresh (id=34d3f3a489dd145f381a3dad7071bfd2): Total: 0.045 seconds - Initiated by StopAssetImportingV2(NoUpdateAssetOptions)
[Worker0] Imported GUID: 134f4e2a0b3c94d41b6d7ecaef984b51 - Path: Assets/Prefab/CategoryTitle.prefab - Importer: PreviewImporter -> (Import Result ID: '3c3b66c68791647a08d85c80c4848c66') in 0.022119083 seconds
[Worker0] Imported GUID: 134f4e2a0b3c94d41b6d7ecaef984b51 - Path: Assets/Prefab/CategoryTitle.prefab - Importer: ScriptedImporter/UnityEditor.QuickSearchModule:UnityEditor.Search:ASIAI0B -> (Import Result ID: '8f131885c00662e355d488bc25e6ba0d') in 0.017117167 seconds
[Licensing::Client] Successfully resolved entitlement details
Thread 0x45a8f7000 may have been prematurely finalized
SpriteAtlasPacking completed in 0.004977 sec
Entering Playmode with Reload Domain disabled.
If you experience any issues, please disable "Enter Play Mode Options" in Editor Settings
Loaded scene 'Temp/__Backupscenes/0.backup'
	Deserialize:            35.640 ms
	Integration:            66.292 ms
	Integration of assets:  0.033 ms
	Thread Wait Time:       0.000 ms
	Total Operation Time:   101.965 ms
Thread 0x48a9ff000 may have been prematurely finalized
Unloading 16 Unused Serialized files (Serialized files now loaded: 0)
Loaded scene 'Temp/__Backupscenes/0.backup'
	Deserialize:            2.344 ms
	Integration:            40.110 ms
	Integration of assets:  0.001 ms
	Thread Wait Time:       0.007 ms
	Total Operation Time:   42.462 ms
Unloading 42 unused Assets / (0.6 MB). Loaded Objects now: 10920.
Memory consumption went from 406.5 MB to 405.8 MB.
Total: 63.476708 ms (FindLiveObjects: 0.372292 ms CreateObjectMapping: 0.098875 ms MarkObjects: 62.787833 ms  DeleteObjects: 0.094708 ms)

[Licensing::Client] Successfully resolved entitlement details
Importing 'GUID: 134f4e2a0b3c94d41b6d7ecaef984b51 - Path: Assets/Prefab/CategoryTitle.prefab' with importer (PrefabImporter)
Imported 'GUID: 134f4e2a0b3c94d41b6d7ecaef984b51' -> (Import Result ID: '4117c4de2bb2cf8964a132e7dd85cbad') in 0.001 seconds [static and dynamic dependencies]. Details - ImportResultOutputID=75ed4a89d88111daae896c235c697dfd DependenciesID=f0b46ae61cb629497cae15af4acfc498 StaticDependenciesID=bdc50c414f99aea9943384242de89ec4 
Asset Pipeline Refresh (id=e23410c897ccd443693d9a13616a99ff): Total: 0.065 seconds - Initiated by StopAssetImportingV2(NoUpdateAssetOptions)
[Worker1] Imported GUID: 134f4e2a0b3c94d41b6d7ecaef984b51 - Path: Assets/Prefab/CategoryTitle.prefab - Importer: PreviewImporter -> (Import Result ID: '91401c35ea48194a304793dab714b929') in 0.049664333 seconds
[Worker0] Imported GUID: 134f4e2a0b3c94d41b6d7ecaef984b51 - Path: Assets/Prefab/CategoryTitle.prefab - Importer: ScriptedImporter/UnityEditor.QuickSearchModule:UnityEditor.Search:ASIAI0B -> (Import Result ID: '18c3c258fb33a6c07382638130d84a97') in 0.019880708 seconds
Thread 0x45c47b000 may have been prematurely finalized
SpriteAtlasPacking completed in 0.002914 sec
Entering Playmode with Reload Domain disabled.
If you experience any issues, please disable "Enter Play Mode Options" in Editor Settings
Loaded scene 'Temp/__Backupscenes/0.backup'
	Deserialize:            2.439 ms
	Integration:            56.807 ms
	Integration of assets:  0.024 ms
	Thread Wait Time:       0.005 ms
	Total Operation Time:   59.275 ms
Thread 0x45c47b000 may have been prematurely finalized
Unloading 14 Unused Serialized files (Serialized files now loaded: 0)
Loaded scene 'Temp/__Backupscenes/0.backup'
	Deserialize:            2.324 ms
	Integration:            38.025 ms
	Integration of assets:  0.001 ms
	Thread Wait Time:       0.007 ms
	Total Operation Time:   40.358 ms
Unloading 26 unused Assets / (0.7 MB). Loaded Objects now: 10924.
Memory consumption went from 427.5 MB to 426.8 MB.
Total: 65.076125 ms (FindLiveObjects: 0.396666 ms CreateObjectMapping: 0.101792 ms MarkObjects: 64.375667 ms  DeleteObjects: 0.057791 ms)

Thread 0x45a8f7000 may have been prematurely finalized
SpriteAtlasPacking completed in 0.002451 sec
Entering Playmode with Reload Domain disabled.
If you experience any issues, please disable "Enter Play Mode Options" in Editor Settings
Loaded scene 'Temp/__Backupscenes/0.backup'
	Deserialize:            1.699 ms
	Integration:            42.359 ms
	Integration of assets:  0.025 ms
	Thread Wait Time:       0.005 ms
	Total Operation Time:   44.087 ms
Importing 'GUID: 134f4e2a0b3c94d41b6d7ecaef984b51 - Path: Assets/Prefab/CategoryTitle.prefab' with importer (PrefabImporter)
Imported 'GUID: 134f4e2a0b3c94d41b6d7ecaef984b51' -> (Import Result ID: '9481ec5589403804d4272a6ca9a7f67a') in 0.001 seconds [static and dynamic dependencies]. Details - ImportResultOutputID=90895960861073366dffe91240c7cf3d DependenciesID=25599317365bc92979bef4c2af6aca4e StaticDependenciesID=86254014a4297822c9ef6d0a6d2c2fc5 
Asset Pipeline Refresh (id=3f5747375240a496f8170fc4a40b0731): Total: 0.027 seconds - Initiated by StopAssetImportingV2(NoUpdateAssetOptions)
Thread 0x4965fb000 may have been prematurely finalized
Unloading 0 Unused Serialized files (Serialized files now loaded: 0)
Loaded scene 'Temp/__Backupscenes/0.backup'
	Deserialize:            1.856 ms
	Integration:            35.999 ms
	Integration of assets:  0.001 ms
	Thread Wait Time:       0.006 ms
	Total Operation Time:   37.863 ms
Unloading 26 unused Assets / (0.7 MB). Loaded Objects now: 10929.
Memory consumption went from 427.2 MB to 426.4 MB.
Total: 62.812709 ms (FindLiveObjects: 0.362667 ms CreateObjectMapping: 0.088041 ms MarkObjects: 62.188250 ms  DeleteObjects: 0.043000 ms)

[Worker0] Imported GUID: 134f4e2a0b3c94d41b6d7ecaef984b51 - Path: Assets/Prefab/CategoryTitle.prefab - Importer: PreviewImporter -> (Import Result ID: 'd900b090d2791d4205d464f7f983d279') in 0.026258125 seconds
[Worker1] Imported GUID: 134f4e2a0b3c94d41b6d7ecaef984b51 - Path: Assets/Prefab/CategoryTitle.prefab - Importer: ScriptedImporter/UnityEditor.QuickSearchModule:UnityEditor.Search:ASIAI0B -> (Import Result ID: '06443bbd28f1a9547a02835468e67ce8') in 0.052765959 seconds
Asset Pipeline Refresh (id=340537fedeee34757a4ea01c2e478128): Total: 0.212 seconds - Initiated by RefreshV2(AllowForceSynchronousImport)
Thread 0x45a8f7000 may have been prematurely finalized
SpriteAtlasPacking completed in 0.003518 sec
Entering Playmode with Reload Domain disabled.
If you experience any issues, please disable "Enter Play Mode Options" in Editor Settings
Loaded scene 'Temp/__Backupscenes/0.backup'
	Deserialize:            3.294 ms
	Integration:            55.921 ms
	Integration of assets:  0.026 ms
	Thread Wait Time:       0.005 ms
	Total Operation Time:   59.247 ms
Thread 0x47c7b3000 may have been prematurely finalized
Unloading 14 Unused Serialized files (Serialized files now loaded: 0)
Loaded scene 'Temp/__Backupscenes/0.backup'
	Deserialize:            2.265 ms
	Integration:            40.545 ms
	Integration of assets:  0.001 ms
	Thread Wait Time:       0.007 ms
	Total Operation Time:   42.818 ms
Unloading 11 unused Assets / (0.7 MB). Loaded Objects now: 10934.
Memory consumption went from 428.0 MB to 427.3 MB.
Total: 70.465708 ms (FindLiveObjects: 0.403833 ms CreateObjectMapping: 0.101667 ms MarkObjects: 69.753875 ms  DeleteObjects: 0.078542 ms)

Importing 'GUID: 134f4e2a0b3c94d41b6d7ecaef984b51 - Path: Assets/Prefab/CategoryTitle.prefab' with importer (PrefabImporter)
Imported 'GUID: 134f4e2a0b3c94d41b6d7ecaef984b51' -> (Import Result ID: '2b5f039537d17297ff121dc5f84778e6') in 0.001 seconds [static and dynamic dependencies]. Details - ImportResultOutputID=e3a2ac5e54e4ecf7baff2cec7f5ddb3f DependenciesID=8df815e1b377c6c7693b8782071ad201 StaticDependenciesID=023e7e31ede55b80b288c28d896e8b92 
Asset Pipeline Refresh (id=a1231e140d1f04b63bb1c4d97b028996): Total: 0.052 seconds - Initiated by StopAssetImportingV2(NoUpdateAssetOptions)
[Worker1] Imported GUID: 134f4e2a0b3c94d41b6d7ecaef984b51 - Path: Assets/Prefab/CategoryTitle.prefab - Importer: PreviewImporter -> (Import Result ID: '45b6aed0be0bf5f5afc52f3adac8805b') in 0.020512334 seconds
[Worker0] Imported GUID: 134f4e2a0b3c94d41b6d7ecaef984b51 - Path: Assets/Prefab/CategoryTitle.prefab - Importer: ScriptedImporter/UnityEditor.QuickSearchModule:UnityEditor.Search:ASIAI0B -> (Import Result ID: 'e8933fb4dd5a2f4ca27b6900576f0332') in 0.016588833 seconds
Thread 0x45af5b000 may have been prematurely finalized
SpriteAtlasPacking completed in 0.002464 sec
Entering Playmode with Reload Domain disabled.
If you experience any issues, please disable "Enter Play Mode Options" in Editor Settings
Loaded scene 'Temp/__Backupscenes/0.backup'
	Deserialize:            2.126 ms
	Integration:            51.801 ms
	Integration of assets:  0.026 ms
	Thread Wait Time:       0.005 ms
	Total Operation Time:   53.957 ms
Importing 'GUID: 134f4e2a0b3c94d41b6d7ecaef984b51 - Path: Assets/Prefab/CategoryTitle.prefab' with importer (PrefabImporter)
Imported 'GUID: 134f4e2a0b3c94d41b6d7ecaef984b51' -> (Import Result ID: 'c6bbc3961a4e1698c656869cde465606') in 0.001 seconds [static and dynamic dependencies]. Details - ImportResultOutputID=dfad6953c4edbb1487af968cf1e6e825 DependenciesID=6b60897001a4e88bcd81106bb8ac5728 StaticDependenciesID=4b9949677431554bba2f59e795089ed3 
Asset Pipeline Refresh (id=337ff50688dfa453ab1dce8eb6f4be38): Total: 0.025 seconds - Initiated by StopAssetImportingV2(NoUpdateAssetOptions)
Thread 0x4965fb000 may have been prematurely finalized
Unloading 0 Unused Serialized files (Serialized files now loaded: 0)
Loaded scene 'Temp/__Backupscenes/0.backup'
	Deserialize:            1.953 ms
	Integration:            38.928 ms
	Integration of assets:  0.001 ms
	Thread Wait Time:       0.007 ms
	Total Operation Time:   40.889 ms
Unloading 26 unused Assets / (0.7 MB). Loaded Objects now: 10939.
Memory consumption went from 427.8 MB to 427.1 MB.
Total: 68.192792 ms (FindLiveObjects: 0.383125 ms CreateObjectMapping: 0.109167 ms MarkObjects: 67.522875 ms  DeleteObjects: 0.043084 ms)

[Licensing::Client] Successfully resolved entitlement details
[Worker0] Imported GUID: 134f4e2a0b3c94d41b6d7ecaef984b51 - Path: Assets/Prefab/CategoryTitle.prefab - Importer: PreviewImporter -> (Import Result ID: '9f172a8dd4fda319be4bc6cd24161d49') in 0.014387 seconds
[Worker1] Imported GUID: 134f4e2a0b3c94d41b6d7ecaef984b51 - Path: Assets/Prefab/CategoryTitle.prefab - Importer: ScriptedImporter/UnityEditor.QuickSearchModule:UnityEditor.Search:ASIAI0B -> (Import Result ID: 'f8abded776ee1ae4942ab91b750be255') in 0.021622792 seconds
Importing 'GUID: 134f4e2a0b3c94d41b6d7ecaef984b51 - Path: Assets/Prefab/CategoryTitle.prefab' with importer (PrefabImporter)
Imported 'GUID: 134f4e2a0b3c94d41b6d7ecaef984b51' -> (Import Result ID: '66171520f30b14b24b57f185716e1beb') in 0.001 seconds [static and dynamic dependencies]. Details - ImportResultOutputID=e0d692b8c91f7895ece850896b38ebbd DependenciesID=f33cb4970620152f1cc2228be47e7442 StaticDependenciesID=8c5667c23935f05a8ac9152b2376ed75 
Asset Pipeline Refresh (id=2594d018ca62848f98e01e026843984c): Total: 0.048 seconds - Initiated by StopAssetImportingV2(NoUpdateAssetOptions)
[Worker0] Imported GUID: 134f4e2a0b3c94d41b6d7ecaef984b51 - Path: Assets/Prefab/CategoryTitle.prefab - Importer: PreviewImporter -> (Import Result ID: '73b5a7b15cdcda4a2c6998b47949e22f') in 0.014683834 seconds
[Worker0] Imported GUID: 134f4e2a0b3c94d41b6d7ecaef984b51 - Path: Assets/Prefab/CategoryTitle.prefab - Importer: ScriptedImporter/UnityEditor.QuickSearchModule:UnityEditor.Search:ASIAI0B -> (Import Result ID: 'f0b73731b10298e37d4318c7b6590de2') in 0.018913292 seconds
Asset Pipeline Refresh (id=942da0b8c8d0d4a9ea0f999d9d93d29c): Total: 0.042 seconds - Initiated by StopAssetImportingV2(NoUpdateAssetOptions)
Asset Pipeline Refresh (id=f49909289f0174c7b8bb2ef3e84e8fa2): Total: 0.041 seconds - Initiated by StopAssetImportingV2(NoUpdateAssetOptions)
Thread 0x45a8f7000 may have been prematurely finalized
SpriteAtlasPacking completed in 0.002705 sec
Entering Playmode with Reload Domain disabled.
If you experience any issues, please disable "Enter Play Mode Options" in Editor Settings
Loaded scene 'Temp/__Backupscenes/0.backup'
	Deserialize:            2.062 ms
	Integration:            51.724 ms
	Integration of assets:  0.027 ms
	Thread Wait Time:       0.004 ms
	Total Operation Time:   53.817 ms
Thread 0x4965fb000 may have been prematurely finalized
Unloading 14 Unused Serialized files (Serialized files now loaded: 0)
Loaded scene 'Temp/__Backupscenes/0.backup'
	Deserialize:            2.273 ms
	Integration:            41.351 ms
	Integration of assets:  0.001 ms
	Thread Wait Time:       0.007 ms
	Total Operation Time:   43.632 ms
Unloading 26 unused Assets / (0.7 MB). Loaded Objects now: 10944.
Memory consumption went from 428.5 MB to 427.8 MB.
Total: 70.006542 ms (FindLiveObjects: 0.390792 ms CreateObjectMapping: 0.105208 ms MarkObjects: 69.328833 ms  DeleteObjects: 0.046208 ms)

Thread 0x45a8f7000 may have been prematurely finalized
SpriteAtlasPacking completed in 0.002449 sec
Entering Playmode with Reload Domain disabled.
If you experience any issues, please disable "Enter Play Mode Options" in Editor Settings
Loaded scene 'Temp/__Backupscenes/0.backup'
	Deserialize:            1.746 ms
	Integration:            42.226 ms
	Integration of assets:  0.020 ms
	Thread Wait Time:       0.007 ms
	Total Operation Time:   43.999 ms
Thread 0x487d2f000 may have been prematurely finalized
Unloading 17 Unused Serialized files (Serialized files now loaded: 0)
Loaded scene 'Temp/__Backupscenes/0.backup'
	Deserialize:            2.419 ms
	Integration:            41.672 ms
	Integration of assets:  0.002 ms
	Thread Wait Time:       0.006 ms
	Total Operation Time:   44.099 ms
Unloading 11 unused Assets / (0.7 MB). Loaded Objects now: 10949.
Memory consumption went from 428.4 MB to 427.7 MB.
Total: 73.065125 ms (FindLiveObjects: 0.413792 ms CreateObjectMapping: 0.119875 ms MarkObjects: 72.347375 ms  DeleteObjects: 0.047042 ms)

Thread 0x45af5b000 may have been prematurely finalized
SpriteAtlasPacking completed in 0.003242 sec
Entering Playmode with Reload Domain disabled.
If you experience any issues, please disable "Enter Play Mode Options" in Editor Settings
Loaded scene 'Temp/__Backupscenes/0.backup'
	Deserialize:            2.337 ms
	Integration:            41.555 ms
	Integration of assets:  0.026 ms
	Thread Wait Time:       0.003 ms
	Total Operation Time:   43.920 ms
Thread 0x47d293000 may have been prematurely finalized
Unloading 17 Unused Serialized files (Serialized files now loaded: 0)
Loaded scene 'Temp/__Backupscenes/0.backup'
	Deserialize:            1.824 ms
	Integration:            40.725 ms
	Integration of assets:  0.001 ms
	Thread Wait Time:       0.006 ms
	Total Operation Time:   42.556 ms
Unloading 11 unused Assets / (0.7 MB). Loaded Objects now: 10954.
Memory consumption went from 429.2 MB to 428.5 MB.
Total: 75.595375 ms (FindLiveObjects: 0.389625 ms CreateObjectMapping: 0.092125 ms MarkObjects: 74.930667 ms  DeleteObjects: 0.048084 ms)

Thread 0x45c47b000 may have been prematurely finalized
SpriteAtlasPacking completed in 0.002481 sec
Entering Playmode with Reload Domain disabled.
If you experience any issues, please disable "Enter Play Mode Options" in Editor Settings
Loaded scene 'Temp/__Backupscenes/0.backup'
	Deserialize:            2.129 ms
	Integration:            49.071 ms
	Integration of assets:  0.022 ms
	Thread Wait Time:       0.005 ms
	Total Operation Time:   51.228 ms
Thread 0x47c7b3000 may have been prematurely finalized
Unloading 17 Unused Serialized files (Serialized files now loaded: 0)
Loaded scene 'Temp/__Backupscenes/0.backup'
	Deserialize:            2.164 ms
	Integration:            44.073 ms
	Integration of assets:  0.001 ms
	Thread Wait Time:       0.006 ms
	Total Operation Time:   46.244 ms
Unloading 11 unused Assets / (0.7 MB). Loaded Objects now: 10959.
Memory consumption went from 429.5 MB to 428.8 MB.
Total: 77.788834 ms (FindLiveObjects: 0.388042 ms CreateObjectMapping: 0.092083 ms MarkObjects: 77.122167 ms  DeleteObjects: 0.048125 ms)

[Licensing::Client] Successfully resolved entitlement details
Asset Pipeline Refresh (id=00f80dc6a195e47bea5d1d061daca4bd): Total: 0.199 seconds - Initiated by RefreshV2(AllowForceSynchronousImport)
Thread 0x45a8f7000 may have been prematurely finalized
SpriteAtlasPacking completed in 0.003802 sec
Entering Playmode with Reload Domain disabled.
If you experience any issues, please disable "Enter Play Mode Options" in Editor Settings
Loaded scene 'Temp/__Backupscenes/0.backup'
	Deserialize:            37.414 ms
	Integration:            112.460 ms
	Integration of assets:  0.028 ms
	Thread Wait Time:       -0.001 ms
	Total Operation Time:   149.900 ms
Thread 0x49530b000 may have been prematurely finalized
Unloading 14 Unused Serialized files (Serialized files now loaded: 0)
Loaded scene 'Temp/__Backupscenes/0.backup'
	Deserialize:            2.341 ms
	Integration:            44.185 ms
	Integration of assets:  0.001 ms
	Thread Wait Time:       0.007 ms
	Total Operation Time:   46.534 ms
Unloading 11 unused Assets / (0.7 MB). Loaded Objects now: 10964.
Memory consumption went from 429.3 MB to 428.6 MB.
Total: 84.045584 ms (FindLiveObjects: 0.388958 ms CreateObjectMapping: 0.097583 ms MarkObjects: 83.351750 ms  DeleteObjects: 0.072417 ms)

[Licensing::Client] Successfully resolved entitlement details
Thread 0x45c47b000 may have been prematurely finalized
SpriteAtlasPacking completed in 0.002532 sec
Entering Playmode with Reload Domain disabled.
If you experience any issues, please disable "Enter Play Mode Options" in Editor Settings
Loaded scene 'Temp/__Backupscenes/0.backup'
	Deserialize:            1.920 ms
	Integration:            41.501 ms
	Integration of assets:  0.026 ms
	Thread Wait Time:       0.006 ms
	Total Operation Time:   43.453 ms
Thread 0x47c7b3000 may have been prematurely finalized
Unloading 17 Unused Serialized files (Serialized files now loaded: 0)
Loaded scene 'Temp/__Backupscenes/0.backup'
	Deserialize:            3.211 ms
	Integration:            81.574 ms
	Integration of assets:  0.002 ms
	Thread Wait Time:       0.006 ms
	Total Operation Time:   84.793 ms
Unloading 11 unused Assets / (0.7 MB). Loaded Objects now: 10969.
Memory consumption went from 429.4 MB to 428.8 MB.
Total: 86.439166 ms (FindLiveObjects: 0.446666 ms CreateObjectMapping: 0.141417 ms MarkObjects: 85.595250 ms  DeleteObjects: 0.111709 ms)

[Licensing::Client] Successfully resolved entitlement details
Thread 0x45c47b000 may have been prematurely finalized
SpriteAtlasPacking completed in 0.004710 sec
Entering Playmode with Reload Domain disabled.
If you experience any issues, please disable "Enter Play Mode Options" in Editor Settings
Loaded scene 'Temp/__Backupscenes/0.backup'
	Deserialize:            35.322 ms
	Integration:            59.297 ms
	Integration of assets:  0.036 ms
	Thread Wait Time:       0.001 ms
	Total Operation Time:   94.657 ms
Thread 0x4800cb000 may have been prematurely finalized
Unloading 17 Unused Serialized files (Serialized files now loaded: 0)
Loaded scene 'Temp/__Backupscenes/0.backup'
	Deserialize:            2.071 ms
	Integration:            61.143 ms
	Integration of assets:  0.001 ms
	Thread Wait Time:       0.006 ms
	Total Operation Time:   63.220 ms
Unloading 11 unused Assets / (0.7 MB). Loaded Objects now: 10974.
Memory consumption went from 429.8 MB to 429.2 MB.
Total: 84.763084 ms (FindLiveObjects: 0.385667 ms CreateObjectMapping: 0.098625 ms MarkObjects: 84.095542 ms  DeleteObjects: 0.042334 ms)

[Licensing::Client] Successfully resolved entitlement details
Asset Pipeline Refresh (id=43d7fa221799248c5a6ab23fc3574682): Total: 0.210 seconds - Initiated by RefreshV2(AllowForceSynchronousImport)
Asset Pipeline Refresh (id=66323df43844440c880b2b314bebfc40): Total: 0.090 seconds - Initiated by RefreshV2(AllowForceSynchronousImport)
Thread 0x45c47b000 may have been prematurely finalized
SpriteAtlasPacking completed in 0.003476 sec
Entering Playmode with Reload Domain disabled.
If you experience any issues, please disable "Enter Play Mode Options" in Editor Settings
Loaded scene 'Temp/__Backupscenes/0.backup'
	Deserialize:            34.921 ms
	Integration:            100.686 ms
	Integration of assets:  0.032 ms
	Thread Wait Time:       -0.001 ms
	Total Operation Time:   135.637 ms
Thread 0x49530b000 may have been prematurely finalized
Unloading 14 Unused Serialized files (Serialized files now loaded: 0)
Loaded scene 'Temp/__Backupscenes/0.backup'
	Deserialize:            2.126 ms
	Integration:            82.986 ms
	Integration of assets:  0.001 ms
	Thread Wait Time:       0.006 ms
	Total Operation Time:   85.119 ms
Unloading 11 unused Assets / (0.6 MB). Loaded Objects now: 10979.
Memory consumption went from 430.0 MB to 429.4 MB.
Total: 95.222833 ms (FindLiveObjects: 0.416542 ms CreateObjectMapping: 0.134959 ms MarkObjects: 94.426708 ms  DeleteObjects: 0.101667 ms)

[Licensing::Client] Successfully resolved entitlement details
Project ID request failed, Reason: The requested URL returned error: 401 (401).
Unknown Unity Connect error (400). Please contact support at support@unity.com while processing request "https://services.unity.com/api/unity/legacy/v1/projects/b1e31746-d8d5-4dd1-b346-428c91bb6578", HTTP error code 401
.[Licensing::Client] Successfully resolved entitlement details
Asset Pipeline Refresh (id=1620cd1d92b0241729cb473dbbe078b3): Total: 0.202 seconds - Initiated by RefreshV2(AllowForceSynchronousImport)
[Licensing::Client] Successfully updated the access token
[Licensing::Module] Successfully updated access token: "KJjQFms1"... (expires: 2026-09-13T21:56:45Z)
[Licensing::Client] Successfully resolved entitlement details
[Licensing::Client] Successfully resolved entitlement details
UPID Received 'b1e31746-d8d5-4dd1-b346-428c91bb6578'.
Asset Pipeline Refresh (id=c2dd74a22d2704c4b8f2dcbf06f77273): Total: 0.111 seconds - Initiated by RefreshV2(AllowForceSynchronousImport)
Asset Pipeline Refresh (id=ee62184038ddd49899fb157627b7c926): Total: 0.090 seconds - Initiated by RefreshV2(AllowForceSynchronousImport)
Asset Pipeline Refresh (id=1dd83416fb6f043678f22f7991824fd7): Total: 0.094 seconds - Initiated by RefreshV2(AllowForceSynchronousImport)
Importing 'GUID: 134f4e2a0b3c94d41b6d7ecaef984b51 - Path: Assets/Prefab/CategoryTitle.prefab' with importer (PrefabImporter)
Imported 'GUID: 134f4e2a0b3c94d41b6d7ecaef984b51' -> (Import Result ID: '04d4ee76c9c5ec68716e0640645ca1cc') in 0.001 seconds [static and dynamic dependencies]. Details - ImportResultOutputID=f4ba25d6be6c2a14e50abce8b5296073 DependenciesID=a2005bce2847eb85561bdaac6597458b StaticDependenciesID=27b1913416a302a57401961d4477bf1a 
Asset Pipeline Refresh (id=93577e41c31db44b893aa8364eade983): Total: 0.068 seconds - Initiated by StopAssetImportingV2(NoUpdateAssetOptions)
[Worker0] Imported GUID: 134f4e2a0b3c94d41b6d7ecaef984b51 - Path: Assets/Prefab/CategoryTitle.prefab - Importer: PreviewImporter -> (Import Result ID: '43c365f95ec3299a3c55f1606c763925') in 0.033322625 seconds
Asset Pipeline Refresh (id=0fd5a361cf1ce467b941e9e72ab5000e): Total: 0.044 seconds - Initiated by StopAssetImportingV2(NoUpdateAssetOptions)
Asset Pipeline Refresh (id=2a3afa1ad8df446c5913820779cfc738): Total: 0.044 seconds - Initiated by StopAssetImportingV2(NoUpdateAssetOptions)
[Worker0] Imported GUID: 134f4e2a0b3c94d41b6d7ecaef984b51 - Path: Assets/Prefab/CategoryTitle.prefab - Importer: ScriptedImporter/UnityEditor.QuickSearchModule:UnityEditor.Search:ASIAI0B -> (Import Result ID: '3df28b494e9ffbdc48c1aa44c967ed3a') in 0.018650375 seconds
Thread 0x4800cb000 may have been prematurely finalized
SpriteAtlasPacking completed in 0.005730 sec
Entering Playmode with Reload Domain disabled.
If you experience any issues, please disable "Enter Play Mode Options" in Editor Settings
Loaded scene 'Temp/__Backupscenes/0.backup'
	Deserialize:            34.599 ms
	Integration:            110.978 ms
	Integration of assets:  0.035 ms
	Thread Wait Time:       0.001 ms
	Total Operation Time:   145.613 ms
Thread 0x495c93000 may have been prematurely finalized
Unloading 14 Unused Serialized files (Serialized files now loaded: 0)
Loaded scene 'Temp/__Backupscenes/0.backup'
	Deserialize:            2.231 ms
	Integration:            51.697 ms
	Integration of assets:  0.001 ms
	Thread Wait Time:       0.006 ms
	Total Operation Time:   53.936 ms
Unloading 26 unused Assets / (0.7 MB). Loaded Objects now: 10984.
Memory consumption went from 430.4 MB to 429.7 MB.
Total: 93.667083 ms (FindLiveObjects: 0.387125 ms CreateObjectMapping: 0.115542 ms MarkObjects: 92.957666 ms  DeleteObjects: 0.067083 ms)

[Licensing::Client] Successfully resolved entitlement details
Asset Pipeline Refresh (id=db4d6aab673a047c9a3a804aefdf0710): Total: 0.052 seconds - Initiated by StopAssetImportingV2(NoUpdateAssetOptions)
Asset Pipeline Refresh (id=8111a48bcf41040e39c9bcea9deb8842): Total: 0.122 seconds - Initiated by RefreshV2(AllowForceSynchronousImport)
Asset Pipeline Refresh (id=e5a9c023b217444b3ac2f7b18db38c21): Total: 0.093 seconds - Initiated by RefreshV2(AllowForceSynchronousImport)
Asset Pipeline Refresh (id=d010ea472f3324e6d8e9e7db6705f574): Total: 0.088 seconds - Initiated by RefreshV2(AllowForceSynchronousImport)
[Worker0] Imported GUID: e02a493624edc416d80c6007e1a1a982 - Path: Assets/Scenes/Game.unity - Importer: PreviewImporter -> (Import Result ID: 'b75aecd6605656277fe4de18399793d3') in 0.013552041 seconds
2026-09-13 22:12:21.878 Unity[60376:1602523] NSEventModifierFlagFunction specified to -setKeyEquivalentModifierMask: for item <NSMenuItem: 0x8dc0ac460 SDF, ke='Command-F12'>, but is only supported for system-provided menu items; will not be used
Importing 'GUID: 00000000000000009000000000000000 - Path: ProjectSettings/QualitySettings.asset' with importer (LibraryAssetImporter)
Imported 'GUID: 00000000000000009000000000000000' -> (Import Result ID: '403c6c1a416723476486c6c76ad86f7f') in 0.001 seconds [static dependencies only]. Details - ImportResultOutputID=43b4ee972f78e910f47a00fe3c96f65c DependenciesID=1aedbe56ae62f321fe459982db2fa012 StaticDependenciesID=e9a43e809c5953780a851aff477bfce8 
Importing 'GUID: 77558fb8cabba46d28095ef0e397fa90 - Path: Assets/Fonts/Swiss 911 Ultra Compressed BT Regular SDF.asset' with importer (NativeFormatImporter)
Imported 'GUID: 77558fb8cabba46d28095ef0e397fa90' -> (Import Result ID: '8519985b3430580169a0d6718799202c') in 0.002 seconds [static dependencies only]. Details - ImportResultOutputID=743d6c27535ae006fb24fbc8e7f95a90 DependenciesID=8e89e780de9ef8d0202cacdf2e28ba7f StaticDependenciesID=3c15e0eeb609c7202e6d142e166e20c8 
Refreshing native plugins compatible for Editor in 4.18 ms, found 3 plugins.
Asset Pipeline Refresh (id=4735d916ae2494b619a2ca84b5ace682): Total: 0.034 seconds - Initiated by StopAssetImportingV2(NoUpdateAssetOptions)
Importing 'GUID: e02a493624edc416d80c6007e1a1a982 - Path: Assets/Scenes/Game.unity' with importer (DefaultImporter)
Imported 'GUID: e02a493624edc416d80c6007e1a1a982' -> (Import Result ID: '116e7ed8fb32d1c24dc7d53804a3d81a') in 0.001 seconds [static dependencies only]. Details - ImportResultOutputID=5ad803259acf1f5c207413cc1e8a5511 DependenciesID=ef8d9f0fcbb18cc1de5b61f80165ac68 StaticDependenciesID=6f768d679552297b2637eda8a880c940 
Asset Pipeline Refresh (id=40abe60ed216649039863e67b0a23c6b): Total: 0.021 seconds - Initiated by StopAssetImportingV2(NoUpdateAssetOptions)
[Worker1] Imported GUID: e02a493624edc416d80c6007e1a1a982 - Path: Assets/Scenes/Game.unity - Importer: ScriptedImporter/UnityEditor.QuickSearchModule:UnityEditor.Search:ASIAI0B -> (Import Result ID: '17fa1d9d4481b9a742434f78bd701a8f') in 0.021123625 seconds
[Worker0] Imported GUID: 77558fb8cabba46d28095ef0e397fa90 - Path: Assets/Fonts/Swiss 911 Ultra Compressed BT Regular SDF.asset - Importer: ScriptedImporter/UnityEditor.QuickSearchModule:UnityEditor.Search:ASIAI0B -> (Import Result ID: '9b1fd08e2729b0789cc6f85c26f8c5cd') in 0.023166208 seconds
Opening scene 'Assets/Scenes/Game copy.unity'
Unloading 27 Unused Serialized files (Serialized files now loaded: 0)
Loaded scene 'Assets/Scenes/Game copy.unity'
	Deserialize:            9.678 ms
	Integration:            69.600 ms
	Integration of assets:  0.136 ms
	Thread Wait Time:       0.002 ms
	Total Operation Time:   79.416 ms
Unloading 254 unused Assets / (379.5 KB). Loaded Objects now: 10954.
Memory consumption went from 457.1 MB to 456.8 MB.
Total: 97.540708 ms (FindLiveObjects: 0.379958 ms CreateObjectMapping: 0.099625 ms MarkObjects: 96.530000 ms  DeleteObjects: 0.384625 ms)

[Worker0] Imported GUID: e02a493624edc416d80c6007e1a1a982 - Path: Assets/Scenes/Game.unity - Importer: PreviewImporter -> (Import Result ID: 'fbf23fa933f30ce689d62ee1b1153e30') in 0.009248292 seconds
Opening scene 'Assets/Scenes/Game.unity'
Unloading 5 Unused Serialized files (Serialized files now loaded: 0)
Loaded scene 'Assets/Scenes/Game.unity'
	Deserialize:            8.411 ms
	Integration:            115.762 ms
	Integration of assets:  0.008 ms
	Thread Wait Time:       0.007 ms
	Total Operation Time:   124.189 ms
Unloading 10 unused Assets / (98.0 KB). Loaded Objects now: 11132.
Memory consumption went from 449.3 MB to 449.2 MB.
Total: 89.368333 ms (FindLiveObjects: 0.371375 ms CreateObjectMapping: 0.099417 ms MarkObjects: 88.695041 ms  DeleteObjects: 0.042083 ms)

Opening scene 'Assets/Scenes/MainMenu.unity'
Unloading 16 Unused Serialized files (Serialized files now loaded: 0)
Loaded scene 'Assets/Scenes/MainMenu.unity'
	Deserialize:            3.136 ms
	Integration:            44.644 ms
	Integration of assets:  0.002 ms
	Thread Wait Time:       0.006 ms
	Total Operation Time:   47.788 ms
Unloading 80 unused Assets / (3.0 MB). Loaded Objects now: 10635.
Memory consumption went from 447.5 MB to 444.6 MB.
Total: 87.285542 ms (FindLiveObjects: 0.348416 ms CreateObjectMapping: 0.068292 ms MarkObjects: 86.612708 ms  DeleteObjects: 0.098667 ms)

Opening scene 'Assets/Scenes/Game.unity'
Unloading 6 Unused Serialized files (Serialized files now loaded: 0)
Loaded scene 'Assets/Scenes/Game.unity'
	Deserialize:            7.012 ms
	Integration:            47.933 ms
	Integration of assets:  0.723 ms
	Thread Wait Time:       0.005 ms
	Total Operation Time:   55.673 ms
Unloading 10 unused Assets / (97.9 KB). Loaded Objects now: 11137.
Memory consumption went from 449.6 MB to 449.5 MB.
Total: 88.682250 ms (FindLiveObjects: 0.396542 ms CreateObjectMapping: 0.122416 ms MarkObjects: 87.984750 ms  DeleteObjects: 0.033209 ms)

Thread 0x4800cb000 may have been prematurely finalized
SpriteAtlasPacking completed in 0.003356 sec
Entering Playmode with Reload Domain disabled.
If you experience any issues, please disable "Enter Play Mode Options" in Editor Settings
Loaded scene 'Temp/__Backupscenes/0.backup'
	Deserialize:            3.226 ms
	Integration:            48.219 ms
	Integration of assets:  0.024 ms
	Thread Wait Time:       0.004 ms
	Total Operation Time:   51.472 ms
Thread 0x489d73000 may have been prematurely finalized
Unloading 17 Unused Serialized files (Serialized files now loaded: 0)
Loaded scene 'Temp/__Backupscenes/0.backup'
	Deserialize:            1.920 ms
	Integration:            49.943 ms
	Integration of assets:  0.001 ms
	Thread Wait Time:       0.008 ms
	Total Operation Time:   51.871 ms
Unloading 12 unused Assets / (0.7 MB). Loaded Objects now: 10992.
Memory consumption went from 429.5 MB to 428.9 MB.
Total: 86.187334 ms (FindLiveObjects: 0.387875 ms CreateObjectMapping: 0.101542 ms MarkObjects: 85.501875 ms  DeleteObjects: 0.041125 ms)

[Licensing::Client] Successfully resolved entitlement details
Opening scene 'Assets/Scenes/MainMenu.unity'
Unloading 12 Unused Serialized files (Serialized files now loaded: 0)
Loaded scene 'Assets/Scenes/MainMenu.unity'
	Deserialize:            1.264 ms
	Integration:            46.155 ms
	Integration of assets:  0.129 ms
	Thread Wait Time:       0.007 ms
	Total Operation Time:   47.555 ms
Unloading 78 unused Assets / (3.5 MB). Loaded Objects now: 10647.
Memory consumption went from 447.4 MB to 443.9 MB.
Total: 91.220375 ms (FindLiveObjects: 0.357875 ms CreateObjectMapping: 0.091083 ms MarkObjects: 90.551417 ms  DeleteObjects: 0.072500 ms)

Opening scene 'Assets/Scenes/Game.unity'
Unloading 5 Unused Serialized files (Serialized files now loaded: 0)
Loaded scene 'Assets/Scenes/Game.unity'
	Deserialize:            5.855 ms
	Integration:            49.105 ms
	Integration of assets:  0.052 ms
	Thread Wait Time:       0.005 ms
	Total Operation Time:   55.017 ms
Unloading 10 unused Assets / (97.9 KB). Loaded Objects now: 11142.
Memory consumption went from 449.4 MB to 449.3 MB.
Total: 90.061000 ms (FindLiveObjects: 0.364250 ms CreateObjectMapping: 0.100750 ms MarkObjects: 89.407708 ms  DeleteObjects: 0.035166 ms)

Opening scene 'Assets/Scenes/Game copy.unity'
Unloading 17 Unused Serialized files (Serialized files now loaded: 0)
Loaded scene 'Assets/Scenes/Game copy.unity'
	Deserialize:            3.938 ms
	Integration:            48.831 ms
	Integration of assets:  0.002 ms
	Thread Wait Time:       0.006 ms
	Total Operation Time:   52.778 ms
Unloading 78 unused Assets / (3.5 MB). Loaded Objects now: 10964.
Memory consumption went from 447.4 MB to 443.9 MB.
Total: 87.308500 ms (FindLiveObjects: 0.499500 ms CreateObjectMapping: 0.356208 ms MarkObjects: 86.212625 ms  DeleteObjects: 0.080334 ms)

Opening scene 'Assets/Scenes/MainMenu.unity'
Unloading 3 Unused Serialized files (Serialized files now loaded: 0)
Loaded scene 'Assets/Scenes/MainMenu.unity'
	Deserialize:            3.135 ms
	Integration:            45.705 ms
	Integration of assets:  0.001 ms
	Thread Wait Time:       0.006 ms
	Total Operation Time:   48.847 ms
Unloading 4 unused Assets / (86.9 KB). Loaded Objects now: 10647.
Memory consumption went from 443.7 MB to 443.7 MB.
Total: 87.527750 ms (FindLiveObjects: 0.361625 ms CreateObjectMapping: 0.093334 ms MarkObjects: 86.904041 ms  DeleteObjects: 0.030083 ms)

Opening scene 'Assets/Scenes/Game copy.unity'
Unloading 3 Unused Serialized files (Serialized files now loaded: 0)
Loaded scene 'Assets/Scenes/Game copy.unity'
	Deserialize:            2.939 ms
	Integration:            45.701 ms
	Integration of assets:  0.001 ms
	Thread Wait Time:       0.006 ms
	Total Operation Time:   48.648 ms
Unloading 4 unused Assets / (86.9 KB). Loaded Objects now: 10964.
Memory consumption went from 444.0 MB to 443.9 MB.
Total: 91.184541 ms (FindLiveObjects: 0.364208 ms CreateObjectMapping: 0.099542 ms MarkObjects: 90.548958 ms  DeleteObjects: 0.031000 ms)

Thread 0x47d293000 may have been prematurely finalized
SpriteAtlasPacking completed in 0.002864 sec
Entering Playmode with Reload Domain disabled.
If you experience any issues, please disable "Enter Play Mode Options" in Editor Settings
Loaded scene 'Temp/__Backupscenes/0.backup'
	Deserialize:            1.828 ms
	Integration:            46.248 ms
	Integration of assets:  0.010 ms
	Thread Wait Time:       0.003 ms
	Total Operation Time:   48.088 ms
Thread 0x47b08f000 may have been prematurely finalized
Unloading 3 Unused Serialized files (Serialized files now loaded: 0)
Loaded scene 'Temp/__Backupscenes/0.backup'
	Deserialize:            1.674 ms
	Integration:            50.300 ms
	Integration of assets:  0.001 ms
	Thread Wait Time:       0.006 ms
	Total Operation Time:   51.981 ms
Unloading 5 unused Assets / (0.7 MB). Loaded Objects now: 10821.
Memory consumption went from 425.3 MB to 424.7 MB.
Total: 88.987041 ms (FindLiveObjects: 0.359333 ms CreateObjectMapping: 0.087708 ms MarkObjects: 88.346334 ms  DeleteObjects: 0.048375 ms)

[Licensing::Client] Successfully resolved entitlement details
Opening scene 'Assets/Scenes/Game.unity'
Unloading 7 Unused Serialized files (Serialized files now loaded: 0)
Loaded scene 'Assets/Scenes/Game.unity'
	Deserialize:            16.277 ms
	Integration:            124.879 ms
	Integration of assets:  0.076 ms
	Thread Wait Time:       0.007 ms
	Total Operation Time:   141.239 ms
Unloading 11 unused Assets / (13.9 MB). Loaded Objects now: 11148.
Memory consumption went from 460.5 MB to 446.6 MB.
Total: 95.445542 ms (FindLiveObjects: 0.399958 ms CreateObjectMapping: 0.148084 ms MarkObjects: 94.713500 ms  DeleteObjects: 0.037917 ms)

Thread 0x47b00f000 may have been prematurely finalized
SpriteAtlasPacking completed in 0.002465 sec
Entering Playmode with Reload Domain disabled.
If you experience any issues, please disable "Enter Play Mode Options" in Editor Settings
Loaded scene 'Temp/__Backupscenes/0.backup'
	Deserialize:            1.932 ms
	Integration:            49.538 ms
	Integration of assets:  0.023 ms
	Thread Wait Time:       0.009 ms
	Total Operation Time:   51.502 ms
Thread 0x487d2f000 may have been prematurely finalized
Unloading 17 Unused Serialized files (Serialized files now loaded: 0)
Loaded scene 'Temp/__Backupscenes/0.backup'
	Deserialize:            1.787 ms
	Integration:            51.770 ms
	Integration of assets:  0.001 ms
	Thread Wait Time:       0.006 ms
	Total Operation Time:   53.564 ms
Unloading 12 unused Assets / (0.7 MB). Loaded Objects now: 11003.
Memory consumption went from 429.6 MB to 428.9 MB.
Total: 93.170208 ms (FindLiveObjects: 0.375250 ms CreateObjectMapping: 0.105083 ms MarkObjects: 92.506375 ms  DeleteObjects: 0.042750 ms)

Opening scene 'Assets/Scenes/Game copy.unity'
Unloading 12 Unused Serialized files (Serialized files now loaded: 0)
Loaded scene 'Assets/Scenes/Game copy.unity'
	Deserialize:            7.479 ms
	Integration:            49.792 ms
	Integration of assets:  0.086 ms
	Thread Wait Time:       0.004 ms
	Total Operation Time:   57.362 ms
Unloading 78 unused Assets / (3.7 MB). Loaded Objects now: 10974.
Memory consumption went from 448.0 MB to 444.3 MB.
Total: 92.861375 ms (FindLiveObjects: 0.385625 ms CreateObjectMapping: 0.125167 ms MarkObjects: 92.128583 ms  DeleteObjects: 0.080833 ms)

Opening scene 'Assets/Scenes/MainMenu.unity'
Unloading 4 Unused Serialized files (Serialized files now loaded: 0)
Loaded scene 'Assets/Scenes/MainMenu.unity'
	Deserialize:            3.128 ms
	Integration:            47.014 ms
	Integration of assets:  0.001 ms
	Thread Wait Time:       0.005 ms
	Total Operation Time:   50.149 ms
Unloading 3 unused Assets / (85.7 KB). Loaded Objects now: 10658.
Memory consumption went from 444.1 MB to 444.0 MB.
Total: 97.645500 ms (FindLiveObjects: 0.361458 ms CreateObjectMapping: 0.096833 ms MarkObjects: 97.015959 ms  DeleteObjects: 0.030709 ms)

Thread 0x47b09b000 may have been prematurely finalized
SpriteAtlasPacking completed in 0.002086 sec
Entering Playmode with Reload Domain disabled.
If you experience any issues, please disable "Enter Play Mode Options" in Editor Settings
Loaded scene 'Temp/__Backupscenes/0.backup'
	Deserialize:            0.445 ms
	Integration:            49.124 ms
	Integration of assets:  0.009 ms
	Thread Wait Time:       0.004 ms
	Total Operation Time:   49.583 ms
Thread 0x47b093000 may have been prematurely finalized
Unloading 3 Unused Serialized files (Serialized files now loaded: 0)
Loaded scene 'Temp/__Backupscenes/0.backup'
	Deserialize:            0.427 ms
	Integration:            49.150 ms
	Integration of assets:  0.001 ms
	Thread Wait Time:       0.008 ms
	Total Operation Time:   49.585 ms
Unloading 5 unused Assets / (0.7 MB). Loaded Objects now: 10515.
Memory consumption went from 425.6 MB to 424.9 MB.
Total: 93.442500 ms (FindLiveObjects: 0.360833 ms CreateObjectMapping: 0.080584 ms MarkObjects: 92.820875 ms  DeleteObjects: 0.039917 ms)

Asset Pipeline Refresh (id=25c3393d3828e419d9d01fe9cbd4b0a0): Total: 0.201 seconds - Initiated by RefreshV2(AllowForceSynchronousImport)
Asset Pipeline Refresh (id=8ba30101435744775b7dd32f597d592a): Total: 0.149 seconds - Initiated by RefreshV2(AllowForceSynchronousImport)
Opening scene 'Assets/Scenes/Game.unity'
Unloading 2 Unused Serialized files (Serialized files now loaded: 0)
Loaded scene 'Assets/Scenes/Game.unity'
	Deserialize:            11.684 ms
	Integration:            187.425 ms
	Integration of assets:  0.074 ms
	Thread Wait Time:       0.005 ms
	Total Operation Time:   199.188 ms
Unloading 9 unused Assets / (5.3 MB). Loaded Objects now: 11159.
Memory consumption went from 452.2 MB to 446.9 MB.
Total: 115.500917 ms (FindLiveObjects: 0.386458 ms CreateObjectMapping: 0.083334 ms MarkObjects: 114.831333 ms  DeleteObjects: 0.057375 ms)

Opening scene 'Assets/Scenes/Game copy.unity'
Unloading 17 Unused Serialized files (Serialized files now loaded: 0)
Loaded scene 'Assets/Scenes/Game copy.unity'
	Deserialize:            6.013 ms
	Integration:            48.167 ms
	Integration of assets:  0.003 ms
	Thread Wait Time:       0.004 ms
	Total Operation Time:   54.187 ms
Unloading 78 unused Assets / (3.5 MB). Loaded Objects now: 10980.
Memory consumption went from 447.5 MB to 444.0 MB.
Total: 96.128459 ms (FindLiveObjects: 0.360292 ms CreateObjectMapping: 0.088875 ms MarkObjects: 95.438875 ms  DeleteObjects: 0.074625 ms)

2026-09-13 22:29:33.298 Unity[60376:1602523] NSEventModifierFlagFunction specified to -setKeyEquivalentModifierMask: for item <NSMenuItem: 0x8dc094dc0 SDF, ke='Command-F12'>, but is only supported for system-provided menu items; will not be used
Asset Pipeline Refresh (id=3cedf2ba84a904859b3aabe028650eab): Total: 0.066 seconds - Initiated by StopAssetImportingV2(NoUpdateAssetOptions)
Asset Pipeline Refresh (id=13ed32a6eeaef46218a16594bf60a8ce): Total: 0.139 seconds - Initiated by RefreshV2(ForceSynchronousImport)
Importing 'GUID: 00000000000000009000000000000000 - Path: ProjectSettings/QualitySettings.asset' with importer (LibraryAssetImporter)
Imported 'GUID: 00000000000000009000000000000000' -> (Import Result ID: '403c6c1a416723476486c6c76ad86f7f') in 0.001 seconds [static dependencies only]. Details - ImportResultOutputID=43b4ee972f78e910f47a00fe3c96f65c DependenciesID=1aedbe56ae62f321fe459982db2fa012 StaticDependenciesID=e9a43e809c5953780a851aff477bfce8 
Refreshing native plugins compatible for Editor in 2.78 ms, found 3 plugins.
Asset Pipeline Refresh (id=35892634c0ed24a24967d3e85c23aac1): Total: 0.022 seconds - Initiated by StopAssetImportingV2(NoUpdateAssetOptions)
Importing 'GUID: 94d651424394d444ba6aec60755da9ec - Path: Assets/Scenes/Game copy.unity' with importer (DefaultImporter)
Imported 'GUID: 94d651424394d444ba6aec60755da9ec' -> (Import Result ID: '68a08d0baf226c1a617dedbeacaf70ea') in 0.000 seconds [static dependencies only]. Details - ImportResultOutputID=958c90c1e564f6bc545b920375bc8191 DependenciesID=2b6ecf27e0427007e789e28763043e7e StaticDependenciesID=6f641f7303e9364c65501905a3959020 
Asset Pipeline Refresh (id=bf5aca6a889384900a3230a7cd17503b): Total: 0.031 seconds - Initiated by StopAssetImportingV2(NoUpdateAssetOptions)
Opening scene 'Assets/Scenes/Game.unity'
Unloading 28 Unused Serialized files (Serialized files now loaded: 0)
Loaded scene 'Assets/Scenes/Game.unity'
	Deserialize:            7.109 ms
	Integration:            51.202 ms
	Integration of assets:  0.104 ms
	Thread Wait Time:       0.005 ms
	Total Operation Time:   58.420 ms
Unloading 173 unused Assets / (2.3 MB). Loaded Objects now: 11157.
Memory consumption went from 457.0 MB to 454.7 MB.
Total: 93.059041 ms (FindLiveObjects: 0.365959 ms CreateObjectMapping: 0.091041 ms MarkObjects: 92.324167 ms  DeleteObjects: 0.136125 ms)

Opening scene 'Assets/Scenes/Game.unity'
Unloading 16 Unused Serialized files (Serialized files now loaded: 0)
Loaded scene 'Assets/Scenes/Game.unity'
	Deserialize:            2.965 ms
	Integration:            49.834 ms
	Integration of assets:  0.001 ms
	Thread Wait Time:       0.006 ms
	Total Operation Time:   52.806 ms
Unloading 17 unused Assets / (101.6 KB). Loaded Objects now: 11157.
Memory consumption went from 448.3 MB to 448.2 MB.
Total: 92.355750 ms (FindLiveObjects: 0.372500 ms CreateObjectMapping: 0.107333 ms MarkObjects: 91.682708 ms  DeleteObjects: 0.048791 ms)

2026-09-13 22:29:52.930 Unity[60376:1602523] NSEventModifierFlagFunction specified to -setKeyEquivalentModifierMask: for item <NSMenuItem: 0x8dc0a0000 SDF, ke='Command-F12'>, but is only supported for system-provided menu items; will not be used
Asset Pipeline Refresh (id=c88ba4375fdf24fe1bbd9370aa1cd131): Total: 0.047 seconds - Initiated by StopAssetImportingV2(NoUpdateAssetOptions)
Asset Pipeline Refresh (id=53b323e6b218142b69b7ea81a3697572): Total: 0.149 seconds - Initiated by RefreshV2(ForceSynchronousImport)
Opening scene 'Assets/Scenes/Game.unity'
Unloading 0 Unused Serialized files (Serialized files now loaded: 0)
Loaded scene 'Assets/Scenes/Game.unity'
	Deserialize:            2.931 ms
	Integration:            49.812 ms
	Integration of assets:  0.001 ms
	Thread Wait Time:       0.006 ms
	Total Operation Time:   52.751 ms
Unloading 23 unused Assets / (385.4 KB). Loaded Objects now: 11157.
Memory consumption went from 448.6 MB to 448.2 MB.
Total: 96.197709 ms (FindLiveObjects: 0.362000 ms CreateObjectMapping: 0.105417 ms MarkObjects: 95.542667 ms  DeleteObjects: 0.035292 ms)

Opening scene 'Assets/Scenes/MainMenu.unity'
Unloading 10 Unused Serialized files (Serialized files now loaded: 0)
Loaded scene 'Assets/Scenes/MainMenu.unity'
	Deserialize:            0.726 ms
	Integration:            47.801 ms
	Integration of assets:  0.001 ms
	Thread Wait Time:       0.006 ms
	Total Operation Time:   48.534 ms
Unloading 78 unused Assets / (3.5 MB). Loaded Objects now: 10662.
Memory consumption went from 447.4 MB to 443.8 MB.
Total: 96.594375 ms (FindLiveObjects: 0.360541 ms CreateObjectMapping: 0.085250 ms MarkObjects: 95.930500 ms  DeleteObjects: 0.074667 ms)

Opening scene 'Assets/Scenes/Game.unity'
Unloading 4 Unused Serialized files (Serialized files now loaded: 0)
Loaded scene 'Assets/Scenes/Game.unity'
	Deserialize:            3.117 ms
	Integration:            51.632 ms
	Integration of assets:  0.034 ms
	Thread Wait Time:       0.007 ms
	Total Operation Time:   54.790 ms
Unloading 10 unused Assets / (98.0 KB). Loaded Objects now: 11157.
Memory consumption went from 449.4 MB to 449.3 MB.
Total: 94.825917 ms (FindLiveObjects: 0.369167 ms CreateObjectMapping: 0.105125 ms MarkObjects: 94.179958 ms  DeleteObjects: 0.031000 ms)

Thread 0x47b00f000 may have been prematurely finalized
SpriteAtlasPacking completed in 0.003989 sec
Entering Playmode with Reload Domain disabled.
If you experience any issues, please disable "Enter Play Mode Options" in Editor Settings
Loaded scene 'Temp/__Backupscenes/0.backup'
	Deserialize:            2.719 ms
	Integration:            56.591 ms
	Integration of assets:  0.024 ms
	Thread Wait Time:       0.004 ms
	Total Operation Time:   59.338 ms
Thread 0x489d73000 may have been prematurely finalized
Unloading 17 Unused Serialized files (Serialized files now loaded: 0)
Loaded scene 'Temp/__Backupscenes/0.backup'
	Deserialize:            1.865 ms
	Integration:            53.359 ms
	Integration of assets:  0.001 ms
	Thread Wait Time:       0.006 ms
	Total Operation Time:   55.231 ms
Unloading 12 unused Assets / (0.6 MB). Loaded Objects now: 11012.
Memory consumption went from 429.7 MB to 429.1 MB.
Total: 92.292417 ms (FindLiveObjects: 0.391250 ms CreateObjectMapping: 0.179208 ms MarkObjects: 91.529250 ms  DeleteObjects: 0.047500 ms)

[Licensing::Client] Successfully resolved entitlement details
[Licensing::Client] Successfully resolved entitlement details
Asset Pipeline Refresh (id=e129d595964004c628f7b40515cb03e8): Total: 0.219 seconds - Initiated by RefreshV2(AllowForceSynchronousImport)
[Licensing::Client] Successfully resolved entitlement details
[Licensing::Client] Successfully resolved entitlement details
[Licensing::Client] Successfully resolved entitlement details
[Licensing::Client] Successfully updated the access token
[Licensing::Module] Successfully updated access token: "gE_VXRL_"... (expires: 2026-09-14T00:19:52Z)
[Licensing::Client] Successfully resolved entitlement details
[Licensing::Client] Successfully resolved entitlement details
Curl error 6: Could not resolve: cdp.cloud.unity3d.com:443
Curl error 6: Could not resolve host: cdp.cloud.unity3d.com
Curl error 6: Could not resolve host: cdp.cloud.unity3d.com
Curl error 6: Could not resolve: cdp.cloud.unity3d.com:443
Curl error 6: Could not resolve: cdp.cloud.unity3d.com:443
Curl error 6: Could not resolve: cdp.cloud.unity3d.com:443
[Licensing::Client] Successfully resolved entitlement details
[Licensing::Client] Successfully resolved entitlement details
[Licensing::Client] Successfully resolved entitlement details
[Licensing::Client] Successfully updated the access token
[Licensing::Module] Successfully updated access token: "HgGTSV7d"... (expires: 2026-09-14T02:20:22Z)
[Licensing::Client] Successfully resolved entitlement details
[Licensing::Client] Successfully resolved entitlement details
[Licensing::Client] Successfully resolved entitlement details
[Licensing::Client] Successfully resolved entitlement details
[Licensing::Client] Successfully updated the access token
[Licensing::Module] Successfully updated access token: "PROslUzc"... (expires: 2026-09-14T04:25:38Z)
[Licensing::Client] Successfully resolved entitlement details
[Licensing::Client] Successfully resolved entitlement details
[Licensing::Client] Successfully resolved entitlement details
[Licensing::Client] Successfully resolved entitlement details
[Licensing::Client] Successfully resolved entitlement details
[Licensing::Client] Successfully resolved entitlement details
[Licensing::Client] Successfully updated the access token
[Licensing::Module] Successfully updated access token: "7HPK_aCC"... (expires: 2026-09-14T06:33:09Z)
[Licensing::Client] Successfully resolved entitlement details
[Licensing::Client] Successfully resolved entitlement details
[Licensing::Client] Successfully resolved entitlement details
[Licensing::Client] Successfully resolved entitlement details
[Licensing::Client] Successfully resolved entitlement details
[Licensing::Client] Successfully resolved entitlement details
[Licensing::Client] Successfully resolved entitlement details
[Licensing::Client] Successfully updated the access token
[Licensing::Module] Successfully updated access token: "qOFmT40-"... (expires: 2026-09-14T08:36:12Z)
[Licensing::Client] Successfully resolved entitlement details
[Licensing::Client] Successfully resolved entitlement details
[Licensing::Client] Successfully resolved entitlement details
Curl error 6: Could not resolve: cdp.cloud.unity3d.com:443
Curl error 6: Could not resolve host: cdp.cloud.unity3d.com
Curl error 6: Could not resolve host: cdp.cloud.unity3d.com
Curl error 6: Could not resolve: cdp.cloud.unity3d.com:443
[Licensing::Client] Successfully resolved entitlement details
Curl error 35: Cert verify failed. Certificate could not be verified (either omitted or unsupported). UnityTls error code: 7
Curl error 56: Recv failure: Can't assign requested address
[Licensing::Client] Successfully resolved entitlement details
Curl error 6: Could not resolve: cdp.cloud.unity3d.com:443
Curl error 6: Could not resolve host: cdp.cloud.unity3d.com
Curl error 6: Could not resolve host: cdp.cloud.unity3d.com
[Licensing::Client] Successfully updated the access token
[Licensing::Module] Successfully updated access token: "8w9N7Z7t"... (expires: 2026-09-14T11:16:58Z)
[Licensing::Client] Successfully resolved entitlement details
[Licensing::Client] Successfully resolved entitlement details
Curl error 6: Could not resolve: cdp.cloud.unity3d.com:443
Curl error 6: Could not resolve host: cdp.cloud.unity3d.com
Curl error 6: Could not resolve host: cdp.cloud.unity3d.com
Curl error 6: Could not resolve: cdp.cloud.unity3d.com:443
[Licensing::Client] Successfully resolved entitlement details
Curl error 6: Could not resolve: cdp.cloud.unity3d.com:443
Curl error 6: Could not resolve: cdp.cloud.unity3d.com:443
Asset Pipeline Refresh (id=d41a026bb9dc040308e0e18767fb8921): Total: 0.196 seconds - Initiated by RefreshV2(AllowForceSynchronousImport)
Curl error 6: Could not resolve: engine-data.unity3d.com:443
Thread 0x4724c3000 may have been prematurely finalized
SpriteAtlasPacking completed in 0.086156 sec
Entering Playmode with Reload Domain disabled.
If you experience any issues, please disable "Enter Play Mode Options" in Editor Settings
Loaded scene 'Temp/__Backupscenes/0.backup'
	Deserialize:            35.113 ms
	Integration:            160.086 ms
	Integration of assets:  0.167 ms
	Thread Wait Time:       -0.009 ms
	Total Operation Time:   195.358 ms
Curl error 6: Could not resolve host: cdp.cloud.unity3d.com
Curl error 6: Could not resolve host: cdp.cloud.unity3d.com
Curl error 6: Could not resolve host: cdp.cloud.unity3d.com
Thread 0x4724c3000 may have been prematurely finalized
Unloading 14 Unused Serialized files (Serialized files now loaded: 0)
Loaded scene 'Temp/__Backupscenes/0.backup'
	Deserialize:            2.179 ms
	Integration:            55.018 ms
	Integration of assets:  0.001 ms
	Thread Wait Time:       0.005 ms
	Total Operation Time:   57.203 ms
Unloading 11 unused Assets / (0.6 MB). Loaded Objects now: 11017.
Memory consumption went from 430.2 MB to 429.6 MB.
Total: 119.955083 ms (FindLiveObjects: 0.459208 ms CreateObjectMapping: 0.275167 ms MarkObjects: 116.216125 ms  DeleteObjects: 2.858500 ms)

[Licensing::Client] Successfully resolved entitlement details
Asset Pipeline Refresh (id=583cd3994941e416e8929f2fa88a6064): Total: 0.164 seconds - Initiated by RefreshV2(AllowForceSynchronousImport)
Asset Pipeline Refresh (id=e51d0826a678c43e2ba8224bbd9a71b5): Total: 0.112 seconds - Initiated by RefreshV2(AllowForceSynchronousImport)
[Licensing::Client] Successfully resolved entitlement details
Asset Pipeline Refresh (id=8ffa8765653734bc3a05b019f7b66a75): Total: 0.188 seconds - Initiated by RefreshV2(NoUpdateAssetOptions)
Unloading 0 Unused Serialized files (Serialized files now loaded: 0)
Unloading 17 unused Assets / (85.9 KB). Loaded Objects now: 11229.
Memory consumption went from 447.0 MB to 446.9 MB.
Total: 143.382833 ms (FindLiveObjects: 1.107125 ms CreateObjectMapping: 0.341209 ms MarkObjects: 141.604542 ms  DeleteObjects: 0.126208 ms)

Asset Pipeline Refresh (id=1dface4d7b7c849fc92978e7424f76ae): Total: 0.150 seconds - Initiated by RefreshV2(AllowForceSynchronousImport)
Thread 0x45c47b000 may have been prematurely finalized
SpriteAtlasPacking completed in 0.004487 sec
Entering Playmode with Reload Domain disabled.
If you experience any issues, please disable "Enter Play Mode Options" in Editor Settings
Loaded scene 'Temp/__Backupscenes/0.backup'
	Deserialize:            32.528 ms
	Integration:            105.832 ms
	Integration of assets:  0.032 ms
	Thread Wait Time:       0.000 ms
	Total Operation Time:   138.392 ms
Thread 0x4724c3000 may have been prematurely finalized
Unloading 14 Unused Serialized files (Serialized files now loaded: 0)
Loaded scene 'Temp/__Backupscenes/0.backup'
	Deserialize:            2.558 ms
	Integration:            57.625 ms
	Integration of assets:  0.001 ms
	Thread Wait Time:       0.006 ms
	Total Operation Time:   60.191 ms
Unloading 12 unused Assets / (0.7 MB). Loaded Objects now: 11021.
Memory consumption went from 429.5 MB to 428.9 MB.
Total: 105.795583 ms (FindLiveObjects: 0.438208 ms CreateObjectMapping: 0.112084 ms MarkObjects: 105.027000 ms  DeleteObjects: 0.071125 ms)

[Licensing::Client] Successfully resolved entitlement details
Asset Pipeline Refresh (id=458a0dc3ad5b94f50b5ad2113f914ad7): Total: 0.201 seconds - Initiated by RefreshV2(AllowForceSynchronousImport)
2026-09-14 13:10:17.908 Unity[60376:1602523] NSEventModifierFlagFunction specified to -setKeyEquivalentModifierMask: for item <NSMenuItem: 0x8dc0959a0 SDF, ke='Command-F12'>, but is only supported for system-provided menu items; will not be used
2026-09-14 13:10:22.886 Unity[60376:1602523] NSEventModifierFlagFunction specified to -setKeyEquivalentModifierMask: for item <NSMenuItem: 0x8de7b1900 SDF, ke='Command-F12'>, but is only supported for system-provided menu items; will not be used
Importing 'GUID: 00000000000000009000000000000000 - Path: ProjectSettings/QualitySettings.asset' with importer (LibraryAssetImporter)
Imported 'GUID: 00000000000000009000000000000000' -> (Import Result ID: '403c6c1a416723476486c6c76ad86f7f') in 0.001 seconds [static dependencies only]. Details - ImportResultOutputID=43b4ee972f78e910f47a00fe3c96f65c DependenciesID=1aedbe56ae62f321fe459982db2fa012 StaticDependenciesID=e9a43e809c5953780a851aff477bfce8 
Asset Pipeline Refresh (id=2c58d25ffe7594177ad313320e208870): Total: 0.011 seconds - Initiated by StopAssetImportingV2(NoUpdateAssetOptions)
Importing 'GUID: 49c55b21c261f42b78e7ec6c81bcce72 - Path: Assets/Scenes/Game 1.unity' with importer (DefaultImporter)
Imported 'GUID: 49c55b21c261f42b78e7ec6c81bcce72' -> (Import Result ID: 'e6097a533d5a61a82ba4bfc6da533981') in 0.000 seconds [static dependencies only]. Details - ImportResultOutputID=e4cf573303f6a83527be102dcdb2dd8d DependenciesID=10fe262374c5034537bb979e109ca067 StaticDependenciesID=f8dd26d3269ecb4055c1af9cd53e0bca 
Asset Pipeline Refresh (id=e79d7c7db14b940e59ca0e0dd098634f): Total: 0.024 seconds - Initiated by StopAssetImportingV2(NoUpdateAssetOptions)
[Worker0] Imported GUID: 49c55b21c261f42b78e7ec6c81bcce72 - Path: Assets/Scenes/Game 1.unity - Importer: PreviewImporter -> (Import Result ID: '0d2efcc0cf08f66626b5fecfbbcac431') in 0.009673041 seconds
[Worker0] Imported GUID: 49c55b21c261f42b78e7ec6c81bcce72 - Path: Assets/Scenes/Game 1.unity - Importer: ScriptedImporter/UnityEditor.QuickSearchModule:UnityEditor.Search:ASIAI0B -> (Import Result ID: '346688d49827c1576292425de699050d') in 0.012297833 seconds
2026-09-14 13:10:24.564 Unity[60376:1602523] NSEventModifierFlagFunction specified to -setKeyEquivalentModifierMask: for item <NSMenuItem: 0x8e66c3ca0 SDF, ke='Command-F12'>, but is only supported for system-provided menu items; will not be used
Importing 'GUID: 49c55b21c261f42b78e7ec6c81bcce72 - Path: Assets/Scenes/ModifyQuestions.unity' with importer (DefaultImporter)
Imported 'GUID: 49c55b21c261f42b78e7ec6c81bcce72' -> (Import Result ID: '6f8a1d830b1d924d59af1c76aa065664') in 0.000 seconds [static dependencies only]. Details - ImportResultOutputID=22532ac4af063beeb7edb973d2452d8f DependenciesID=54c7b9947776b0c6961fecde70a913bb StaticDependenciesID=fbf02dc46334af4bb3dfe4b2bc46499f 
Asset Pipeline Refresh (id=270409894ee5445a5bd9a19c88246317): Total: 0.024 seconds - Initiated by StopAssetImportingV2(NoUpdateAssetOptions)
[Worker0] Imported GUID: 49c55b21c261f42b78e7ec6c81bcce72 - Path: Assets/Scenes/ModifyQuestions.unity - Importer: PreviewImporter -> (Import Result ID: 'f0fd6994f34a8e98d87360607fca24af') in 0.008832958 seconds
[Worker0] Imported GUID: 49c55b21c261f42b78e7ec6c81bcce72 - Path: Assets/Scenes/ModifyQuestions.unity - Importer: ScriptedImporter/UnityEditor.QuickSearchModule:UnityEditor.Search:ASIAI0B -> (Import Result ID: '79b0f036d3acccdff5d69c11ae8d4adc') in 0.011583542 seconds
Opening scene 'Assets/Scenes/ModifyQuestions.unity'
Unloading 0 Unused Serialized files (Serialized files now loaded: 0)
Loaded scene 'Assets/Scenes/ModifyQuestions.unity'
	Deserialize:            4.723 ms
	Integration:            110.684 ms
	Integration of assets:  0.002 ms
	Thread Wait Time:       0.007 ms
	Total Operation Time:   115.416 ms
Unloading 23 unused Assets / (9.1 MB). Loaded Objects now: 11167.
Memory consumption went from 484.8 MB to 475.7 MB.
Total: 109.440000 ms (FindLiveObjects: 0.389042 ms CreateObjectMapping: 0.120666 ms MarkObjects: 108.735125 ms  DeleteObjects: 0.051417 ms)

Opening scene 'Assets/Scenes/MainMenu.unity'
Unloading 11 Unused Serialized files (Serialized files now loaded: 0)
Loaded scene 'Assets/Scenes/MainMenu.unity'
	Deserialize:            2.145 ms
	Integration:            50.910 ms
	Integration of assets:  0.086 ms
	Thread Wait Time:       0.006 ms
	Total Operation Time:   53.148 ms
Unloading 66 unused Assets / (0.7 MB). Loaded Objects now: 10686.
Memory consumption went from 475.1 MB to 474.5 MB.
Total: 102.030167 ms (FindLiveObjects: 0.360166 ms CreateObjectMapping: 0.061958 ms MarkObjects: 101.350250 ms  DeleteObjects: 0.115417 ms)

Opening scene 'Assets/Scenes/Game.unity'
Unloading 4 Unused Serialized files (Serialized files now loaded: 0)
Loaded scene 'Assets/Scenes/Game.unity'
	Deserialize:            9.213 ms
	Integration:            76.155 ms
	Integration of assets:  0.009 ms
	Thread Wait Time:       0.003 ms
	Total Operation Time:   85.380 ms
Unloading 10 unused Assets / (98.0 KB). Loaded Objects now: 11167.
Memory consumption went from 476.5 MB to 476.4 MB.
Total: 101.335584 ms (FindLiveObjects: 0.363666 ms CreateObjectMapping: 0.104542 ms MarkObjects: 100.693041 ms  DeleteObjects: 0.034667 ms)

Opening scene 'Assets/Scenes/ModifyQuestions.unity'
Unloading 15 Unused Serialized files (Serialized files now loaded: 0)
Loaded scene 'Assets/Scenes/ModifyQuestions.unity'
	Deserialize:            2.974 ms
	Integration:            53.449 ms
	Integration of assets:  0.001 ms
	Thread Wait Time:       0.005 ms
	Total Operation Time:   56.430 ms
Unloading 8 unused Assets / (95.1 KB). Loaded Objects now: 11169.
Memory consumption went from 475.8 MB to 475.7 MB.
Total: 99.520792 ms (FindLiveObjects: 0.367709 ms CreateObjectMapping: 0.105458 ms MarkObjects: 98.869875 ms  DeleteObjects: 0.030083 ms)

Thread 0x45b8cb000 may have been prematurely finalized
SpriteAtlasPacking completed in 0.003346 sec
Entering Playmode with Reload Domain disabled.
If you experience any issues, please disable "Enter Play Mode Options" in Editor Settings
Loaded scene 'Temp/__Backupscenes/0.backup'
	Deserialize:            36.342 ms
	Integration:            91.361 ms
	Integration of assets:  0.033 ms
	Thread Wait Time:       -0.001 ms
	Total Operation Time:   127.735 ms
Thread 0x47c7b3000 may have been prematurely finalized
Unloading 16 Unused Serialized files (Serialized files now loaded: 0)
Loaded scene 'Temp/__Backupscenes/0.backup'
	Deserialize:            1.780 ms
	Integration:            62.132 ms
	Integration of assets:  0.001 ms
	Thread Wait Time:       0.006 ms
	Total Operation Time:   63.919 ms
Unloading 15 unused Assets / (0.7 MB). Loaded Objects now: 11025.
Memory consumption went from 457.1 MB to 456.4 MB.
Total: 96.556375 ms (FindLiveObjects: 0.414917 ms CreateObjectMapping: 0.102166 ms MarkObjects: 95.848334 ms  DeleteObjects: 0.046333 ms)

[Licensing::Client] Successfully resolved entitlement details
Thread 0x45b8cb000 may have been prematurely finalized
SpriteAtlasPacking completed in 0.002400 sec
Entering Playmode with Reload Domain disabled.
If you experience any issues, please disable "Enter Play Mode Options" in Editor Settings
Loaded scene 'Temp/__Backupscenes/0.backup'
	Deserialize:            1.883 ms
	Integration:            55.948 ms
	Integration of assets:  0.025 ms
	Thread Wait Time:       0.004 ms
	Total Operation Time:   57.860 ms
Thread 0x47b09b000 may have been prematurely finalized
Unloading 17 Unused Serialized files (Serialized files now loaded: 0)
Loaded scene 'Temp/__Backupscenes/0.backup'
	Deserialize:            2.190 ms
	Integration:            59.905 ms
	Integration of assets:  0.001 ms
	Thread Wait Time:       0.006 ms
	Total Operation Time:   62.102 ms
Unloading 11 unused Assets / (0.7 MB). Loaded Objects now: 11030.
Memory consumption went from 457.3 MB to 456.6 MB.
Total: 108.483750 ms (FindLiveObjects: 0.386083 ms CreateObjectMapping: 0.105917 ms MarkObjects: 107.789833 ms  DeleteObjects: 0.043000 ms)

Thread 0x45b8cb000 may have been prematurely finalized
SpriteAtlasPacking completed in 0.002531 sec
Entering Playmode with Reload Domain disabled.
If you experience any issues, please disable "Enter Play Mode Options" in Editor Settings
Loaded scene 'Temp/__Backupscenes/0.backup'
	Deserialize:            1.731 ms
	Integration:            56.949 ms
	Integration of assets:  0.026 ms
	Thread Wait Time:       0.005 ms
	Total Operation Time:   58.711 ms
Thread 0x47c7b3000 may have been prematurely finalized
Unloading 17 Unused Serialized files (Serialized files now loaded: 0)
Loaded scene 'Temp/__Backupscenes/0.backup'
	Deserialize:            2.016 ms
	Integration:            59.290 ms
	Integration of assets:  0.001 ms
	Thread Wait Time:       0.007 ms
	Total Operation Time:   61.314 ms
Unloading 11 unused Assets / (0.7 MB). Loaded Objects now: 11035.
Memory consumption went from 458.0 MB to 457.3 MB.
Total: 110.538875 ms (FindLiveObjects: 0.380875 ms CreateObjectMapping: 0.112583 ms MarkObjects: 109.859917 ms  DeleteObjects: 0.040542 ms)

Thread 0x45b8cb000 may have been prematurely finalized
SpriteAtlasPacking completed in 0.002427 sec
Entering Playmode with Reload Domain disabled.
If you experience any issues, please disable "Enter Play Mode Options" in Editor Settings
Loaded scene 'Temp/__Backupscenes/0.backup'
	Deserialize:            1.730 ms
	Integration:            62.127 ms
	Integration of assets:  0.025 ms
	Thread Wait Time:       0.004 ms
	Total Operation Time:   63.885 ms
Thread 0x47c7b3000 may have been prematurely finalized
Unloading 17 Unused Serialized files (Serialized files now loaded: 0)
Loaded scene 'Temp/__Backupscenes/0.backup'
	Deserialize:            1.874 ms
	Integration:            60.642 ms
	Integration of assets:  0.001 ms
	Thread Wait Time:       0.007 ms
	Total Operation Time:   62.523 ms
Unloading 11 unused Assets / (0.7 MB). Loaded Objects now: 11040.
Memory consumption went from 457.9 MB to 457.2 MB.
Total: 114.241083 ms (FindLiveObjects: 0.383833 ms CreateObjectMapping: 0.105292 ms MarkObjects: 113.560000 ms  DeleteObjects: 0.040084 ms)

Thread 0x45b8cb000 may have been prematurely finalized
SpriteAtlasPacking completed in 0.002394 sec
Entering Playmode with Reload Domain disabled.
If you experience any issues, please disable "Enter Play Mode Options" in Editor Settings
Loaded scene 'Temp/__Backupscenes/0.backup'
	Deserialize:            1.695 ms
	Integration:            60.320 ms
	Integration of assets:  0.024 ms
	Thread Wait Time:       0.004 ms
	Total Operation Time:   62.042 ms
Thread 0x47d293000 may have been prematurely finalized
Unloading 17 Unused Serialized files (Serialized files now loaded: 0)
Loaded scene 'Temp/__Backupscenes/0.backup'
	Deserialize:            1.976 ms
	Integration:            62.239 ms
	Integration of assets:  0.001 ms
	Thread Wait Time:       0.007 ms
	Total Operation Time:   64.223 ms
Unloading 11 unused Assets / (0.7 MB). Loaded Objects now: 11045.
Memory consumption went from 458.6 MB to 458.0 MB.
Total: 115.312083 ms (FindLiveObjects: 0.427084 ms CreateObjectMapping: 0.111791 ms MarkObjects: 114.569375 ms  DeleteObjects: 0.043625 ms)

Thread 0x45c47b000 may have been prematurely finalized
SpriteAtlasPacking completed in 0.002517 sec
Entering Playmode with Reload Domain disabled.
If you experience any issues, please disable "Enter Play Mode Options" in Editor Settings
Loaded scene 'Temp/__Backupscenes/0.backup'
	Deserialize:            1.718 ms
	Integration:            59.979 ms
	Integration of assets:  0.024 ms
	Thread Wait Time:       0.006 ms
	Total Operation Time:   61.727 ms
Thread 0x47d293000 may have been prematurely finalized
Unloading 17 Unused Serialized files (Serialized files now loaded: 0)
Loaded scene 'Temp/__Backupscenes/0.backup'
	Deserialize:            1.864 ms
	Integration:            60.900 ms
	Integration of assets:  0.001 ms
	Thread Wait Time:       0.007 ms
	Total Operation Time:   62.772 ms
Unloading 11 unused Assets / (0.7 MB). Loaded Objects now: 11050.
Memory consumption went from 459.0 MB to 458.3 MB.
Total: 117.557875 ms (FindLiveObjects: 0.398917 ms CreateObjectMapping: 0.104792 ms MarkObjects: 116.858541 ms  DeleteObjects: 0.043500 ms)

Project ID request failed, Reason: The requested URL returned error: 401 (401).
Unknown Unity Connect error (400). Please contact support at support@unity.com while processing request "https://services.unity.com/api/unity/legacy/v1/projects/b1e31746-d8d5-4dd1-b346-428c91bb6578", HTTP error code 401
.[Licensing::Client] Successfully resolved entitlement details
[Licensing::Client] Successfully resolved entitlement details
[Licensing::Client] Successfully updated the access token
[Licensing::Module] Successfully updated access token: "-fHdLPxL"... (expires: 2026-09-14T13:16:43Z)
Project ID request failed, Reason: The requested URL returned error: 401 (401).
Unknown Unity Connect error (400). Please contact support at support@unity.com while processing request "https://services.unity.com/api/unity/legacy/v1/projects/b1e31746-d8d5-4dd1-b346-428c91bb6578", HTTP error code 401
.[Licensing::Client] Successfully resolved entitlement details
[Licensing::Client] Successfully resolved entitlement details
UPID Received 'b1e31746-d8d5-4dd1-b346-428c91bb6578'.
Asset Pipeline Refresh (id=2b6065b3dedf249a2997234c99614a80): Total: 0.274 seconds - Initiated by RefreshV2(AllowForceSynchronousImport)
Curl error 6: Could not resolve: engine-data.unity3d.com:443
Asset Pipeline Refresh (id=de928a835147642daa5b14855b368a23): Total: 0.136 seconds - Initiated by RefreshV2(AllowForceSynchronousImport)
Thread 0x45c47b000 may have been prematurely finalized
SpriteAtlasPacking completed in 0.003253 sec
Entering Playmode with Reload Domain disabled.
If you experience any issues, please disable "Enter Play Mode Options" in Editor Settings
Loaded scene 'Temp/__Backupscenes/0.backup'
	Deserialize:            35.358 ms
	Integration:            118.391 ms
	Integration of assets:  0.034 ms
	Thread Wait Time:       -0.003 ms
	Total Operation Time:   153.780 ms
Thread 0x4939cb000 may have been prematurely finalized
Unloading 14 Unused Serialized files (Serialized files now loaded: 0)
Loaded scene 'Temp/__Backupscenes/0.backup'
	Deserialize:            2.214 ms
	Integration:            70.744 ms
	Integration of assets:  0.002 ms
	Thread Wait Time:       0.005 ms
	Total Operation Time:   72.965 ms
Unloading 11 unused Assets / (0.7 MB). Loaded Objects now: 11054.
Memory consumption went from 458.7 MB to 458.0 MB.
Total: 112.862375 ms (FindLiveObjects: 0.388417 ms CreateObjectMapping: 0.105250 ms MarkObjects: 112.169791 ms  DeleteObjects: 0.046000 ms)

[Licensing::Client] Successfully resolved entitlement details
[Licensing::Client] Successfully resolved entitlement details
Curl error 6: Could not resolve: cdp.cloud.unity3d.com:443
Curl error 6: Could not resolve host: cdp.cloud.unity3d.com
Curl error 6: Could not resolve host: cdp.cloud.unity3d.com
Asset Pipeline Refresh (id=a3d4f4fe00b4340c88c68006bcff5cdd): Total: 0.204 seconds - Initiated by RefreshV2(AllowForceSynchronousImport)
[Licensing::Client] Successfully resolved entitlement details
Curl error 6: Could not resolve: cdp.cloud.unity3d.com:443
Curl error 6: Could not resolve host: cdp.cloud.unity3d.com
[Licensing::Client] Successfully resolved entitlement details
Curl error 6: Could not resolve host: cdp.cloud.unity3d.com
Curl error 6: Could not resolve: cdp.cloud.unity3d.com:443
[Licensing::Client] Successfully resolved entitlement details
Project ID request failed, Reason: The requested URL returned error: 401 (401).
Unknown Unity Connect error (400). Please contact support at support@unity.com while processing request "https://services.unity.com/api/unity/legacy/v1/projects/b1e31746-d8d5-4dd1-b346-428c91bb6578", HTTP error code 401
.[Licensing::Client] Successfully updated the access token
[Licensing::Module] Successfully updated access token: "Zu6TJnqp"... (expires: 2026-09-14T15:27:37Z)
UPID Received 'b1e31746-d8d5-4dd1-b346-428c91bb6578'.
[Licensing::Client] Successfully resolved entitlement details
[Licensing::Client] Successfully resolved entitlement details
Curl error 6: Could not resolve: cdp.cloud.unity3d.com:443
Curl error 6: Could not resolve host: cdp.cloud.unity3d.com
Curl error 6: Could not resolve host: cdp.cloud.unity3d.com
Curl error 6: Could not resolve: cdp.cloud.unity3d.com:443
Curl error 6: Could not resolve: cdp.cloud.unity3d.com:443
Curl error 6: Could not resolve: cdp.cloud.unity3d.com:443
[Licensing::Client] Successfully resolved entitlement details
Curl error 6: Could not resolve: cdp.cloud.unity3d.com:443
Curl error 6: Could not resolve: cdp.cloud.unity3d.com:443
Curl error 6: Could not resolve: cdp.cloud.unity3d.com:443
[Licensing::Client] Successfully resolved entitlement details
[Licensing::Client] Successfully resolved entitlement details
[Licensing::Client] Successfully updated the access token
[Licensing::Module] Successfully updated access token: "A73hUr9C"... (expires: 2026-09-14T17:31:16Z)
[Licensing::Client] Successfully resolved entitlement details
[Licensing::Client] Successfully resolved entitlement details
[Licensing::Client] Successfully resolved entitlement details
Curl error 35: Recv failure: Connection reset by peer
[Licensing::Client] Successfully resolved entitlement details
[Licensing::Client] Successfully resolved entitlement details
[Licensing::Client] Successfully updated the access token
[Licensing::Module] Successfully updated access token: "hEm_wSE6"... (expires: 2026-09-14T19:56:31Z)
[Licensing::Client] Successfully resolved entitlement details
[Licensing::Client] Successfully resolved entitlement details
Scanning for USB devices : 0.228ms
Asset Pipeline Refresh (id=0a23c05d8997f40ad827eeacf7d61877): Total: 0.160 seconds - Initiated by RefreshV2(AllowForceSynchronousImport)
Asset Pipeline Refresh (id=550fe651fe8964b848713d5333b37b60): Total: 0.095 seconds - Initiated by RefreshV2(AllowForceSynchronousImport)
Importing 'GUID: 00000000000000009000000000000000 - Path: ProjectSettings/QualitySettings.asset' with importer (LibraryAssetImporter)
Imported 'GUID: 00000000000000009000000000000000' -> (Import Result ID: '403c6c1a416723476486c6c76ad86f7f') in 0.002 seconds [static dependencies only]. Details - ImportResultOutputID=43b4ee972f78e910f47a00fe3c96f65c DependenciesID=1aedbe56ae62f321fe459982db2fa012 StaticDependenciesID=e9a43e809c5953780a851aff477bfce8 
Asset Pipeline Refresh (id=1af912b3b1da74c668d7281653e63c76): Total: 0.028 seconds - Initiated by StopAssetImportingV2(NoUpdateAssetOptions)
Importing 'GUID: 49c55b21c261f42b78e7ec6c81bcce72 - Path: Assets/Scenes/ModifyQuestions.unity' with importer (DefaultImporter)
Imported 'GUID: 49c55b21c261f42b78e7ec6c81bcce72' -> (Import Result ID: '9aad3eef330f9c68491f3b4ee8ad9c68') in 0.001 seconds [static dependencies only]. Details - ImportResultOutputID=22532ac4af063beeb7edb973d2452d8f DependenciesID=0e8392c64ff5c1c80b6dc7214b42c861 StaticDependenciesID=0f5bfa675d670babe42265092beea39e 
Asset Pipeline Refresh (id=95fb8f5b5344143349043429c57a8fd1): Total: 0.030 seconds - Initiated by StopAssetImportingV2(NoUpdateAssetOptions)
MonoPathRemapper: Attempts to remap: 478086; Successful remaps: 118370
Thread 0x42ae9b000 may have been prematurely finalized
Thread 0x4562d3000 may have been prematurely finalized
Serialized file version minimum: 0, current 23
[LAYOUT] About to save layout /Users/isaac/UnityProjects/GameShowNight/UserSettings/Layouts/default-6000.dwlt
[LAYOUT] About to save layout /Users/isaac/Library/Preferences/Unity/Editor-5.x/Layouts/current/default-6000.dwlt
Clearing [LiberationSans SDF - Fallback] dynamic font asset data.
UnityEngine.Debug:ExtractStackTraceNoAlloc (byte*,int,string)
UnityEngine.StackTraceUtility:ExtractStackTrace () (at /Users/bokken/build/output/unity/unity/Runtime/Export/Scripting/StackTrace.cs:23)
UnityEngine.DebugLogHandler:Internal_Log (UnityEngine.LogType,UnityEngine.LogOption,string,UnityEngine.Object)
UnityEngine.DebugLogHandler:LogFormat (UnityEngine.LogType,UnityEngine.Object,string,object[])
UnityEngine.Logger:Log (UnityEngine.LogType,object)
UnityEngine.Debug:Log (object)
TMPro.EditorEventCallbacks/<>c:<InitializeFontAssetResourceChangeCallBacks>b__0_0 () (at ./Library/PackageCache/com.unity.ugui@7bdf7d4d8aaf/Editor/TMP/TMP_EditorResourceManager.cs:36)
UnityEditor.EditorApplication:Internal_EditorApplicationQuit () (at /Users/bokken/build/output/unity/unity/Editor/Mono/EditorApplication.cs:131)

(Filename: ./Library/PackageCache/com.unity.ugui@7bdf7d4d8aaf/Editor/TMP/TMP_EditorResourceManager.cs Line: 36)

Thread 0x45b8cb000 may have been prematurely finalized
Importing 'GUID: 2e498d1c8094910479dc3e1b768306a4 - Path: Assets/TextMesh Pro/Resources/Fonts & Materials/LiberationSans SDF - Fallback.asset' with importer (NativeFormatImporter)
Imported 'GUID: 2e498d1c8094910479dc3e1b768306a4' -> (Import Result ID: '0e28e405c698b9cafd4661d77ea7120e') in 0.002 seconds [static dependencies only]. Details - ImportResultOutputID=35c56ade0d07983cc0af010f13541481 DependenciesID=b51247832170f42bc5bff49ff18df2bd StaticDependenciesID=26667b51a74150d774c1a1ebdb1a560d 
Asset Pipeline Refresh (id=6fdcf1042db364330a1813adf4af51d7): Total: 0.026 seconds - Initiated by StopAssetImportingV2(NoUpdateAssetOptions)
Shutting down MSBuild server...
Shutting down VB/C# compiler server...
VB/C# compiler server shut down successfully.
Input System module state changed to: ShutdownInProgress.
Input Polling Thread exited.
Input System module state changed to: Shutdown.
Thread 0x1768d3000 may have been prematurely finalized
Thread 0x176b03000 may have been prematurely finalized
Thread 0x176ca7000 may have been prematurely finalized
Thread 0x17695f000 may have been prematurely finalized
Thread 0x176c1b000 may have been prematurely finalized
Thread 0x176a77000 may have been prematurely finalized
Thread 0x176b8f000 may have been prematurely finalized
Thread 0x176d33000 may have been prematurely finalized
Thread 0x1769eb000 may have been prematurely finalized
[Physics::Module] Cleanup current backend.
[Physics::Module] Id: 0xf2b8ea05
[Licensing::IpcConnector] LicenseClient-isaac-6000.7.0-notifications channel disconnected successfully.
[Licensing::IpcConnector] LicenseClient-isaac-6000.7.0 channel disconnected successfully.
MSBuild server shut down successfully.
Shut down UDS service system complete
Thread 0x17e387000 may have been prematurely finalized
Lingering sessions upon destruction of worker manager
Unity Data Store service was successfully shut down
UDS shutting down local client system
AcceleratorClientConnectionCallback - disconnected - :0
Cleanup mono
CodeReloadManager destroyed
debugger-agent: Unable to listen on 97
Checking for leaked weakptr:
  Found no leaked weakptrs.
[Package Manager] Server process was shutdown
##utp:{"type":"MemoryLeaks","version":2,"phase":"Immediate","time":1789413790754,"processId":60376,"allocatedMemory":27495517,"memoryLabels":[{"Default":339368},{"Permanent":15680},{"Thread":1050704},{"Manager":813815},{"VertexData":8},{"Geometry":408},{"Shader":104628},{"Material":212},{"TextureCache":3344},{"GfxDevice":451328},{"GfxThread":214400},{"Animation":968},{"Font":244966},{"FreeType":90634},{"FontEngine":736},{"Physics":2178},{"Physics2D":16},{"Serialization":80704},{"Input":43472},{"JobScheduler":448},{"TextLib":23859},{"Mono":56},{"MonoCode":17280},{"ScriptingNativeRuntime":155032},{"BaseObject":61568},{"Resource":1460},{"Renderer":2736},{"Transform":4693},{"File":93614},{"WebCam":32},{"Culling":32},{"Terrain":11346},{"Wind":24},{"String":8588766},{"StaticString":3808},{"Utility":2692032},{"PoolAlloc":2200},{"AI":80},{"TypeTree":5247169},{"ScriptManager":151296},{"CodeReload":448},{"RuntimeInitializeOnLoadManager":64},{"Sprites":102},{"SpriteAtlas":120},{"GI":7240},{"Director":8288},{"CloudService":7272},{"WebRequest":14957},{"VR":53250},{"SceneManager":616},{"Video":2112},{"LazyScriptCache":32},{"NativeArray":21528},{"Camera":1177},{"Secure":9865},{"SerializationCache":9704},{"APIUpdating":10320},{"Subsystems":336},{"VirtualTexturing":57504},{"StaticSafetyDebugInfo":278528},{"Baselib":16},{"Analytics":568},{"Hierarchy":1492},{"UIElements":40},{"CoreStats":15688},{"Identifiers":7728},{"EntityIdStore":8320},{"Gui":285125},{"EditorUtility":285797},{"VersionControl":8},{"Undo":939},{"AssetDatabase":5890046},{"AssetImporter":40},{"EditorGi":328},{"UnityConnect":43881},{"Upm":1788},{"UpmDiagnostics":8},{"AssetPackage":24},{"AssetCompliance":96},{"DrivenProperties":72},{"HubClient":848},{"LocalIPC":204},{"ProfilerEditor":9738},{"CoreBusinessMetrics":3205},{"Windowing":416},{"Licensing":960},{"AssetReference":32},{"IPCStream":7291}]}
